main_category|sub_category|channel|description
information|general news|VRT 1|HET 7 UUR-JOURNAAL
lifestyle|show business/variety/stars|VRT 1|CHATEAU PLANCKAERT
sport|all sports|VRT 1|SPORTWEEKEND
entertainment|dance|VTM|DANCING WITH THE STARS
fiction|police|VRT 1|FLIKKEN MAASTRICHT
information|general news|VTM|NIEUWS 19U VTM
information|general news|VRT 1|HET 1 UUR-JOURNAAL
information|current affair|VRT 1|DE NOODCENTRALE
information|current affair|VRT 1|DE ZEVENDE DAG
information|general news|VRT 1|HET JOURNAAL LAAT
information|general news|VTM|NIEUWS 13U VTM
sport|all sports|PLAY4|SPORTS LATE NIGHT
lifestyle|cooking/food/drink|VRT 1|DAGELIJKSE KOST
information|current affair|VTM|ALLOO BIJ DE VERKEERSPOLITIE
sport|cycling (road)|EUROSPORT 1 (NL)|CYCL. GIRO D'ITALIA
knowledge|human interest/society|VTM|HET ECHTE LEVEN IN DE ZOO
fiction|psychologic drama/melodrama|VRT CANVAS|APPLES NEVER FALL
sport|football|DAZN PRO LEAGUE 1 (NL)|VB. JUPILER PRO LEAGUE - R. UNION ST.-G. - KAA GENT
sport|cycling (road)|EUROSPORT 1 (NL)|KOP OVER KOP
entertainment|humour|PLAY4|GEUBELS EN DE BELGEN
fiction|popular drama/comedy|VRT 1|FC DE KAMPIOENEN
entertainment|talk|VRT 1|CHANTAL
lifestyle|show business/variety/stars|VRT 1|IEDEREEN BEROEMD
knowledge|humanities/history|VRT 1|DE JAREN 80 VOOR TIENERS
knowledge|economy/business|VRT 1|DE MARKT
knowledge|human interest/society|VTM|JONAS & JELLE, FROM ZERO TO HERO
fiction|adventure|VTM|CRUELLA
fiction|thriller|VRT CANVAS|OXEN
lifestyle|travel/tourism|VRT 1|DOWN THE ROAD
sport|cycling (road)|VRT 1|GIRO MAGAZINE
information|current affair|VRT 1|DE WEEK VAN BRUZZ
fiction|thriller|VTM3|MOMENTUM
fiction|popular soap|VRT 1|THUIS
entertainment|game|VRT 1|BLOKKEN
entertainment|game|VTM|I CAN SEE YOUR VOICE
fiction|popular soap|VTM|FAMILIE
entertainment|music|VRT 1|LA VIE EN ROSE
fiction|police|VRT CANVAS|RIDLEY
information|current affair|VRT CANVAS|DE AFSPRAAK
information|current affair|VRT CANVAS|TER ZAKE
knowledge|human interest/society|VRT 1|HAAT
knowledge|human interest/society|VTM|EEN ECHTE JOB, VROEDVROUW AN
lifestyle|show business/variety/stars|PLAY4|THE REAL HOUSEWIVES OF ANTWERP
lifestyle|home/decorating|VTM|HUIS GEMAAKT
entertainment|variety|VRT 1|WONDER BOVEN WONDER
information|current affair|VRT 1|112 HULP IS ONDERWEG
entertainment|game|PLAY4|KAMP JEROOM
entertainment|talk|VTM|BAR GOENS
entertainment|talk|PLAY4|DE TAFEL VAN GERT
information|current affair|VTM|TELEFACTS
fiction|popular drama/comedy|VTM|MILO
entertainment|game|VRT CANVAS|CAMPUS CUP
lifestyle|home/decorating|VRT 1|ONS HUIS, NIEUW HUIS
knowledge|economy/business|VTM|WAT VERDIENT VLAANDEREN?
entertainment|variety|PLAY4|VIVA LA FETA
fiction|police|VRT 1|RECHT OP RECHT
sport|football|PLAY6|VB. C3 UEFA FIN - TOTTENHAM/MANCHESTER UNITED
lifestyle|travel/tourism|VRT 1|MET DE WIND MEE
information|current affair|VRT 1|POLITIE 24/7
fiction|thriller|PLAY4|ASSISEN
fiction|psychologic drama/melodrama|VRT 1|GLORIA MUNDI
knowledge|human interest/society|VRT 1|ZELFDE DEUR, 20 JAAR LATER
lifestyle|home/decorating|PLAY4|BLIND GEKOCHT
knowledge|human interest/society|VTM|ZE ZEGGEN DAT
sport|football|VRT CANVAS|EXTRA TIME
entertainment|game|PLAY4|DE MOL
knowledge|human interest/society|VTM2|JONAS & JELLE, FROM ZERO TO HERO
entertainment|humour|VRT 1|DE IDEALE WERELD
entertainment|music|VRT 1|EUROVISIE SONGFESTIVAL
entertainment|music|VRT 1|EUROVISION HALLO BASEL
fiction|action|VTM|SKYSCRAPER
knowledge|human interest/society|VRT CANVAS|DE OVERLEVERS
knowledge|economy/business|VRT 1|ANDERMANS ZAKEN
entertainment|talk|VRT 1|DE CLUB
knowledge|human interest/society|VTM2|MARKTKRAMERS
entertainment|music|VTM|LIEFDE VOOR MUZIEK
knowledge|human interest/society|VRT 1|ONTROUW
knowledge|human interest/society|VTM2|EEN ECHTE JOB, VROEDVROUW AN
entertainment|music|VRT 1|RED SEBASTIAN, DE WEG NAAR EUROVISION
entertainment|talk|PLAY4|CAFE DE MOL
sport|cycling (road)|VTM|CYCL. GIRO D'ITALIA
information|current affair|VTM|HELDEN VAN HIER, DE MUG
sport|football|DAZN PRO LEAGUE 1 (NL)|VB. JUPILER PRO LEAGUE - KRC GENK - CLUB BRUGGE
fiction|police|VRT CANVAS|VERA
entertainment|humour|VRT 1|URBANUS, BIS! BIS! BIS!
fiction|action|VTM|MISSION IMPOSSIBLE
sport|volleyball|VRT 1|VOLLEY. BB. (S.)
knowledge|humanities/history|VRT CANVAS|TANKS EN TRACTOREN
fiction|action|VTM|9-1-1
fiction|police|VRT CANVAS|GRACE
information|special event|VRT 1|EXTRA JOURNAAL
information|special event|VTM|EXTRA NIEUWS
sport|football|VTM2|VB. C1 UEFA 1/2F - PARIS-ST-G./ARSENAL
sport|football|VTM2|VB. C1 UEFA 1/2F - INT.MILAAN/FC BARCELONA
knowledge|medecin/health|VRT CANVAS|THERAPIE
sport|football|VTM2|VB. BB. FIN - CL.BRUGGE/ANDERLECHT
sport|cycling (road)|VRT 1|WIELRENNEN. FAMENNE ARDENNE CLASSIC
sport|basketball|VRT 1|BASKET. BNXT LEAGUE (S.)
entertainment|humour|VRT 1|URBANUS VAN BINNEN
fiction|thriller|VTM|DEATH ON THE NILE
fiction|action|PLAY4|CASH TRUCK
fiction|thriller|VRT CANVAS|LONG BRIGHT RIVER
sport|cycling (road)|EUROSPORT 1 (NL)|CYCL. TOUR DE ROMANDIE
lifestyle|consumer advice|VTM|MARKTKRAMERS
lifestyle|travel/tourism|VRT 1|MIJN EERSTE REIS
entertainment|music|VRT 1|HET GROTE SONGFESTIVALFEEST
entertainment|game|VRT 1|IK HEB HET U LETTERLIJK JUIST GEZEGD
fiction|action|VTM2|JACK REACHER, NEVER GO BACK
information|current affair|VTM|MOORDZAKEN, WETSDOKTERS
sport|football|VTM2|VB. C1 UEFA 1/2F - FC.BARCELONA/INT. MILAAN
sport|football|VTM2|VB. C1 UEFA 1/2F - ARSENAL/PARIS-ST-G.
knowledge|nature/environment|VRT 1|WILDLIFE
fiction|action|VTM|KUNG FU, HELDEN
lifestyle|home/decorating|PLAY4|HUIZENJAGERS
sport|cycling (road)|VRT 1|WIELRENNEN. LUIK-BASTENAKEN-LUIK D.
sport|cycling (road)|VRT 1|WIELRENNEN. LUIK-BASTENAKEN-LUIK H.
sport|football|DAZN PRO LEAGUE 1 (NL)|VB. JUPILER PRO LEAGUE - R. UNION ST.-G. - CLUB BRUGGE
sport|cycling (road)|VRT CANVAS|WIELRENNEN. LUIK-BASTENAKEN-LUIK H.
entertainment|game|VTM|CODE VAN COPPENS
fiction|action|PLAY4|BLACK ADAM
fiction|action|VTM2|ATOMIC BLONDE
entertainment|talk|VRT 1|GELUKKIG GESCHEIDEN
information|current affair|VRT 1|PANO
sport|cycling (road)|VRT 1|WIELRENNEN. WAALSE PIJL H.
sport|cycling (road)|VRT 1|WIELRENNEN. WAALSE PIJL D.
knowledge|human interest/society|VRT CANVAS|MIJN JEUGDRECHTER
entertainment|talk|VRT CANVAS|DE IDEALE WERELD
knowledge|science/geography|VRT CANVAS|THE SPACE SHUTTLE THAT FELL TO EARTH
information|current affair|VTM|ONDERZOEKSRECHTERS
sport|cycling (road)|VRT 1|WIELRENNEN. AMSTEL GOLD RACE H.
sport|cycling (road)|VRT 1|WIELRENNEN. AMSTEL GOLD RACE D.
lifestyle|pets|VRT 1|DIERENDOKTERS 24/7
fiction|police|PLAY5|FBI, INTERNATIONAL
entertainment|love/dating|VRT 1|FIRST DATES
fiction|fantasy/fairy tale|VTM2|THOR, LOVE AND THUNDER
lifestyle|cooking/food/drink|VTM|S.O.S. PIET XL
entertainment|variety|VTM|MAKE UP YOUR MIND
sport|cycling (road)|VRT 1|WIELRENNEN. BRABANTSE PIJL
lifestyle|travel/tourism|VRT CANVAS|NORTH SHORE
lifestyle|travel/tourism|VRT 1|EEN JAAR OP ZEE
lifestyle|travel/tourism|VRT 1|VLAANDEREN VAKANTIELAND
fiction|adventure|VTM3|A DOG'S WAY HOME
fiction|popular drama/comedy|VRT 1|KNOKKE OFF
information|current affair|VTM2|HELDEN VAN HIER, POLITIE OOSTENDE
sport|football|VTM2|VB. C1 UEFA 1/4F - R.MADRID/ARSENAL
entertainment|cooking/food/drink|PLAY4|CELEBRITY MASTERCHEF
sport|cycling (road)|VRT 1|WIELRENNEN. RONDE VAN LIMBURG
knowledge|miscellaneous|VRT 1|FACTCHECKERS
sport|football|VTM2|VB. C1 UEFA 1/4F - ASTON VILLA/PARIS-ST-G.
lifestyle|miscellaneous|VTM|DE VUILSTE JOBS VAN VLAANDEREN
knowledge|philosophy/religion|VRT CANVAS|JEHOVA, VAN GOD LOS
sport|cycling (road)|VRT 1|WIELRENNEN. PARIJS-ROUBAIX H.
sport|football|DAZN PRO LEAGUE 1 (NL)|VB. JUPILER PRO LEAGUE - CLUB BRUGGE - KRC GENK
knowledge|human interest/society|VRT 1|DE INZICHTEN VAN...
sport|cycling (road)|VRT 1|WIELRENNEN. PARIJS-ROUBAIX D.
entertainment|game|VTM|LEGO MASTERS
fiction|action|VTM2|BULLET TRAIN
knowledge|human interest/society|VRT CANVAS|OPGESLOTEN IN MEXICO
entertainment|love/dating|VRT 1|ADAM & EVA
fiction|popular drama/comedy|VRT 1|TYTGAT CHOCOLAT
knowledge|photo/film/cinema|VRT CANVAS|ROBERT DE NIRO, HIDING IN THE SPOTLIGHT
fiction|police|VRT 1|DE RIDDER
sport|cycling (road)|VRT 1|WIELRENNEN. SCHELDEPRIJS
sport|football|VTM2|VB. C1 UEFA 1/4F - FC.BARCELONA/DORTMUND
sport|football|VTM2|VB. C1 UEFA 1/4F - ARSENAL/R.MADRID
sport|cycling (road)|VRT 1|WIELRENNEN. RONDE VAN VLAANDEREN H.
sport|cycling (road)|VRT 1|WIELRENNEN. RONDE VAN VLAANDEREN D.
sport|formula 1|VRT 1|F1. WK. GP. JAPAN (S.)
sport|cycling (road)|VRT CANVAS|WIELRENNEN. RONDE VAN VLAANDEREN H.
fiction|thriller|VRT CANVAS|THE DAY OF THE JACKAL
sport|football|DAZN PRO LEAGUE 1 (NL)|VB. JUPILER PRO LEAGUE - RSC ANDERLECHT - KRC GENK
entertainment|game|VTM|WELKOM AAN BOORD
entertainment|variety|VRT 1|DE DROOMFABRIEK
entertainment|humour|VRT 1|LOSLOPEND WILD
entertainment|humour|VRT 1|MAN BIJT HOND
fiction|thriller|VRT CANVAS|STHLM REQUIEM
fiction|popular drama/comedy|VRT 1|#LIKEME
entertainment|reality|PLAY4|BIG BROTHER
information|current affair|VTM2|MR FRANK VISSER DOET UITSPRAAK
sport|cycling (road)|VRT 1|VIVE LE VELO, LEVE DE RONDE
sport|cycling (road)|VRT 1|WIELRENNEN. DWARS DOOR VLAANDEREN
fiction|popular drama/comedy|KETNET|#LIKEME
knowledge|human interest/society|VRT CANVAS|STEVE STEVAERT, DE SCHADUW VAN DE MACHT
fiction|thriller|PLAY4|DOOD SPOOR
lifestyle|show business/variety/stars|PLAY4|HET TESTAMENT VAN WILLY NAESSENS
sport|cycling (road)|VRT 1|WIELRENNEN. GENT-WEVELGEM H.
sport|cycling (road)|VRT 1|WIELRENNEN. GENT-WEVELGEM D.
entertainment|humour|VRT 1|OGEN DICHT EN FLUITEN
fiction|police|PLAY5|NAVY NCIS
sport|cycling (road)|VTM|WIELRENNEN. E3 SAXO BANK CLASSIC
fiction|psychologic drama/melodrama|VTM|THE GOOD DOCTOR
fiction|thriller|VRT CANVAS|WHITE OUT
information|current affair|VRT 1|DE DAG VAN VANDAAG
entertainment|talk|PLAY4|ZONDER STERREN
sport|cycling (road)|VRT 1|WIELRENNEN. CLASSIC BRUGGE-DE PANNE H.
sport|football|VTM|VB. NATIONS LEAGUE UEFA - BELGIE/OEKRAINE
entertainment|humour|VRT 1|TABOE
fiction|action|VTM2|PEARL HARBOR
sport|cycling (road)|VTM|WIELRENNEN. MILAAN-SAN REMO
entertainment|reality|VTM|EXPEDITIE GOORIS
fiction|action|VTM2|BAD BOYS FOR LIFE
sport|cycling (road)|VRT 1|WIELRENNEN. BREDENE KOKSIJDE CLASSIC
sport|football|VTM|VB. NATIONS LEAGUE UEFA - OEKRAINE/BELGIE
knowledge|humanities/history|VRT CANVAS|BELGEN IN OORLOG KOREA
lifestyle|show business/variety/stars|VTM|CAMPING COPPENS, HOME SWEDEN HOME
sport|cycling (road)|VRT 1|WIELRENNEN. NOKERE KOERSE H.
entertainment|music|VRT 1|ROB DE NIJS, VOOR HET LAATST
sport|cycling (road)|VRT 1|WIELRENNEN. PARIJS-NICE - RIT 8 NICE>NICE
sport|formula 1|VRT 1|F1. WK. GP. AUSTRALIA (S.)
sport|handball|VRT 1|HANDBALL. EK. KWALIF H. - BELGIE/LUXEMBURG
fiction|police|PLAY5|FBI, MOST WANTED
sport|cycling (road)|VRT 1|WIELRENNEN. PARIJS-NICE - RIT 7 NICE>AURON
fiction|thriller|VRT CANVAS|PROTECTION
fiction|science fiction|VTM2|MOONFALL
entertainment|music|VTM|LIFT YOU UP
sport|cycling (road)|VRT 1|WIELRENNEN. PARIJS-NICE - RIT 6 SAINT-JULIEN-EN-SAINT-ALBAN>BERRE
lifestyle|show business/variety/stars|PLAY4|CHATEAU MEILAND EN ROUTE
lifestyle|travel/tourism|VTM2|EXPEDITIE GOORIS
sport|cycling (road)|VRT 1|WIELRENNEN. PARIJS-NICE - RIT 5 SAINT-JUST-EN-CHEVALET>COTE-SAINT-
entertainment|talk|VRT 1|IK VRAAG HET AAN
sport|football|VTM2|VB. C1 UEFA 1/8F - ASTON VILLA/CL.BRUGGE
sport|cycling (road)|VRT 1|WIELRENNEN. PARIJS-NICE - RIT 4 VICHY>LA LOGE DES GARDES
information|current affair|VRT CANVAS|THE ZELENSKY STORY
fiction|thriller|VRT 1|LOCKDOWN
sport|football|VTM2|VB. C1 UEFA 1/8F - LIVERPOOL/PARIS-ST-G.
sport|cycling (road)|VRT 1|WIELRENNEN. PARIJS-NICE - RIT 2 MONTESSON>BELLEGARDE
lifestyle|show business/variety/stars|VTM|LIFE HAPPENS
fiction|science fiction|VRT 1|ARCADIA
sport|cycling (road)|VRT 1|WIELRENNEN. PARIJS-NICE - RIT 1 LE PERRAY-EN-YVELINES>LE PERRAY-EN
sport|cycling (road)|VRT 1|WIELRENNEN. GP. JEAN-PIERRE MONSERE
sport|other sports|VTM2|LECOT BELGIAN DARTS OPEN-RONDE
information|current affair|PLAY4|HET PARKET
sport|cycling (road)|VRT 1|WIELRENNEN. STRADE BIANCHE
sport|cycling (road)|VRT CANVAS|WIELRENNEN. STRADE BIANCHE
fiction|popular soap|VRT 1|ZIE MIJ GRAAG
fiction|thriller|VTM3|UNHINGED
knowledge|medecin/health|VRT 1|LICHTPUNTJES TEGEN KANKER
lifestyle|home/decorating|VRT 1|THE REPAIR SHOP
fiction|police|VRT CANVAS|LINE OF DUTY
entertainment|game|VRT CANVAS|DE KROKUSQUIZ
sport|football|VTM2|VB. C1 UEFA 1/8F - PARIS-ST-G./LIVERPOOL
sport|football|VTM2|VB. C1 UEFA SCHIFT - CL.BRUGGE/ASTON VILLA
sport|cycling (road)|VRT 1|WIELRENNEN. GP. SAMYN H.
sport|cycling (road)|VRT 1|WIELRENNEN. GP. SAMYN D.
knowledge|nature/environment|VRT 1|HET HOGE NOORDEN
entertainment|game|PLAY4|DE EXPEDITIE, NAMIBIE
entertainment|game|VTM|BESTEMMING X
information|current affair|VTM|VREDERECHTERS
sport|cycling (road)|VRT 1|WIELRENNEN. KUURNE-BRUSSEL-KUURNE
sport|volleyball|VRT 1|VOLLEY. BB. FIN. H. - MENEN/ROESELARE
sport|volleyball|VRT 1|VOLLEY. BB. FIN. D. - BEVEREN/GENT
sport|cycling (road)|VRT 1|WIELRENNEN. OMLOOP HET NIEUWSBLAD H.
sport|cycling (road)|VRT 1|WIELRENNEN. OMLOOP HET NIEUWSBLAD D.
knowledge|humanities/history|VRT CANVAS|VAN GENT TOT DAMASCUS
knowledge|humanities/history|VRT CANVAS|LUDWIG
knowledge|human interest/society|VRT CANVAS|VOORBIJ DE SCHAAMTE
lifestyle|show business/variety/stars|VTM|EEN ECHTE JOB
entertainment|travel/tourism|VRT 1|DE RUGZAK
sport|cycling (cross)|VRT 1|VELDRIJDEN. OOSTMALLE H.
sport|cycling (cross)|VRT 1|VELDRIJDEN. OOSTMALLE D.
knowledge|humanities/history|VRT CANVAS|THE TATTOOIST OF AUSCHWITZ
fiction|thriller|VRT CANVAS|THOSE WHO KILL
fiction|action|VTM2|THE KING'S MAN
entertainment|game|VRT 1|DE HELDEN VAN ARNOUT
entertainment|game|VTM|BOER ZKT VROUW
sport|football|VRT CANVAS|VB. C3 UEFA SCHIFT - AJAX/UNION ST-GILLOISE
lifestyle|travel/tourism|VTM|SERGIO OVER DE GRENS
sport|football|VTM2|VB. C1 UEFA SCHIFT - R.MADRID/MANCHESTER C.
sport|football|VTM2|VB. C1 UEFA SCHIFT - ATALANTA/CL.BRUGGE
entertainment|music|PLAY4|JAMES, DE MUSICAL
sport|cycling (cross)|VRT 1|VELDRIJDEN. BRUSSEL H.
sport|cycling (cross)|VRT 1|VELDRIJDEN. BRUSSEL D.
sport|cycling (track/piste)|VRT 1|BAANWIELRENNEN. EK. HEUSDEN-ZOLDER H.
lifestyle|show business/variety/stars|VTM2|BIJ ONS OP DE WALLEN
sport|cycling (cross)|VRT 1|VELDRIJDEN. SINT-NIKLAAS H.
sport|cycling (cross)|VRT 1|VELDRIJDEN. SINT-NIKLAAS D.
entertainment|humour|PLAY4|SCHEIRE EN DE SCHEPPING
entertainment|talk|PLAY4|JAMES & CO
sport|football|VTM2|VB. C1 UEFA SCHIFT - CL.BRUGGE/ATALANTA
entertainment|talk|VRT 1|KUNNEN WE OVEREENKOMEN?
sport|football|VTM2|VB. C1 UEFA SCHIFT - MANCHESTER C./R.MADRID
sport|cycling (cross)|VRT 1|VELDRIJDEN. LILLE H.
sport|cycling (cross)|VRT 1|VELDRIJDEN. LILLE D.
entertainment|variety|VRT 1|KASTAARS!
entertainment|variety|VTM|KASTAARS!
sport|cycling (cross)|VRT 1|VELDRIJDEN. MIDDELKERKE (S.)
fiction|thriller|VTM2|THE MENU
sport|football|VTM2|VB. BB. 1/2F - ANTWERP/ANDERLECHT
fiction|police|VRT 1|PROFESSOR T.
sport|football|VRT CANVAS|VB. BB. 1/2F - GENK/CL.BRUGGE
entertainment|variety|VTM|DE GOUDEN SCHOEN
knowledge|humanities/history|VRT CANVAS|MOBUTU'S GAME
sport|cycling (cross)|VRT 1|VELDRIJDEN. WK. LIEVIN H. - ELITE
sport|cycling (cross)|VRT 1|VELDRIJDEN. WK. LIEVIN D. - BELOFTEN
fiction|police|PLAY5|FBI
sport|tennis|VRT 1|TENNIS. DAVIS CUP - BELGIE/CHILI
sport|cycling (cross)|VRT CANVAS|VELDRIJDEN. WK. LIEVIN H. - JUNIOREN
information|current affair|PLAY4|DE RECHTBANK
entertainment|music|VRT 1|EUROSONG
sport|cycling (cross)|VRT 1|VELDRIJDEN. WK. LIEVIN D. - ELITE
entertainment|game|VRT 1|WINWIN
entertainment|variety|VTM|DE 25
sport|cycling (cross)|VRT 1|VELDRIJDEN. WK. LIEVIN H. - BELOFTEN
fiction|action|VTM|THE HITMAN'S BODYGUARD
sport|cycling (cross)|VRT CANVAS|VELDRIJDEN. WK. LIEVIN H. - BELOFTEN
entertainment|music|VRT 1|MUSIC INDUSTRY AWARDS
sport|football|VTM2|VB. C1 UEFA SCHIFT - MANCHESTER C./CL.BRUGGE
sport|football|PLAY4|FC DE VOORZITTERS
knowledge|humanities/history|VRT CANVAS|AUSCHWITZ UNTOLD, IN COLOUR
knowledge|human interest/society|VRT 1|DE COLUMBUS
sport|cycling (cross)|VRT 1|DNA NYS
lifestyle|gardening|VTM|GOED GEPLANT
sport|cycling (cross)|VRT 1|VELDRIJDEN. WB. HOOGERHEIDE (S.)
sport|cycling (cross)|VRT 1|VELDRIJDEN. MAASMECHELEN H.
sport|cycling (cross)|VRT 1|VELDRIJDEN. MAASMECHELEN D.
fiction|fantasy/fairy tale|VTM|GHOSTBUSTERS
fiction|thriller|VRT CANVAS|NIGHTSLEEPER
fiction|psychologic drama/melodrama|VRT 1|SOEUR SOURIRE
entertainment|variety|KETNET|HET GALA VAN DE GOUDEN K'S
entertainment|variety|VTM|DNA, DE ZAALSHOW
sport|football|VTM2|VB. C1 UEFA SCHIFT - PARIS-ST-G./MANCHESTER C.
sport|football|VTM2|VB. C1 UEFA SCHIFT - CL.BRUGGE/JUVENTUS
sport|cycling (cross)|VRT 1|VELDRIJDEN. BENIDORM (S.)
fiction|popular drama/comedy|VRT 1|DE WITTE VAN SICHEM
information|special event|VTM2|SCHIPOL AIRPORT
fiction|popular drama/comedy|VTM|TICKET TO PARADISE
fiction|adventure|VRT 1|OUT OF AFRICA
fiction|police|VRT CANVAS|MCDONALD & DODDS
entertainment|music|VTM|CLOUSEAU 40
fiction|action|VTM2|THE EQUALIZER
sport|football|VRT CANVAS|VB. BB. 1/2F - ANDERLECHT/ANTWERPEN
entertainment|variety|VTM|LIEVEN SCHEIRE, AI
sport|football|VTM2|VB. BB. 1/2F - CL.BRUGGE/GENK
sport|cycling (cross)|VRT 1|VELDRIJDEN. HEUSDEN-ZOLDER H.
entertainment|music|VRT 1|BART PEETERS DELUXE, DE VERJAARDAGSSPECIAL
sport|cycling (cross)|VRT 1|VELDRIJDEN. HEUSDEN-ZOLDER - BELOFTEN H.
sport|other sports|VRT 1|BILJART. BK. BLANKENBERGE
sport|all sports|VRT 1|SPORTGALA
fiction|psychologic drama/melodrama|VRT CANVAS|MARY & GEORGE
sport|football|DAZN PRO LEAGUE 1 (NL)|VB. JUPILER PRO LEAGUE - RSC ANDERLECHT - CLUB BRUGGE
sport|cycling (cross)|VRT 1|VELDRIJDEN. HEUSDEN-ZOLDER D.
sport|cycling (cross)|VRT 1|VELDRIJDEN. HEUSDEN-ZOLDER H. - JUNIOREN H.
fiction|popular drama/comedy|VRT 1|KOKO FLANEL
fiction|adventure|VTM|UNCHARTED
fiction|police|VRT CANVAS|LEWIS
knowledge|philosophy/religion|VRT CANVAS|LIBANON, PRIESTER PIERRE
fiction|action|VRT 1|NOW YOU SEE ME
fiction|thriller|VRT CANVAS|TROM
knowledge|human interest/society|VTM|MOORDZAKEN, EEUWIGE TWIJFEL?
sport|football|VTM2|VB. BB. 1/4F - BEERSCHOT/ANDERLECHT
sport|football|VRT CANVAS|VB. BB. 1/4F - ANTWERP/UNION ST-GILLOISE
sport|football|VTM2|VB. BB. 1/4F - CL.BRUGGE/LEUVEN
knowledge|human interest/society|VRT 1|VREDE OP AARDE
sport|cycling (cross)|VRT 1|VELDRIJDEN. DENDERMONDE H.
sport|cycling (cross)|VRT 1|VELDRIJDEN. DENDERMONDE D.
sport|all sports|VRT 1|SPORTJAAR 2024, BLINKENDE BELGEN
sport|basketball|VRT 1|BASKET. EK. 1/4F - ANTWERPEN/LIMBURG
entertainment|game|VTM2|TE LAND, TER ZEE EN IN DE LUCHT
fiction|popular drama/comedy|VRT 1|HECTOR
fiction|adventure|VTM|JUNGLE CRUISE
entertainment|humour|VRT CANVAS|XANDER DE RYCKE HOUDT HET VOOR BEKEKEN 2024
sport|cycling (cross)|VRT 1|VELDRIJDEN. GULLEGEM (S.)
knowledge|humanities/history|VRT CANVAS|KOUDE OORLOG
fiction|thriller|VTM3|UNLOCKED
entertainment|game|VRT 1|SWITCH
sport|cycling (cross)|VRT 1|VELDRIJDEN. KOKSIJDE H.
sport|cycling (cross)|VRT 1|VELDRIJDEN. KOKSIJDE D.
sport|other sports|VTM2|DARTS. WK
entertainment|music|VTM|DE TIEN OM TE ZIEN
knowledge|human interest/society|VRT CANVAS|MICHAEL PALIN IN NIGERIA
entertainment|variety|VTM|DAG & BEDANKT
fiction|popular drama/comedy|PLAY4|VERGEET BARBARA
entertainment|humour|VRT 1|KAMAL KHARMACH, MAG IK EVEN?
sport|cycling (cross)|VRT 1|VELDRIJDEN. GP. SVEN NYS H.
entertainment|classical arts|VRT 1|NIEUWJAARSCONCERT
sport|all sports|VRT 1|OVERZICHT PARALYMPISCHE SPELEN
entertainment|humour|PLAY4|ALEX AGNEW, WAKE ME UP WHEN IT'S OVER
sport|cycling (cross)|VRT CANVAS|VELDRIJDEN. GP. SVEN NYS D.
entertainment|music|VRT 1|NIGHT OF THE PROMS
entertainment|special event|VRT 1|VUURWERK
fiction|popular drama/comedy|VTM|HOME ALONE II
entertainment|music|VRT 1|#LIKEME, THE FINAL CONCERT
entertainment|music|VTM|Q POP
entertainment|variety|VTM|THE MASKED SINGER IN CONCERT
entertainment|music|VRT 1|RADIO 2
fiction|action|VTM2|BAD BOYS
knowledge|modern music/dance|VRT CANVAS|ABBA, AGAINST THE ODDS
sport|cycling (cross)|VRT CANVAS|VELDRIJDEN. DIEGEM H.
sport|cycling (cross)|VRT CANVAS|VELDRIJDEN. DIEGEM TURBOCROSS
entertainment|variety|VTM|DE FILM VAN HET JAAR
sport|cycling (cross)|VRT CANVAS|VELDRIJDEN. DIEGEM D.
fiction|popular drama/comedy|VRT 1|ONDER VUUR
entertainment|variety|VTM|HET CONCLAAF VAN 2024
entertainment|love/dating|VTM|BLIND GETROUWD, HET VIJFDE HUWELIJK
fiction|popular drama/comedy|VRT 1|DE COLLEGA'S
entertainment|variety|VTM|BESTEMMING X-MAS
knowledge|human interest/society|PLAY4|TRUE CRIME BELGIUM
fiction|popular drama/comedy|VTM|DE KOTMADAM
fiction|popular drama/comedy|VTM|DE FAMILIE CLAUS 3
information|special event|PLAY4|ACHTER DE SCHERMEN, DE EINDEJAARSSHOW
fiction|action|VTM3|2 GUNS
fiction|popular comedy|VTM|DE LUIZENMOEDER
sport|cycling (cross)|VRT 1|VELDRIJDEN. LOENHOUT H.
sport|cycling (cross)|VRT 1|VELDRIJDEN. LOENHOUT D.
lifestyle|travel/tourism|VRT 1|ALLER RETOUR
entertainment|young amusement|PLAY4|TOM & JERRY
fiction|psychologic drama/melodrama|VTM|CLOSE
sport|cycling (cross)|VRT 1|VELDRIJDEN. GAVERE H.
sport|cycling (cross)|VRT 1|VELDRIJDEN. GAVERE D.
knowledge|nature/environment|VRT 1|ONZE NATUUR
fiction|fantasy/fairy tale|VTM2|BEAUTY AND THE BEAST
information|special event|VRT 1|DE WARMSTE WEEK
fiction|popular drama/comedy|VTM|SINGLE BELLS
fiction|popular comedy|VTM|HOME ALONE
fiction|adventure|VRT 1|NIGHT AT THE MUSEUM, SECRET OF THE TOMB
entertainment|music|VTM2|REGI, LIVE IN HET SPORTPALEIS
knowledge|modern music/dance|VRT CANVAS|WHAM, LAST CHRISTMAS UNWRAPPED
entertainment|music|VTM2|DUA LIPA, LIVE FROM THE ROYAL ALBERT HALL
lifestyle|cooking/food/drink|PLAY4|BAKE OFF VLAANDEREN
information|economy/politics/society affairs|VTM|BDW, POLITIEK BEEST
lifestyle|show business/variety/stars|PLAY4|DE VERHULSTJES
lifestyle|consumer advice|PLAY4|STUKKEN VAN MENSEN
sport|cycling (cross)|VRT 1|VELDRIJDEN. ZONHOVEN H.
sport|cycling (cross)|VRT 1|VELDRIJDEN. ZONHOVEN D.
sport|gymnastic|VRT 1|TURNEN GYMGALA
entertainment|humour|VRT 1|LOSLOPEND KERSTWILD
sport|cycling (cross)|VRT 1|VELDRIJDEN. HULST (S.)
fiction|popular drama/comedy|VTM|DE FAMILIE CLAUS 2
information|current affair|VRT CANVAS|VRANCKX
information|economy/politics/society affairs|VRT 1|VILLA POLITICA
knowledge|human interest/society|PLAY4|VERSLAAFD!
knowledge|human interest/society|VRT CANVAS|THE GYMNASTS
fiction|psychologic drama/melodrama|VRT 1|THE IMPOSSIBLE
fiction|psychologic drama/melodrama|VRT 1|DOWNTON ABBEY, A NEW ERA
fiction|police|PLAY5|THE ROOKIE
entertainment|humour|VRT CANVAS|BAS BIRKER, SOWIESO
fiction|action|PLAY4|THE BATMAN
entertainment|game|PLAY4|DE SLIMSTE MENS TER WERELD
entertainment|talk|PLAY4|DE SLIMSTE TAFEL
entertainment|humour|VRT 1|GEUBELS GAAT IN BAD
sport|football|VRT CANVAS|VB. C4 UEFA SCHIFT - LARNE/GENT
entertainment|humour|VRT 1|DE GROTE BOODSCHAP
lifestyle|show business/variety/stars|VTM|STERREGEM
knowledge|human interest/society|VRT 1|HET HUIS
knowledge|human interest/society|VTM|VER VAN HUIS
lifestyle|consumer advice|PLAY4|STUKKEN VAN DEALERS
knowledge|human interest/society|VRT 1|CIAO RUDI
fiction|police|PLAY5|NCIS, HAWAII
lifestyle|travel/tourism|VRT 1|NADIYA'S ASIAN ODYSSEY
sport|cycling (cross)|VRT 1|VELDRIJDEN. NAMEN (S.)
sport|cycling (cross)|VRT 1|VELDRIJDEN. HERENTALS H.
sport|cycling (cross)|VRT 1|VELDRIJDEN. HERENTALS D.
fiction|popular drama/comedy|VTM|DE FAMILIE CLAUS
fiction|action|VRT 1|TOMB RAIDER
lifestyle|cooking/food/drink|VRT 1|JAMIE'S EASY MEALS AT CHRISTMAS
fiction|police|VRT 1|D.I. RAY
fiction|action|VTM2|THE EQUALIZER 2
entertainment|humour|VRT CANVAS|WIM HELSEN, NIET MIJN APEN, NIET MIJN CIRCUS
knowledge|humanities/history|VRT 1|HERTOGINNEDAL
sport|football|PLAY6|VB. C4 UEFA SCHIFT - SLAVIA PRAHA/ANDERLECHT
entertainment|game|VRT 1|KNAPPE KOPPEN
sport|football|VTM2|VB. C1 UEFA SCHIFT - JUVENTUS/MANCHESTER C.
sport|football|VTM2|VB. C1 UEFA SCHIFT - CL.BRUGGE/SPORTING CLUBE DE PORTUGAL
knowledge|human interest/society|VRT 1|LEVEN IN VERLENGINGEN
entertainment|love/dating|VTM|BLIND GETROUWD
knowledge|media|VRT 1|20 JAAR HET EILAND
lifestyle|travel/tourism|PLAY4|OVER DE OCEAAN
entertainment|variety|VTM|THE MASKED SINGER, BEHIND THE MASK
sport|formula 1|VRT 1|F1. WK. GP. VERENIGDE STATEN (S.)
fiction|other fiction|VRT CANVAS|MAMMALS
fiction|adventure|VTM|THE LION KING (2019)
fiction|police|VRT 1|MURDER IN PROVENCE
knowledge|human interest/society|VRT 1|BAGAGE
entertainment|variety|VTM|THE MASKED SINGER
entertainment|humour|VRT CANVAS|JASPER PASSON, VASTBENOEMD
lifestyle|cooking/food/drink|VTM2|DAT EET DAN GELUKKIG ZIJN
sport|football|VRT CANVAS|VB. BB. 1/8F - ANDERLECHT/WESTERLO
knowledge|human interest/society|VTM|HELDEN VAN HIER, DE MUG, HELI
knowledge|media|VRT CANVAS|20 JAAR HET EILAND
sport|football|VTM2|VB. BB. 1/8F - PATRO EISDEN/CL.BRUGGE
fiction|psychologic drama/melodrama|VRT 1|WATER EN VUUR
knowledge|human interest/society|VRT CANVAS|DRUGS DUS.
lifestyle|travel/tourism|VRT 1|DWARS DOOR DE LAGE LANDEN
fiction|popular comedy|VRT CANVAS|HET EILAND
entertainment|game|VTM|DE VERRADERS
sport|cycling (cross)|VRT 1|VELDRIJDEN. WB. DUBLIN H.
sport|cycling (cross)|VRT 1|VELDRIJDEN. WB. DUBLIN D.
sport|basketball|VRT 1|BASKET. BNXT LEAGUE H. - CHARLEROI/KORTRIJK
entertainment|game|VTM|THE FLOOR
fiction|thriller|VRT CANVAS|THE BEAST MUST DIE
information|current affair|VTM|POLITIERECHTERS
fiction|police|VRT 1|SHETLAND
fiction|other fiction|VTM2|DE HAVEN
sport|football|VTM2|VB. C1 UEFA SCHIFT - CELTIC/CL.BRUGGE
sport|football|VTM2|VB. C1 UEFA SCHIFT - BAYERN/PARIS-ST-G.
entertainment|talk|VTM|DE VERRADERS, DE RONDE TAFEL
sport|cycling (cross)|VRT 1|VELDRIJDEN. ANTWERPEN (H.)
sport|cycling (cross)|VRT 1|VELDRIJDEN. ANTWERPEN (D.)
sport|formula 1|VRT 1|F1. WK. GP. LAS VEGAS (S.)
lifestyle|show business/variety/stars|VTM|EXPEDITIE PAIRI DAIZA
entertainment|game|VRT 1|CLOCKWISE
fiction|police|VRT 1|VAN DER VALK
entertainment|talk|VRT CANVAS|SOUNDOS
entertainment|variety|PLAY4|WIJ ZIJN VAN NIENOF!
fiction|action|VTM2|PARIS HAS FALLEN
sport|football|VTM|VB. NATIONS LEAGUE UEFA - BELGIE/ISRAEL
sport|cycling (cross)|VRT 1|VELDRIJDEN. HAMME H.
sport|cycling (cross)|VRT 1|VELDRIJDEN. HAMME D.
sport|cycling (track/piste)|VRT 1|BAANWIELRENNEN. 6-DAAGSE VAN GENT
knowledge|humanities/history|VRT CANVAS|POMPEII, THE NEW DIG
fiction|thriller|PLAY5|FOUND
entertainment|variety|VRT 1|HIJ KOMT, HIJ KOMT!
lifestyle|cooking/food/drink|VTM|DAT EET DAN GELUKKIG ZIJN
entertainment|variety|VRT 1|MENOPAUZIA
sport|football|VTM|VB. NATIONS LEAGUE UEFA - BELGIE/ITALIE
information|current affair|VRT CANVAS|UKRAINE, ENEMY IN THE WOODS
fiction|police|VRT 1|WITSE
sport|cycling (cross)|VRT 1|VELDRIJDEN. NIEL (S.)
sport|cycling (cross)|VRT 1|VELDRIJDEN. LOKEREN H.
sport|cycling (cross)|VRT 1|VELDRIJDEN. LOKEREN D.
sport|basketball|VRT CANVAS|BASKET. EUROLEAGUE D. - POLEN/BELGIE
sport|handball|VRT 1|HANDBAL. EK24. KWALIF. - BELGIE/TSJECHIE
information|current affair|VRT CANVAS|MISSING PEOPLE
fiction|police|VRT 1|LEWIS
entertainment|humour|VRT CANVAS|LUKAS LELIE, KWESTIE VAN SMAAK
lifestyle|show business/variety/stars|VRT 1|22 KIDS AND COUNTING
lifestyle|show business/variety/stars|VTM|LAURA TESORO, MEER DAN EEN DROOM
fiction|thriller|VRT 1|TSUNAMI
entertainment|game|VTM|WIE ZOEKT DIE WINT
entertainment|game|VTM|ERFGENAAM GEZOCHT
knowledge|philosophy/religion|VRT CANVAS|HET VATICAAN, DE STAAT VAN DE KERK
sport|other sports|VRT 1|MISSIE MEDAILLE
fiction|popular drama/comedy|VTM|KOTMADAM SARAFIAN
information|economy/politics/society affairs|VRT 1|VERSCHEURD AMERIKA
sport|cycling (cross)|VRT 1|VELDRIJDEN. EK. PONTEVEDRA H.
fiction|thriller|VRT 1|FERRY, DE SERIE
sport|cycling (cross)|VRT 1|VELDRIJDEN. EK. PONTEVEDRA D.
sport|athletics (track/piste)|VRT 1|ATLETIEK. MARATHON BRUSSEL (S.)
knowledge|medecin/health|VRT 1|IS ER EEN DOKTER IN DE ZAAL?
sport|cycling (cross)|VRT 1|VELDRIJDEN. KOPPENBERG H.
fiction|thriller|VRT 1|THE TOWER
sport|cycling (cross)|VRT 1|VELDRIJDEN. KOPPENBERG D.
fiction|fantasy/fairy tale|PLAY4|FANTASTIC BEASTS, THE SECRETS OF DUMBLEDORE
information|economy/politics/society affairs|VTM2|HET DETENTIEHUIS
sport|football|VTM2|VB. BB. 1/16F - CL.BRUGGE/BELISIA BILZEN
sport|cycling (cross)|VRT 1|VELDRIJDEN. OVERIJSE (S.)
knowledge|nature/environment|VRT 1|BORN TO BE WILD
fiction|popular drama/comedy|VTM|DE HAVEN
sport|cycling (cross)|VRT 1|VELDRIJDEN. HEERDERSTRAND D.
sport|cycling (cross)|VRT 1|VELDRIJDEN. HEERDERSTRAND H.
fiction|fantasy/fairy tale|PLAY4|FANTASTIC BEASTS, THE CRIMES OF GRINDELWALD
fiction|action|VRT CANVAS|FOR A FEW DOLLARS MORE
entertainment|humour|VRT CANVAS|THEO MAASSEN ZAALSHOW
information|current affair|VRT 1|ENQUETE BUREAU
lifestyle|show business/variety/stars|VTM|HELDEN VAN HIER, OP INTERVENTIE
sport|football|VTM2|VB. C1 UEFA SCHIFT - FC.BARCELONA/BAYERN
lifestyle|show business/variety/stars|VRT 1|40 JAAR REILEN & HEYLEN
sport|football|VTM2|VB. C1 UEFA SCHIFT - AC.MILAAN/CL.BRUGGE
fiction|popular drama/comedy|PLAY4|OOIT VRIJ
sport|cycling (cross)|VRT 1|VELDRIJDEN. RUDDERVOORDE H.
sport|cycling (cross)|VRT 1|VELDRIJDEN. RUDDERVOORDE D.
sport|tennis|VRT 1|TENNIS. EUROPEAN OPEN
sport|cycling (cross)|VRT 1|VELDRIJDEN. ESSEN H.
sport|cycling (cross)|VRT 1|VELDRIJDEN. ESSEN D.
fiction|thriller|VRT CANVAS|THE LONG SHADOW
fiction|police|VRT 1|MIDSOMER MURDERS
entertainment|humour|VRT CANVAS|ARNOUT VAN DEN BOSSCHE
fiction|fantasy/fairy tale|PLAY4|FANTASTIC BEASTS AND WHERE TO FIND THEM
sport|football|DAZN PRO LEAGUE 1 (NL)|VB. JUPILER PRO LEAGUE - BEERSCHOT - RSC ANDERLECHT
sport|football|VTM|VB. NATIONS LEAGUE UEFA - BELGIE/FRANKRIJK
information|special event|VRT 1|KIES24
information|special event|VTM|STEM 2024
sport|other sports|VTM2|DARTS. GRAND PRIX
fiction|political drama|PLAY4|DE PREMIER
lifestyle|show business/variety/stars|VTM2|STEENRIJK, STRAATARM
information|special event|VRT CANVAS|THE CHOICE 2024, HARRIS VS TRUMP
lifestyle|travel/tourism|PLAY4|AXEL IN AMERIKA
fiction|police|PLAY5|CRIMINAL MINDS
fiction|thriller|VRT CANVAS|AGENT
entertainment|talk|PLAY4|VIK & GERT
fiction|action|VTM3|FURY
sport|cycling (road)|VRT 1|WIELRENNEN. RONDE VAN LOMBARDIJE
information|special event|VRT 1|HET GROOT DEBAT
sport|cycling (cross)|VRT CANVAS|VELDRIJDEN. BERINGEN H.
sport|cycling (cross)|VRT CANVAS|VELDRIJDEN. BERINGEN D.
fiction|thriller|VTM|BLUR
entertainment|humour|VRT CANVAS|MICHAEL VAN PEEL, WELCOME TO THE REBELLION
fiction|popular drama/comedy|VRT 1|DERTIGERS
lifestyle|home/decorating|PLAY4|JANI & JAMES, DOEN-HET-ZELF
entertainment|game|VRT 1|EERSTE KEUS
knowledge|human interest/society|VRT CANVAS|JAN LEYERS BIJ DE DUITSERS
lifestyle|show business/variety/stars|VTM|HELDEN VAN HIER, POLITIE AALST
knowledge|culture/folklore/tradition|VRT CANVAS|WILLY'S BOOT
sport|cycling (road)|VRT 1|WIELRENNEN. WK. GRAVEL H.
entertainment|game|PLAY4|CELEBRITY KLOPJACHT
sport|cycling (road)|VRT 1|WIELRENNEN. PARIJS-TOURS
sport|cycling (road)|VRT 1|WIELRENNEN. WK. GRAVEL D.
fiction|thriller|VTM|RITUEEL
entertainment|variety|VRT 1|JEANKE IN AMERIKA
fiction|psychologic drama/melodrama|VRT CANVAS|THE WIFE
fiction|popular drama/comedy|VTM|BILLIE VS BENJAMIN
information|special event|VTM|HET GROTE GEMEENTEDEBAT
sport|football|VTM2|VB. C1 UEFA SCHIFT - STURM GRAZ/CL.BRUGGE
entertainment|variety|VRT 1|KALM WAES
sport|cycling (road)|VRT 1|WIELRENNEN. WK. ZURICH H.
knowledge|philosophy/religion|VRT CANVAS|EUCHARISTIEVIERING
sport|cycling (road)|VRT CANVAS|WIELRENNEN. WK. ZURICH H. - ELITE H.
sport|cycling (road)|VRT 1|WIELRENNEN. WK. ZURICH D.
knowledge|nature/environment|VRT 1|THE ZOO
fiction|action|VTM|TOP GUN, MAVERICK
fiction|action|VTM2|HOMEFRONT
entertainment|variety|VTM|VIVA VERMEIRE
fiction|fantasy/fairy tale|PLAY4|HARRY POTTER AND THE HALF-BLOOD PRINCE
lifestyle|cooking/food/drink|PLAY4|KOMEN ETEN
information|current affair|VTM|DE KROONGETUIGEN
sport|cycling (road)|VRT 1|WIELRENNEN. WK. ZURICH H. - JUNIOREN
sport|football|PLAY6|VB. C3 UEFA SCHIFT - ANDERLECHT/FERENCVAROSI
sport|cycling (road)|VRT 1|WIELRENNEN. WK. ZURICH (S.)
information|current affair|VTM|ZILLION, THE LOST TAPES
fiction|popular drama/comedy|VRT 1|DE GOUDVIS
fiction|drama|VTM|ZILLION
fiction|thriller|VRT CANVAS|CONVICTION, THE CASE OF STEPHEN LAWRENCE
fiction|police|VRT 1|KAREN PIRIE
sport|cycling (road)|VRT 1|WIELRENNEN. LOTTO CYCLING CUP
knowledge|nature/environment|VRT 1|HET LANDGOED VAN DE STOKSTAARTJES, OPKOMST VAN DE DYNASTIE
sport|football|VTM2|VB. C1 UEFA SCHIFT - AT.MADRID/LEIPZIG
sport|football|VTM2|VB. C1 UEFA SCHIFT - CL.BRUGGE/DORTMUND
sport|cycling (road)|VRT 1|WIELRENNEN. EK. LIMBURG H.
fiction|science fiction|VTM|JURASSIC WORLD DOMINION
lifestyle|cooking/food/drink|VRT 1|CHALLAS EN DE KOST
sport|athletics (track/piste)|VRT CANVAS|ATLETIEK. MEMORIAL IVO VAN DAMME
fiction|police|VRT CANVAS|HUSS
fiction|action|VTM3|AMBULANCE
entertainment|music|VTM|40 JAAR CLOUSEAU
fiction|fantasy/fairy tale|PLAY4|HARRY POTTER AND THE GOBLET OF FIRE
sport|cycling (road)|VRT 1|WIELRENNEN. EK. LIMBURG D.
sport|cycling (road)|VRT 1|WIELRENNEN. VUELTA - RIT 21 MADRID>MADRID
entertainment|variety|VRT 1|BERT EN BAVO GAAN OLYMPISCH
sport|cycling (road)|VRT CANVAS|WIELRENNEN. VUELTA - RIT 21 MADRID>MADRID
entertainment|humour|VRT 1|LOSLOPEND WILD & GEVOGELTE
fiction|adventure|VTM|THE LOST CITY
information|special event|VRT 1|EEN DAG IN PARIJS
sport|cycling (road)|VRT 1|WIELRENNEN. VUELTA - RIT 20 VILLARCAYO>PICON BLANCO
fiction|action|VTM|THE EQUALIZER
sport|cycling (road)|VRT 1|WIELRENNEN. VUELTA - RIT 19 LEGRONO>ALTO DE MONCALVILLO
fiction|popular soap|VTM GOLD|STURM DER LIEBE
fiction|fantasy/fairy tale|PLAY4|HARRY POTTER AND THE PRISONER OF AZKABAN
sport|cycling (road)|VRT 1|WIELRENNEN. VUELTA - RIT 18 VITORIA-GASTEIZ>MAEZTU-PARQUE NAT
sport|cycling (road)|VRT 1|WIELRENNEN. VUELTA - RIT 17 MONUMENTO JUAN DEL CASTILLO. ARNU
sport|cycling (road)|VRT 1|WIELRENNEN. VUELTA - RIT 16 LUANCO>LAGOS DE COVADONGA
entertainment|music|VTM|TIEN OM TE ZIEN (2024)
sport|cycling (road)|VRT 1|WIELRENNEN. VUELTA - RIT 15 INFIESTO>CUITU NEGRU
sport|cycling (road)|VRT 1|WIELRENNEN. RENEWI TOUR - RIT 5 MENEN>GERAARDSBERGEN
lifestyle|cooking/food/drink|VRT 1|REMARKABLE PLACES TO EAT
fiction|popular drama/comedy|VTM|NIETS TE MELDEN
fiction|police|VTM|BAANTJER, HET BEGIN
knowledge|humanities/history|VRT CANVAS|CHERNOBYL, THE LOST TAPES
entertainment|music|VRT 1|ZOMERHIT
sport|cycling (road)|VRT 1|WIELRENNEN. VUELTA - RIT 14 VILLAFRANCA DEL BIERZO>VILLABLINO
sport|cycling (road)|VRT 1|WIELRENNEN. RENEWI TOUR - RIT 4 OOSTBURG>AALTER
fiction|comedy|VTM|MINIONS 2, THE RISE OF GRU
sport|cycling (road)|VRT 1|WIELRENNEN. VUELTA - RIT 13 LUGO>PUERTO DE ANCARAS
sport|cycling (road)|VRT 1|WIELRENNEN. RENEWI TOUR - RIT 3 BLANKENBERGE>ARDOOIE
fiction|animation|VRT 1|ICE AGE 3, DAWN OF THE DINOSAURS
fiction|thriller|VRT CANVAS|GONE GIRL
fiction|police|PLAY5|ELSBETH
fiction|action|VTM2|MISSION IMPOSSIBLE, FALLOUT
fiction|fantasy/fairy tale|PLAY4|HARRY POTTER AND THE CHAMBER OF SECRETS
lifestyle|travel/tourism|VTM|MET VIER IN BED
sport|cycling (road)|VRT 1|WIELRENNEN. VUELTA - RIT 12 OURENSE TERMAL>MANZANEDA
lifestyle|cooking/food/drink|VRT 1|DE MOSTERD VAN MEUS
information|current affair|VTM|TELEFACTS ZOMER
sport|cycling (road)|VRT 1|WIELRENNEN. VUELTA - RIT 11 CORTIZO PADRON>CORTIZO PADRON
sport|cycling (road)|VRT 1|WIELRENNEN. RENEWI TOUR - RIT1 RIEMST>BILZEN
entertainment|game|VTM|HET JACHTSEIZOEN
information|special event|VRT CANVAS|PARALYMPISCHE SPELEN PARIJS 2024 OPENINGSCEREMONIE
sport|cycling (road)|VRT 1|WIELRENNEN. VUELTA - RIT 10 PONTEAREAS>BAIONA
knowledge|medecin/health|VRT 1|SPOED 24/7
information|current affair|PLAY4|DE SNEEUWMAN, GEHEIMEN VAN EEN KINDERMOORDENAAR
sport|football|VTM2|VB. C1 UEFA SCHIFT - GALATASARAY AS/YOUNG BOYS BERN
entertainment|game|VTM|EENMAAL, ANDERMAAL
knowledge|architecture/urbanism|VRT CANVAS|THE ACROPOLIS, SECRETS OF THE ANCIENT CITADEL
entertainment|talk|PLAY4|CAFE CONGE
sport|cycling (road)|VRT 1|WIELRENNEN. VUELTA - RIT 9 MOTRIL>GRANADA
fiction|thriller|VRT 1|FERRY
knowledge|medecin/health|PLAY4|TOPDOKTERS
entertainment|variety|VRT 1|BERTHONY
fiction|thriller|PLAY4|NIVEAU 4
fiction|popular soap|VTM|FAMILIE, HET WARE GELAAT VAN JORIS
sport|cycling (road)|VRT 1|WIELRENNEN. VUELTA - RIT 8 UBEDA>CAZORLA
fiction|adventure|VTM|SONIC THE HEDGEHOG 2
lifestyle|home/decorating|PLAY4|BLIND GEKOCHT NL
fiction|popular drama/comedy|VTM|VERSCHOTEN & ZOON
sport|cycling (road)|VRT 1|WIELRENNEN. VUELTA - RIT 7 ARCHIDONA>CORDOBA
fiction|thriller|VRT 1|THE REUNION
knowledge|culture/folklore/tradition|VRT CANVAS|BELPOP
fiction|adventure|VTM3|THE ADVENTURES OF TINTIN, THE SECRET OF THE UNICORN
fiction|police|VRT 1|SUSPECT
fiction|fantasy/fairy tale|PLAY4|HARRY POTTER AND THE SORCERER'S STONE
entertainment|love/dating|VTM|B&B ZOEKT LIEF
sport|cycling (road)|VRT 1|WIELRENNEN. VUELTA - RIT 6 CARREFOUR JEREZ SUR JEREZ DE LA FR
fiction|thriller|VTM3|EAGLE EYE
fiction|police|VRT 1|ASTRID ET RAPHAELLE
sport|cycling (road)|VRT 1|WIELRENNEN. VUELTA - RIT 5 FUENTE DEL MAESTRE>SEVILLA
sport|cycling (road)|VRT 1|WIELRENNEN. VUELTA - RIT 4 PLASENCIA>PICO VILLUERCAS
sport|cycling (road)|VRT 1|WIELRENNEN. VUELTA - RIT 3 LOUSA>CASTELO BRANCO
fiction|police|VTM2|WILL TRENT
sport|cycling (road)|VRT 1|WIELRENNEN. RONDE VAN FRANKRIJK D. - RIT 8 LE GRAND-BORNAND>ALPE D'HUEZ
fiction|thriller|VRT 1|DOSSIER K.
sport|cycling (road)|VRT 1|TOUR DE FRANCE FEMMES MET MAARTEN EN MARIJN
fiction|police|VRT 1|LES PETITS MEURTRES D'AGATHA CHRISTIE
fiction|action|VTM2|JASON BOURNE
sport|cycling (road)|VRT CANVAS|WIELRENNEN. RONDE VAN FRANKRIJK D. - RIT 8 LE GRAND-BORNAND>ALPE D'HUEZ
sport|cycling (road)|VRT 1|WIELRENNEN. RONDE VAN FRANKRIJK D. - RIT 7 CHAMPAGNOLE>LE GRAND-BORNAND
sport|cycling (road)|VRT CANVAS|WIELRENNEN. VUELTA - RIT 1 LISSABON>OEIRAS
fiction|action|VTM|TORPEDO
fiction|popular drama/comedy|VTM|DE MUG
information|economy/politics/society affairs|VTM|HET VONNIS
sport|cycling (road)|VRT 1|WIELRENNEN. RONDE VAN FRANKRIJK D. - RIT 6 REMIREMONT>MORTEAU
fiction|thriller|VTM2|AVA
sport|cycling (road)|VRT 1|WIELRENNEN. TOUR OF LEUVEN
sport|cycling (road)|VRT 1|WIELRENNEN. RONDE VAN FRANKRIJK D. - RIT 5 BASTOGNE>AMNEVILLE
sport|football|VTM2|VB. C4 UEFA EUROPA CONFERENCE LEAGUE - KAA GENT/SILKEBORG IF
fiction|police|VTM|CODE 37
sport|football|VTM2|VB. SUPER BB - R.MADRID/ATALANTA
sport|cycling (road)|VRT 1|WIELRENNEN. RONDE VAN FRANKRIJK D. - RIT 4 VALKENBURG>LIEGE
sport|cycling (road)|VRT 1|WIELRENNEN. RONDE VAN FRANKRIJK D. - RIT 3 ROTTERDAM>ROTTERDAM
sport|football|VTM2|VB. C1 UEFA SCHIFT - UNION ST.-GILLOISE/SLAVIA PRAHA
fiction|popular drama/comedy|PLAY5|ALASKA DAILY
sport|cycling (road)|VRT 1|WIELRENNEN. RONDE VAN FRANKRIJK D. - RIT 1 ROTTERDAM>DEN HAAG
sport|all sports|VRT 1|O.S. PARIJS 2024
sport|all sports|VRT 1|O.S. 2024 SLUITINGSCEREMONIE
entertainment|variety|VRT 1|PARIS BY NIGHT
sport|basketball|VRT CANVAS|O.S. 2024 BASKETBAL D. - BELGIE/AUSTRALIE
sport|cycling (track/piste)|VRT 1|O.S. 2024 BAANWIELRENNEN. D.
sport|basketball|VRT 1|O.S. 2024 BASKETBAL D.
sport|volleyball|VRT 1|O.S. 2024 VOLLEYBAL D.
sport|athletics (track/piste)|VRT 1|O.S. 2024 ATLETIEK
sport|other water sports|VRT 1|O.S. 2024 WATERPOLO H.
sport|athletics (field/cross)|VRT 1|O.S. 2024 ATLETIEK. MARATHON D.
sport|athletics (track/piste)|VRT 1|O.S. 2024 ATLETIEK D.
sport|basketball|VRT 1|O.S. 2024 BASKETBAL H.
sport|other water sports|VRT 1|O.S. 2024 KAJAK D. - BROEKX
sport|cycling (track/piste)|VRT 1|O.S. 2024 BAANWIELRENNEN. H.
sport|athletics (field/cross)|VRT 1|O.S. 2024 ATLETIEK. MARATHON H. - ABDI
sport|basketball|VRT CANVAS|O.S. 2024 BASKETBAL H.
sport|cycling (road)|VRT CANVAS|WIELRENNEN. CLASSICA SAN SEBASTIAN
fiction|science fiction|VTM|FREE GUY
sport|athletics (track/piste)|VRT CANVAS|O.S. 2024 ATLETIEK - HEYMANS
sport|basketball|VRT 1|O.S. 2024 BASKETBAL D. - FRANKRIJK/BELGIE
sport|athletics (track/piste)|VRT 1|O.S. 2024 ATLETIEK D. - THIAM - VIDTS
sport|hockey|VRT 1|O.S. 2024 HOCKEY D. - ARGENTINIE/BELGIE
sport|martial arts|VRT 1|O.S. 2024 TAEKWONDO D. - CHAARI
sport|martial arts|VRT CANVAS|O.S. 2024 TAEKWONDO D. - CHAARI
sport|athletics (track/piste)|VRT 1|O.S. 2024 ATLETIEK - THIAM
sport|football|VRT 1|O.S. 2024 VB. D.
sport|athletics (track/piste)|VRT 1|O.S. 2024 ATLETIEK - THIAM - VIDTS - SISK - SMET
sport|athletics (track/piste)|VRT 1|O.S. 2024 ATLETIEK - THIAM - VIDTS
sport|cycling (track/piste)|VRT 1|O.S. 2024 BAANWIELRENNEN - VAN DEN BOSSCHE - DEGRENDELE
sport|table tennis|VRT 1|O.S. 2024 TAFEL TENNIS H.
sport|athletics (track/piste)|VRT 1|O.S. 2024 ATLETIEK D. - VIDTS - THIAM
sport|other water sports|VRT 1|O.S. 2024 WATERPOLO D.
sport|hockey|VRT 1|O.S. 2024 HOCKEY D. - BELGIE/CHINA
sport|basketball|VRT 1|O.S. 2024 BASKETBAL D. - SPANJE/BELGIE
sport|hockey|VRT CANVAS|O.S. 2024 HOCKEY D. - BELGIE/CHINA
sport|volleyball|VRT 1|O.S. 2024 VOLLEYBAL H.
sport|other sports|VRT 1|O.S. 2024 SKATEBOARDEN H.
sport|athletics (track/piste)|VRT 1|O.S. 2024 ATLETIEK - CRESTAN - SMET - SISK
sport|athletics (track/piste)|VRT 1|O.S. 2024 ATLETIEK - DEN BROECK - CLAES - COUCKUYT
sport|other sports|VRT 1|O.S. 2024 SKATEBOARDEN D.
sport|other water sports|VRT 1|O.S. 2024 KAJAK D. - PETERS - BROEKX
sport|swimming|VRT 1|O.S. 2024 DUIKEN D.
lifestyle|home/decorating|VTM|MILJOENENHUIZEN
lifestyle|show business/variety/stars|VTM2|DE BAUERS, 20 JAAR LATER
sport|hockey|VRT 1|O.S. 2024 HOCKEY D. - BELGIE/SPANJE
sport|football|VRT 1|O.S. 2024 VOETBAL H.
sport|gymnastic|VRT 1|O.S. 2024 ARTISTIEKE GYMNASTIEK D.
sport|athletics (track/piste)|VRT 1|O.S. 2024 ATLETIEK - DEN BROECK - MILANOV - PONETTE -BOLINGO
sport|other racquet sports|VRT 1|O.S. 2024 BADMINTON H.
sport|athletics (track/piste)|VRT 1|O.S. 2024 ATLETIEK - PONETTE - MILANOV - BOLINGO
sport|jumping|VRT 1|O.S. 2024 PAARDENSPORT. JUMPING H.
sport|cycling (road)|VRT 1|O.S. 2024 WIELRENNEN. D.
sport|hockey|VRT 1|O.S. 2024 HOCKEY H. - BELGIE/SPANJE
sport|basketball|VRT 1|O.S. 2024 BASKETBAL D. - JAPAN/BELGIE
sport|gymnastic|VRT 1|O.S. 2024 ARTISTIEKE GYMNASTIEK
sport|cycling (road)|VRT CANVAS|O.S. 2024 WIELRENNEN D. - KOPECKY
sport|hockey|VRT CANVAS|O.S. 2024 HOCKEY H. - BELGIE/SPANJE
sport|cycling (road)|VRT 1|O.S. 2024 WIELRENNEN. H.
sport|swimming|VRT 1|O.S. 2024 ZWEMMEN H.
sport|boxing|VRT 1|O.S. 2024 BOKSEN H.
sport|hockey|VRT 1|O.S. 2024 HOCKEY D. - DUITSLAND/BELGIE
sport|athletics (track/piste)|VRT 1|O.S. 2024 ATLETIEK. SPRINT H.
fiction|action|VTM|FAST & FURIOUS 9
sport|athletics (track/piste)|VRT 1|O.S. 2024 ATLETIEK. DECATLON H.
fiction|popular drama/comedy|VRT CANVAS|FAR FROM THE MADDING CROWD
fiction|police|VRT CANVAS|THE RESPONDER
entertainment|game|VRT 1|HOMO UNIVERSALIS
sport|martial arts|VRT 1|O.S. 2024 JUDO H.
sport|hockey|VRT 1|O.S. 2024 HOCKEY H. - BELGIE/ARGENTINIE
sport|hockey|VRT 1|O.S. 2024 HOCKEY D. - BELGIE/NEDERLAND
sport|athletics (track/piste)|VRT 1|O.S. 2024 ATLETIEK. SPRINT D.
sport|other equestrian sports|VRT 1|O.S. 2024 PAARDENSPORT DRESSUUR H.
sport|athletics (track/piste)|VRT 1|O.S. 2024 ATLETIEK. MIDDELLANGE AFSTAND H.
sport|gymnastic|VRT 1|O.S. 2024 TURNEN D.
sport|boxing|VRT 1|O.S. 2024 BOKSEN D. - DERIEUW
sport|other water sports|VRT 1|O.S. 2024 KANO SLALOM H.
sport|swimming|VRT 1|O.S. 2024 ZWEMMEN
sport|golf|VRT 1|O.S. 2024 GOLF H. - DE CHASSART
sport|hockey|VRT 1|O.S. 2024 HOCKEY H. - INDIA/BELGIE
sport|volleyball|VRT 1|O.S. 2024 BEACHVOLLEYBAL H.
sport|tennis|VRT 1|O.S. 2024 TENNIS H.
sport|martial arts|VRT 1|O.S. 2024 JUDO D. - WILLEMS
sport|hockey|VRT 1|O.S. 2024 HOCKEY D. - BELGIE/JAPAN
sport|gymnastic|VRT 1|O.S. 2024 TURNEN H.
sport|other cycling|VRT 1|O.S. 2024 BMX FREESTYLE D.
sport|swimming|VRT 1|O.S. 2024 ZWEMMEN D.
sport|other sports|VRT 1|O.S. 2024 TRIATHLON H.
sport|boxing|VRT 1|O.S. 2024 BOKSEN H. - USTUROI
sport|other cycling|VRT 1|O.S. 2024 BMX FREESTYLE H.
sport|hockey|VRT 1|O.S. 2024 HOCKEY D. - AUSTRALIE/BELGIE
sport|martial arts|VRT 1|O.S. 2024 JUDO H. - CASSE
sport|other equestrian sports|VRT 1|O.S. 2024 PAARDENSPORT DRESSUUR D. - PAULUIS
sport|other equestrian sports|VRT 1|O.S. 2024 PAARDENSPORT DRESSUUR D. - DE WINNE
sport|hockey|VRT 1|O.S. 2024 HOCKEY D. - FRANKRIJK/BELGIE
sport|basketball|VRT 1|O.S. 2024 BASKETBAL D. - BELGIE/DUITSLAND
sport|jumping|VRT 1|O.S. 2024 PAARDENSPORT. JUMPING
fiction|police|VTM2|ALERT, MISSING PERSONS UNIT
sport|hockey|VRT 1|O.S. 2024 HOCKEY H. - BELGIE/NIEUW-ZEELAND
sport|other cycling|VRT 1|O.S. 2024 MOUNTAINBIKE D.
sport|boxing|VRT 1|O.S. 2024 BOKSEN H. - SCHELSTRAETE
fiction|police|PLAY5|LAW & ORDER, SPECIAL VICTIMS UNIT
sport|cycling (road)|VRT 1|O.S. 2024 WIELRENNEN. TIJDRIJDEN H.
sport|cycling (road)|VRT 1|O.S. 2024 WIELRENNEN. TIJDRIJDEN D.
sport|swimming|VRT 1|O.S. 2024 ZWEMMEN D. - VANOTTERDIJK
entertainment|music|VTM|SING 2
fiction|action|VTM3|KINGDOM OF HEAVEN
information|special event|VRT 1|O.S. 2024 OPENINGSCEREMONIE
sport|all sports|VRT 1|O.S. PARIJS 2024 (S.)
sport|football|VTM|HOLLAND-BELGIE
fiction|action|VTM2|HUNTER KILLER
sport|football|DAZN PRO LEAGUE 1 (NL)|VB. JUPILER PRO LEAGUE - CLUB BRUGGE - KV MECHELEN
entertainment|humour|VTM|WAT ALS?
fiction|police|PLAY5|WILD CARDS
fiction|other fiction|VTM3|THE VOW
fiction|action|VTM3|MIDWAY
sport|football|VTM2|VB. C4 UEFA EUROPA CONFERENCE LEAGUE - GENT/VIKINGUR
fiction|police|VRT 1|UNDERCOVER
fiction|police|PLAY5|SIGHT UNSEEN
sport|cycling (road)|VRT CANVAS|WIELRENNEN. RONDE VAN FRANKRIJK - RIT 21 MONACO>NICE
lifestyle|travel/tourism|VRT 1|VIVE LE VELO
sport|cycling (road)|VRT 1|WIELRENNEN. RONDE VAN FRANKRIJK - RIT 21 MONACO>NICE
entertainment|music|VRT 1|21.7, BELGIAN PARTY
information|special event|VRT CANVAS|NATIONAAL DEFILE
sport|athletics (track/piste)|VRT 1|ATLETIEK. LONDEN (S.)
sport|other sports|VTM2|DARTS. WORLD MATCHPLAY
lifestyle|show business/variety/stars|VTM|HELDEN VAN HIER, IN DE LUCHT
sport|cycling (road)|VRT 1|WIELRENNEN. RONDE VAN FRANKRIJK - RIT 20 NICE>COL DE LA COUILLOLE
sport|cycling (road)|VRT CANVAS|WIELRENNEN. RONDE VAN FRANKRIJK - RIT 20 NICE>COL DE LA COUILLOLE
fiction|psychologic drama/melodrama|VRT 1|CHANGELING
fiction|thriller|VRT CANVAS|IRVINE WELSH'S CRIME
fiction|action|VTM|GLADIATOR
knowledge|nature/environment|VRT CANVAS|GREAT BARRIER REEF
sport|cycling (road)|VRT 1|WIELRENNEN. RONDE VAN FRANKRIJK - RIT 19 EMBRUN>ISOLA 2000
fiction|other fiction|VRT CANVAS|LES RIPOUX
sport|cycling (road)|VRT 1|WIELRENNEN. RONDE VAN FRANKRIJK - RIT 18: GAP>BARCELONNETTE
sport|cycling (road)|VRT 1|WIELRENNEN. RONDE VAN FRANKRIJK - RIT 17 SAINT-PAUL-TROIS-CHATEAUX>SUPERDE
fiction|thriller|VTM4|THE GREY
sport|cycling (road)|VRT 1|WIELRENNEN. RONDE VAN FRANKRIJK - RIT 16 GRUISSAN>NIMES
knowledge|human interest/society|VRT CANVAS|LAURENT, PRINS OP OVERSCHOT
fiction|thriller|PLAY5|MURDER BY NUMBERS
sport|football|VRT 1|VB. EK. FIN - SPANJE/ENGELAND
sport|cycling (road)|VRT 1|WIELRENNEN. RONDE VAN FRANKRIJK - RIT 15 LOUDENVIELLE>PLATEAU DE BEILLE
entertainment|music|VTM|TIEN OM TE ZIEN
fiction|psychologic drama/melodrama|VTM|RED SANDRA
knowledge|humanities/history|VRT CANVAS|ANCIENT POWERS
fiction|science fiction|PLAY4|VESPER
sport|football|VRT 1|VB. EK. MAGAZINE
sport|cycling (road)|VRT CANVAS|WIELRENNEN. RONDE VAN FRANKRIJK - RIT 15 LOUDENVIELLE>PLATEAU DE BEILLE
sport|cycling (road)|VRT 1|WIELRENNEN. RONDE VAN FRANKRIJK - RIT 14 PAU>SAINT-LARY-SOULAN PLA D'ADET
fiction|popular drama/comedy|VRT 1|MARLEY & ME
fiction|adventure|VTM|SECRET HEADQUARTERS
sport|cycling (road)|VRT 1|WIELRENNEN. RONDE VAN FRANKRIJK - RIT 13 AGEN>PAU
sport|football|VRT 1|VB. EK. D. SCHIFT - BELGIE/DENEMARKEN
fiction|popular drama/comedy|VRT CANVAS|ANTOINETTE DANS LES CEVENNES
information|special event|VRT 1|VLAANDEREN FEEST
sport|cycling (road)|VRT 1|WIELRENNEN. RONDE VAN FRANKRIJK - RIT 12 AURILLAC>VILLENEUVE-SUR-LOT
fiction|action|VTM2|KILL BILL VOL.2
sport|football|VRT 1|VB. EK. 1/2F - NEDERLAND/ENGELAND
sport|cycling (road)|VRT 1|WIELRENNEN. RONDE VAN FRANKRIJK - RIT 11 EVAUX-LES-BAINS>LE LIORAN
entertainment|music|VRT 1|DE PLAYLIST
knowledge|technology/computing|VRT CANVAS|CONCORDE, THE UNTOLD STORY
sport|football|VRT 1|VB. EK. 1/2F - SPANJE/FRANKRIJK
sport|cycling (road)|VRT 1|WIELRENNEN. RONDE VAN FRANKRIJK - RIT 10 ORLEANS>SAINT-AMAND-MONTROND
fiction|action|PLAY5|WALKER
entertainment|humour|VTM|HOE ZAL IK HET ZEGGEN?
sport|cycling (road)|VRT 1|WIELRENNEN. RONDE VAN FRANKRIJK - RIT 9 TROYES>TROYES
sport|formula 1|VRT 1|F1. WK. GP. GROOT-BRITTANNIE (S.)
fiction|popular drama/comedy|VRT 1|MAMMA MIA! HERE WE GO AGAIN
fiction|action|PLAY4|THE CONTRACTOR
lifestyle|travel/tourism|VTM|COSTA!!
entertainment|classical arts|VRT 1|ZOMERNACHTCONCERT UIT SCHONBRUNN
sport|athletics (track/piste)|VRT 1|ATLETIEK. ROME (S.)
entertainment|music|VRT CANVAS|ROCK WERCHTER LIVE
fiction|action|VTM2|BRAVEHEART
sport|football|VRT 1|VB. EK. 1/4F - NEDERLAND/TURKIJE
sport|football|VRT 1|VB. EK. 1/4F - ENGELAND/ZWITSERLAND (2HT)
sport|football|VRT CANVAS|VB. EK. 1/4F - ENGELAND/ZWITSERLAND
sport|cycling (road)|VRT 1|WIELRENNEN. RONDE VAN FRANKRIJK - RIT 8 SEMUR-EN-AUXOIS>COLOMBEY-LES-DEUX-
fiction|popular drama/comedy|VTM|MAMMA MIA!
sport|football|VRT 1|VB. EK. 1/4F - PORTUGAL/FRANKRIJK
sport|football|VRT 1|VB. EK. 1/4F - SPANJE/DUITSLAND (2TH)
sport|football|VRT CANVAS|VB. EK. 1/4F - SPANJE/DUITSLAND
sport|cycling (road)|VRT 1|WIELRENNEN. RONDE VAN FRANKRIJK - RIT 7 NUITS-SAINT-GEORGES>GEVREY-CHAMBER
fiction|popular drama/comedy|VRT CANVAS|LE DINER DE CONS
sport|all sports|VRT 1|TERUGBLIK. EK VOETBAL EN TOUR DE FRANCE
sport|cycling (road)|VRT 1|WIELRENNEN. RONDE VAN FRANKRIJK - RIT 6 MACON>DIJON
fiction|action|VTM2|KILL BILL VOL.1
fiction|thriller|PLAY5|BIG SKY
sport|cycling (road)|VRT 1|WIELRENNEN. RONDE VAN FRANKRIJK - RIT 5 SAINT-JEAN-DE-MAURIENNE>SAINT-VULB
knowledge|nature/environment|VRT CANVAS|WILD OMAN, WONDER OF ARABIA
sport|football|VRT 1|VB. EK. 1/8F - OOSTENRIJK/TURKIJE
sport|football|VRT CANVAS|VB. EK. 1/8F - ROEMENIE/NEDERLAND
sport|cycling (road)|VRT 1|WIELRENNEN. RONDE VAN FRANKRIJK - RIT 4 PINEROLO>VALLOIRE
knowledge|medecin/health|VRT CANVAS|SECRETS OF THE SUPERAGER, BRAIN
sport|football|VRT 1|VB. EK. 1/8F - FRANKRIJK/BELGIE
sport|football|VRT 1|VB. EK. 1/8F - PORTUGAL/SLOVENIE
sport|cycling (road)|VRT 1|WIELRENNEN. RONDE VAN FRANKRIJK - RIT 3 PIACENZA>TURIJN
sport|cycling (road)|VRT CANVAS|WIELRENNEN. RONDE VAN FRANKRIJK D.
fiction|drama|PLAY5|THE SHAWSHANK REDEMPTION
sport|football|VRT 1|VB. EK. 1/8F - SPANJE/GEORGIE
sport|football|VRT CANVAS|VB. EK. 1/8F - ENGELAND/SLOVAKIJE
sport|cycling (road)|VRT 1|WIELRENNEN. RONDE VAN FRANKRIJK - RIT 2 CESENATICO>BOLOGNA
knowledge|humanities/history|VRT CANVAS|PETRA, SECRETS OF THE ANCIENT BUILDERS
fiction|popular drama/comedy|PLAY4|COMING 2 AMERICA
sport|football|VRT 1|VB. EK. 1/8F - DUITSLAND/DENEMARKEN
sport|cycling (road)|VRT 1|WIELRENNEN. RONDE VAN FRANKRIJK - RIT 1 FLORENCE>RIMINI
sport|football|VRT CANVAS|VB. EK. 1/8F - ZWITSERLAND/ITALIE
fiction|police|VRT CANVAS|MYSTERY ROAD
sport|other sports|VRT 1|PLANKGAS NAAR DE SPELEN
entertainment|music|VTM|CAMILLE, MAGIE
lifestyle|mode/lifestyle|VTM|PIPPA
lifestyle|show business/variety/stars|PLAY4|THE SKY IS THE LIMIT
fiction|police|VRT 1|THE BAY
entertainment|love/dating|VTM2|MARRIED AT FIRST SIGHT
sport|football|VRT 1|TERUGBLIK VB. EK. UEFA EURO 2024 GERMANY
information|traffic/transport|VTM|PECH ONDERWEG
sport|football|VRT 1|VB. EK. SCHIFT - OEKRAINE/BELGIE
sport|football|VRT 1|VB. EK. SCHIFT - TSJECHIE/TURKIJE
lifestyle|show business/variety/stars|VTM|AXEL GAAT BINNEN
fiction|action|VTM2|COLOMBIANA
sport|football|KETNET|VB. EK. SCHIFT - GEORGIE/PORTUGAL
sport|football|VRT 1|VB. EK. SCHIFT - ENGELAND/SLOVENIE
sport|football|VRT CANVAS|VB. EK. SCHIFT - NEDERLAND/OOSTENRIJK
lifestyle|human interest/society|VTM|ERFGENAAM GEZOCHT NL
knowledge|human interest/society|VRT CANVAS|JAN ULLRICH, DE OPGEJAAGDE
sport|football|VRT 1|VB. EK. SCHIFT - KROATIE/ITALIE
sport|football|VRT 1|VB. EK. SCHIFT - ZWITSERLAND/DUITSLAND
sport|cycling (road)|VRT 1|WIELRENNEN. BK. ZOTTEGEM H.
sport|cycling (road)|VRT 1|WIELRENNEN. BK. ZOTTEGEM D.
sport|formula 1|VRT 1|F1. WK. GP. SPANJE (S.)
sport|rally|VRT 1|AUTO. RALLY BK. IEPER (S.)
fiction|police|PLAY5|NCIS, SYDNEY
fiction|thriller|PLAY4|7500
fiction|action|VTM2|HULK
sport|football|VRT 1|VB. EK. SCHIFT - BELGIE/ROEMENIE
sport|football|VRT CANVAS|VB. EK. SCHIFT - TURKIJE/PORTUGAL
sport|football|VRT 1|VB. EK. SCHIFT - GEORGIE/TSJECHISCHE REPUBLIEK
lifestyle|cooking/food/drink|VRT 1|JAMIE'S EASY MEALS FOR EVERY DAY
fiction|popular drama/comedy|VTM|WE BOUGHT A ZOO
sport|football|VRT 1|VB. EK. SCHIFT - NEDERLAND/FRANKRIJK
sport|football|VRT 1|VB. EK. SCHIFT - SLOVAKIJE/OEKRAINE
sport|football|VRT CANVAS|VB. EK. SCHIFT - POLAND/AUSTRIA
lifestyle|pets|VRT 1|FOR THE LOVE OF DOGS
fiction|popular drama/comedy|VTM2|THE OTHER WOMAN
knowledge|nature/environment|VRT CANVAS|WILD ROSES
sport|football|VRT 1|VB. EK. SCHIFT - SPANJE/ITALIE
sport|football|VRT CANVAS|VB. EK. SCHIFT - DENEMARKEN/ENGELAND
sport|football|VRT 1|VB. EK. SCHIFT - SLOVENIE/SERVIE
lifestyle|travel/tourism|VTM2|IK VERTREK UIT VLAANDEREN
sport|football|VRT 1|VB. EK. SCHIFT - SCHOTLAND/ZWITSERLAND
sport|football|VRT CANVAS|VB. EK. SCHIFT - DUITSLAND/HONGARIJE
sport|football|VRT 1|VB. EK. SCHIFT - KROATIE/ALBANIE
sport|football|VRT 1|VB. EK. SCHIFT - PORTUGAL/TSJECHIE
sport|football|VRT CANVAS|VB. EK. SCHIFT - TURKIJE/GEORGIE
sport|football|VRT 1|VB. EK. (S.)
sport|football|VRT 1|VB. EK. SCHIFT - BELGIE/SLOVAKIJE
sport|football|VRT 1|VB. EK. SCHIFT - OOSTENRIJK/FRANKRIJK
sport|football|VRT 1|VB. EK. SCHIFT - ROEMENIE/OEKRAINE
fiction|thriller|PLAY5|STATE OF PLAY
sport|football|VRT 1|VB. EK. SCHIFT - SERVIE/ENGELAND
sport|football|VRT 1|VB. EK. SCHIFT - POLEN/NEDERLAND
sport|football|VRT CANVAS|VB. EK. SCHIFT - SLOVENIE/DENEMARKEN
knowledge|science/geography|VRT CANVAS|DINOSAUR APOCALYPSE
sport|cycling (road)|VRT CANVAS|WIELRENNEN. BALOISE BELGIUM TOUR - RIT 5 BRUSSEL>BRUSSEL
sport|football|VRT 1|VB. EK. SCHIFT - ITALIE/ALBANIE
sport|football|VRT CANVAS|VB. EK. SCHIFT - SPANJE/KROATIE
sport|football|VRT 1|VB. EK. SCHIFT - HONGARIJE/ZWITSERLAND
lifestyle|cooking/food/drink|VRT 1|GINO'S ITALIAN FAMILY ADVENTURE
sport|cycling (road)|VRT CANVAS|WIELRENNEN. BALOISE BELGIUM TOUR - RIT 4 DURBUY>DURBUY
fiction|popular drama/comedy|VTM|FOOTLOOSE
fiction|thriller|VTM2|RED SPARROW
sport|football|VRT 1|VB. EK. SCHIFT - DUITSLAND/SCHOTLAND
sport|cycling (road)|VRT 1|WIELRENNEN. BALOISE BELGIUM TOUR
fiction|action|VRT CANVAS|SAVING PRIVATE RYAN
entertainment|game|VRT 1|GOED GESPEELD!
entertainment|variety|VRT 1|NIKS TE ZIEN
entertainment|variety|VRT 1|GOUD!
sport|cycling (road)|VRT 1|WIELRENNEN. BALOISE BELGIUM TOUR - RIT 2 MERELBEKE>KNOKKE-HEIST
sport|athletics (track/piste)|KETNET|ATLETIEK. EK. ROME
information|economy/politics/society affairs|VRT CANVAS|THE RISE AND FALL OF BORIS JOHNSON
sport|cycling (road)|VRT 1|WIELRENNEN. BALOISE BELGIUM TOUR - RIT 1 BERINGEN>BERINGEN
lifestyle|show business/variety/stars|VTM|BOER ZKT VROUW, 20 JAAR
entertainment|game|VTM|SPECIAL FORCES, WIE DURFT WINT
fiction|psychologic drama/melodrama|VTM|MAXIMA
knowledge|human interest/society|VRT CANVAS|RUITERS
sport|formula 1|VRT 1|F1. WK. GP. CANADA (S.)
information|special event|VTM|STEM24
information|special event|VTM|STEM24 DE GROTE VERKIEZINGSSHOW
information|special event|VTM|STEM24 EXTRA VTM NIEUWS
sport|cycling (road)|VRT CANVAS|WIELRENNEN. CRITERIUM DU DAUPHINE - RIT 8 THONES>PLATEAU DES GLIERES
sport|athletics (track/piste)|VRT CANVAS|ATLETIEK. EK. ROME
fiction|action|VTM2|OLYMPUS HAS FALLEN
fiction|popular drama/comedy|VTM3|THE PRINCE & ME
fiction|fantasy/fairy tale|PLAY4|THE GREEN KNIGHT
lifestyle|consumer advice|VTM2|ALLES MAG WEG
sport|tennis|EUROSPORT 1 (NL)|TENNIS. ROLAND GARROS
sport|formula 1|VRT CANVAS|F1. WK. GP. VERENIGDE STATEN (S.)
fiction|popular drama/comedy|PLAY4|THE NANNY
sport|football|VTM|VB. VRIEND - BELGIE/LUXEMBURG
sport|cycling (road)|VRT 1|WIELRENNEN. CRITERIUM DU DAUPHINE - RIT 7 ALBERTVILLE>SAMOENS 1600
sport|cycling (road)|VRT 1|WIELRENNEN. DWARS DOOR HAGELAND
entertainment|game|PLAY4|HET PERFECTE PLAATJE
fiction|popular drama/comedy|VTM2|BRIDGET JONES'S BABY
fiction|adventure|VTM|BELIEVE
entertainment|humor|VRT CANVAS|JAN JAAP VAN DER WAL, SCHOON
sport|cycling (road)|VRT 1|WIELRENNEN. CRITERIUM DU DAUPHINE - RIT 6 HAUTERIVES>LE COLLET D'ALLEVARD
fiction|psychologic drama/melodrama|VRT 1|ANGELA BLACK
fiction|psychologic drama/melodrama|VRT CANVAS|THE CHILDREN ACT
entertainment|variety|VTM|HET CONCLAAF
knowledge|humanities/history|VRT CANVAS|APOCALYPSE, D-DAY
sport|cycling (road)|VRT 1|WIELRENNEN. CRITERIUM DU DAUPHINE - RIT 5 AMPLEPUIS>SAINT-PRIEST
sport|football|VTM|VB. VRIEND - BELGIE/MONTENEGRO
information|economy/politics/society affairs|PLAY4|DE VERKIEZINGSTAFEL
sport|cycling (road)|VRT 1|WIELRENNEN. CRITERIUM DU DAUPHINE - RIT 4 SAINT-GERMAIN-LAVAL>NEULISE
entertainment|variety|VTM|DEVILTIME
knowledge|human interest/society|VRT 1|MARTIN CLUNES, ISLANDS OF THE PACIFIC
information|economy/politics/society affairs|VTM|HET GROTE DEBAT
entertainment|variety|PLAY4|DON'T WORRY, BE HAPPY
sport|cycling (road)|VRT 1|WIELRENNEN. CRITERIUM DU DAUPHINE - RIT 3 CELLES-SUR-DUROLLE>LES ESTABLES
sport|cycling (road)|VRT 1|WIELRENNEN. CRITERIUM DU DAUPHINE - RIT 2 GANNAT>COL DE LA LOGE
sport|all sports|PLAY4|DE SPOR
sport|cycling (road)|VRT 1|WIELRENNEN. CRITERIUM DU DAUPHINE - RIT 1 SAINT-POURCAIN-SUR-SIOULE>SAINT-PO
sport|cycling (road)|VRT 1|WIELRENNEN. BRUSSELS CYCLING CLASSIC
fiction|action|PLAY4|THE NORTHMAN
sport|football|VTM2|VB. C1 UEFA FIN - DORTMUND/R. MADRID
fiction|adventure|VTM|TITANIC
lifestyle|human interest/society|VTM|HELDEN VAN HIER, DE KUST
information|economy/politics/society affairs|VRT CANVAS|HET EUROPEES DEBAT
fiction|popular drama/comedy|PLAY4|NONKELS
knowledge|humanities/history|VRT CANVAS|CARNAC, THE NEOLITHIC LOST KINGDOM
sport|football|VRT CANVAS|VB. C4 UEFA FIN - OLYMPIAKOS/FIORENTINA
information|economy/politics/society affairs|VTM|HET GROTE DUEL
sport|football|ELEVEN PRO LEAGUE 1 NL|VB. JUPILER PRO LEAGUE - CLUB BRUGGE - CERCLE BRUGGE
sport|formula 1|VRT 1|F1. WK. GP. MONACO (S.)
fiction|thriller|PLAY4|MEMORY
fiction|adventure|VTM2|ROBIN HOOD
fiction|fantasy/fairy tale|VTM|ALADDIN
entertainment|game|PLAY4|JUNIOR BAKE OFF VLAANDEREN
sport|cycling (road)|VTM|WIELRENNEN. GIRO
fiction|psychologic drama/melodrama|VRT CANVAS|FACE TO FACE
entertainment|music|VTM|SING AGAIN
fiction|action|PLAY4|GODZILLA VS. KONG
fiction|psychologic drama/melodrama|VRT CANVAS|DISOBEDIENCE
entertainment|variety|VRT 1|AMAI ZEG WAUW
lifestyle|cooking/food/drink|PLAY4|OLGA KOOKT NIET
sport|football|VRT CANVAS|VB. C3 UEFA FIN - ATALANTA/LEVERKUSEN
knowledge|human interest/society|VRT 1|DURF TE VRAGEN
knowledge|nature/environment|VRT 1|DOOR DE BOMEN
fiction|popular drama/comedy|PLAY4|BOMPA BOCKIE
sport|football|ELEVEN PRO LEAGUE 1 NL|VB. JUPILER PRO LEAGUE - RSC ANDERLECHT - CLUB BRUGGE
sport|formula 1|VRT 1|F1. WK. GP. ITALIE (S.)
lifestyle|gardening|VRT 1|GROEIEN & BLOEIEN
fiction|psychologic drama/melodrama|VRT 1|CLOSE TO ME
fiction|psychologic drama/melodrama|VRT CANVAS|CAROL
entertainment|humor|VRT CANVAS|COMEDY CASINO
sport|football|ELEVEN PRO LEAGUE 1 NL|VB. JUPILER PRO LEAGUE - CLUB BRUGGE - R. UNION ST.-G.
lifestyle|human interest/society|VTM|FAMILIES XXL
fiction|thriller|VRT CANVAS|REYKA
fiction|police|VRT 1|THE BROKENWOOD MYSTERIES
fiction|police|VTM|DE BUURTPOLITIE
sport|cycling (road)|VTM|WIELRENNEN. GIRO - RIT 7 FOLIGNO>PERUGIA
knowledge|economy/business|VRT CANVAS|FRONTLINIE
sport|football|VRT 1|VB. BB. FIN - UNION/ANTWERPEN
fiction|police|VTM|ASPE
sport|football|VRT CANVAS|VB. C4 UEFA 1/2F - CL.BRUGGE/FIORENTINA
sport|football|VTM2|VB. C1 UEFA 1/2F - R.MADRID/BAYERN
entertainment|music|VRT 1|MUSTII, DE WEG NAAR MALMO
entertainment|other entertainment|VRT 1|CLIP(S)
sport|football|VTM2|VB. C1 UEFA 1/2F - PARIS-ST-G./DORTMUND
knowledge|human interest/society|VRT CANVAS|OP EEN ANDER
knowledge|modern music/dance|VRT 1|ABBA, AGAINST THE ODDS
sport|cycling (road)|VTM|WIELRENNEN. GIRO - RIT 2 SAN FRANCESCO AL CAMPO>SANTUARIO D
sport|football|ELEVEN PRO LEAGUE 1 NL|VB. JUPILER PRO LEAGUE - R. UNION ST.-G. - RSC ANDERLECHT
sport|cycling (cross)|VRT 1|WIELRENNEN. BK. GRAVEL (S.)
sport|cycling (road)|VTM|WIELRENNEN. GIRO - RIT 1 VENARIA REALE>TORINO
fiction|action|VTM2|BLACK WIDOW
fiction|psychologic drama/melodrama|VRT CANVAS|TRIANGLE OF SADNESS
sport|football|VRT CANVAS|VB. C4 UEFA 1/2F - FIORENTINA/CL.BRUGGE
entertainment|game|VTM|BLIND GESPRONGEN
sport|football|VTM2|VB. C1 UEFA 1/2F - DORTMUND/PARIS-ST-G.
sport|football|VTM2|VB. C1 UEFA 1/2F - BAYERN/R.MADRID
fiction|thriller|VTM|DE KRAAK
sport|football|ELEVEN PRO LEAGUE 1 NL|VB. JUPILER PRO LEAGUE - KRC GENK - CLUB BRUGGE
knowledge|nature/environment|VRT CANVAS|CHERNOBYL, THE NEW EVIDENCE
entertainment|music|VTM|THE VOICE VAN VLAANDEREN
fiction|police|VRT 1|VERA
entertainment|game|VTM|GESTRAND OP HONEYMOON ISLAND
fiction|psychologic drama/melodrama|VRT CANVAS|IL TRADITORE
entertainment|game|VRT 1|RESTAURANT MISVERSTAND
knowledge|humanities/history|VRT CANVAS|HIER EN TOEN
fiction|thriller|VTM|DE KASTEELMOORD
entertainment|game|VTM2|GESTRAND OP HONEYMOON ISLAND
sport|football|ELEVEN PRO LEAGUE 1 NL|VB. JUPILER PRO LEAGUE - R. UNION ST.-G. - CLUB BRUGGE
fiction|action|VTM2|AMERICAN ASSASSIN
fiction|police|VTM3|ASPE
sport|football|VRT CANVAS|VB. C4 UEFA 1/4F - PAOK/CL.BRUGGE
sport|football|VTM2|VB. C1 UEFA 1/4F - MANCHESTER C./R.MADRID
lifestyle|miscellaneous|VTM|HET ONBEKENDE
knowledge|human interest/society|VRT CANVAS|ALS JE EENS WIST
knowledge|nature/environment|VRT CANVAS|WILDERNESS WITH SIMON REEVE
fiction|psychologic drama/melodrama|VRT CANVAS|BAD BEHAVIOUR
fiction|thriller|VRT CANVAS|STEELTOWN MURDERS
knowledge|nature/environment|VRT 1|INSIDE EDINBURGH ZOO
fiction|psychologic drama/melodrama|VRT CANVAS|LA PLACE D'UNE AUTRE
fiction|action|VTM2|THE HITMAN'S BODYGUARD
sport|football|VRT CANVAS|VB. C4 UEFA 1/4F - CL.BRUGGE/PAOK
entertainment|humour|VRT 1|GEUB
knowledge|humanities/history|VRT CANVAS|HET PROCES DAT NIEMAND WOU
information|current affair|VTM|MOORDZAKEN, LEVENSLANG
sport|football|VTM2|VB. C1 UEFA 1/4F - PARIS-ST-G./FC.BARCELONA
knowledge|humanities/history|VRT CANVAS|WIJ ZIJN EUROPA
fiction|popular drama/comedy|VRT 1|JULIET
sport|football|ELEVEN PRO LEAGUE 1 NL|VB. JUPILER PRO LEAGUE - CLUB BRUGGE - RSC ANDERLECHT
knowledge|nature/environment|VRT 1|WILD FAR EAST
knowledge|human interest/society|VTM|ONS DNA
fiction|adventure|VTM3|CALL OF THE WILD
sport|football|VRT 1|VB. EK. KWALIF. D. - BELGIE/SPANJE
fiction|action|VTM2|DEN OF THIEVES
fiction|psychologic drama/melodrama|VRT CANVAS|MADRES PARALELAS
fiction|police|VRT 1|HETERDAAD
knowledge|medecin/health|VRT 1|KOM OP TEGEN KANKER, ALLES IN DE STRIJD
knowledge|nature/environment|VRT 1|WILD HORSES
information|current affair|VTM|HELDEN VAN HIER, DOOR HET VUUR
fiction|fantasy/fairy tale|VTM4|THE FLINTSTONES
sport|football|VTM|VB. VRIEND - ENGELAND/BELGIE
sport|football|VTM|VB. VRIEND - IERLAND/BELGIE (1HT)
sport|football|VTM2|VB. VRIEND - IERLAND/BELGIE (2HT)
knowledge|nature/environment|VRT 1|WILD NEDERLAND
knowledge|nature/environment|VRT 1|INSIDE TARONGA ZOO
fiction|thriller|VRT CANVAS|THE NIGHT CALLER
sport|cycling (road)|VRT 1|WIELRENNEN. E3 SAXO BANK CLASSIC
fiction|psychologic drama/melodrama|VRT CANVAS|NOWHERE SPECIAL
sport|cycling (road)|VRT 1|WIELRENNEN. CLASSIC BRUGGE-DE PANNE D.
sport|figure skating|VRT 1|KUNSTSCHAATSEN. WK. KORTE KUR (S.)
knowledge|economy/politics/society affairs|VRT CANVAS|PUTIN & THE WEST
lifestyle|miscellaneous|VRT 1|GEWOON BUITENGEWOON
sport|other auto sports|VRT 1|AUTO. RALLY BK. SOUTH BELGIAN (S.)
knowledge|nature/environment|VRT 1|WONDROUS & WILD
fiction|action|VTM2|JOHN WICK, CHAPTER 3
fiction|action|VTM2|THE MISFITS
sport|football|VRT CANVAS|VB. C4 UEFA 1/8F - CL.BRUGGE/MOLDE
fiction|popular soap|VTM|SARA
knowledge|economy/politics/society affairs|VRT CANVAS|HET NIEUWE IJZEREN GORDIJN
sport|basketball|VRT 1|BASKET. BB. FIN H. - MECHELEN/BRAINE
lifestyle|show business/variety/stars|PLAY4|CHATEAU MEILAND
sport|other sports|VTM2|DARTS. BLAKLADER OPEN
sport|basketball|VRT 1|BASKET. BB. FIN H. - CHARLEROI/LIMBURG
knowledge|human interest/society|VRT 1|REASONS TO LOVE
lifestyle|travel/tourism|VRT 1|GINO'S ITALIAN EXPRESS
sport|cycling (road)|VRT 1|WIELRENNEN. PARIJS-NICE - RIT 6 SISTERON>LA COLLE-SUR-LOUP
fiction|psychologic drama/melodrama|VRT CANVAS|GREEN BOOK
sport|football|VRT CANVAS|VB. C4 UEFA SCHIFT - UNION ST-GILLOISE/FENERBAHCE
sport|cycling (road)|VRT 1|WIELRENNEN. PARIJS-NICE - RIT 5 SAINT-SAUVEUR-DE-MONTAGUT>SISTERON
sport|cycling (road)|VRT 1|WIELRENNEN. PARIJS-NICE - RIT 4 CHALON-SUR-SAONE>MONT BROUILLY
sport|cycling (road)|VRT 1|WIELRENNEN. PARIJS-NICE - RIT 3 AUXERRE>AUXERRE
sport|cycling (road)|VRT 1|WIELRENNEN. PARIJS-NICE - RIT 2 THOIRY>MONTARGIS
entertainment|game|VRT 1|KAMP WAES
sport|cycling (road)|VRT 1|WIELRENNEN. PARIJS-NICE - RIT 1 LES MUREAUX>LES MUREAUX
sport|cycling (road)|VRT 1|WIELRENNEN. GP. MONSERE
sport|hockey|VRT 1|HOCKEY. ION LEAGUE - LEOPOLD/GANTOISE
sport|other sports|VTM2|DARTS. UK OPEN
sport|formula 1|VRT 1|F1. WK. GP. BAHRAIN (S.)
sport|cycling (road)|VRT 1|WIELRENNEN. STRADE BIANCHE H.
sport|cycling (road)|VRT 1|WIELRENNEN. STRADE BIANCHE D.
fiction|action|VTM|NO TIME TO DIE
knowledge|nature/environment|VRT 1|CANADA, SURVIVING THE WILD NORTH
sport|cycling (road)|VRT CANVAS|WIELRENNEN. STRADE BIANCHE D.
lifestyle|cooking/food/drink|VRT 1|JAMIE'S AMERICAN ROAD TRIP
fiction|fantasy/fairy tale|PLAY4|HOUSE OF THE DRAGON
sport|basketball|VRT CANVAS|VB. BB. 1/2F - ANTWERP/OOSTENDE
entertainment|game|VTM|WAT ZOU JIJ DOEN?
information|human interest/society|VTM|ALLOO IN DE BUITENLANDSE GEVANGENIS
sport|football|VTM2|VB. BB. 1/2F - UNION ST-GILLOISE/CL.BRUGES
entertainment|love/dating|VRT 1|HOTEL ROMANTIEK
entertainment|game|PLAY4|DE EXPEDITIE, GROENLAND
sport|basketball|VRT 1|BASKET. EK. KWALIF H. - BELGIE/SPANJE
knowledge|nature/environment|VRT 1|WHITE WINTER, A SEASON ON THE NORTHERN ALPINE RIM
fiction|action|VTM|SPECTRE
lifestyle|show business/variety/stars|VTM|REGI GAAT TROUWEN
fiction|police|VTM|DE BUURTPOLITIE, VIPS
sport|football|VRT CANVAS|VB. C4 UEFA SCHIFT - EINTRACHT FRANKURT/UNION ST-GILLOISE
lifestyle|show business/variety/stars|VTM2|ASTRID EN NATALIA BACK TO REALITY
fiction|popular drama/comedy|VTM|DE ZONEN VAN VAN AS
knowledge|human interest/society|VRT 1|PERFECT PARENTING
fiction|thriller|VRT CANVAS|THE CAPTURE
information|current affair|VRT CANVAS|NAVALNY
fiction|police|VTM3|ASPE, DE MIDASMOORDEN
knowledge|other knowledge|VRT 1|FRANCISCO DESIR
sport|football|VTM2|VB. C1 UEFA 1/8F - PARIS-ST-G./R.SOCIEDAD
sport|basketball|VRT 1|BASKET. OLYMPISCH KWALIF. D. - BELGIE/NIGERIA
knowledge|nature/environment|VRT 1|AMERICA'S ARCTIC, A REFUGE IMPERILED
fiction|action|VTM|QUANTUM OF SOLACE
fiction|psychologic drama/melodrama|VRT 1|THE ETRUSCAN SMILE
sport|basketball|VRT 1|BASKET. OLYMPISCH KWALIF. D. - BELGIE/SENEGAL
sport|basketball|VRT CANVAS|BASKET. OLYMPISCH KWALIF. D. - VERENIGDE STATEN/BELGIE
sport|football|VTM2|VB. BB. 1/2F - CL.BRUGGE/UNION ST-GILLOISE
sport|cycling (cross)|VRT 1|VELDRIJDEN. MALDEGEM H.
sport|cycling (cross)|VRT 1|VELDRIJDEN. MALDEGEM D.
knowledge|classical arts|VRT CANVAS|MAESTRO DEGAND
information|current affair|VRT CANVAS|OORLOGSREPORTERS
sport|cycling (cross)|VRT 1|VELDRIJDEN. WK. TABOR - ELITE H.
sport|athletics (track/piste)|VRT 1|ATLETIEK. FLANDERS INDOOR GENT
sport|cycling (cross)|VRT CANVAS|VELDRIJDEN. WK. TABOR U23 D.
sport|cycling (cross)|VRT 1|VELDRIJDEN. WK. TABOR - ELITE D.
sport|cycling (cross)|VRT 1|VELDRIJDEN. WK. TABOR U23 H.
sport|cycling (cross)|VRT CANVAS|VELDRIJDEN. WK. TABOR U23 H.
knowledge|nature/environment|VRT 1|GALAPAGOS
sport|cycling (cross)|VRT 1|VELDRIJDEN. WK. TABOR - JUNIOREN D.
fiction|popular drama/comedy|VRT 1|EIGEN KWEEK
sport|cycling (cross)|VRT 1|VELDRIJDEN. WK. TABOR - MIXED TEAM RELAY
knowledge|human interest/society|VRT 1|ZORGEN VOOR MAMA
sport|cycling (cross)|VRT 1|VELDRIJDEN. HOOGERHEIDE H.
sport|cycling (cross)|VRT 1|VELDRIJDEN. HOOGERHEIDE D.
lifestyle|travel/tourism|VRT 1|ZUID-AFRIKA MET GREGG WALLACE
entertainment|variety|VRT 1/VTM/Play4|KASTAARS!
entertainment|game|PLAY5|BIG BROTHER
fiction|police|VRT 1|DALGLIESH
sport|football|VTM2|VB. BB. 1/4F - UNION SINT-GILLIS/ANDERLECHT
information|human interest/society|VTM|LEVEN NA KIM DE GELDER
sport|cycling (cross)|VRT 1|VELDRIJDEN. WB. BENIDORM
fiction|other fiction|PLAY4|DOG
sport|cycling (cross)|VRT 1|VELDRIJDEN. ZONNEBEKE H.
sport|cycling (cross)|VRT 1|VELDRIJDEN. ZONNEBEKE D.
entertainment|variety|VRT 1|HET GALA VAN DE GOUDEN K'S
fiction|thriller|VRT CANVAS|THE SUSPECT
knowledge|nature/environment|VRT 1|ANIMALS WITH CAMERAS
fiction|action|VTM|MEN IN BLACK, INTERNATIONAL
entertainment|variety|VTM|STARSTRUCK
fiction|popular drama/comedy|VRT 1|DE MAAGDENCLUB
sport|football|VRT CANVAS|VB. BK - GENT/CL.BRUGGE
sport|cycling (cross)|VRT 1|VELDRIJDEN. BK. MEULEBEKE H.
sport|cycling (cross)|VRT 1|VELDRIJDEN. BK. MEULEBEKE - BELOFTEN H.
sport|cycling (track/piste)|VRT 1|BAANWIELRENNEN. EK. APELDOORN D.
fiction|police|VTM|COLUMBO
sport|cycling (cross)|VRT 1|VELDRIJDEN. MEULEBEKE D.
entertainment|humour|VRT 1|OESJE!
sport|cycling (cross)|VRT 1|VELDRIJDEN. MEULEBEKE H.
fiction|action|VTM2|THE ICE ROAD
lifestyle|show business/variety/stars|VRT 1|ZIE ONS DOEN
fiction|popular drama/comedy|VTM2|PRETTY WOMAN
fiction|psychologic drama/melodrama|PLAY4|STILLWATER
entertainment|music|VRT 1|WILL TURA NODIGT UIT
lifestyle|show business/variety/stars|VRT 1|RIK VAN LOOY 90
knowledge|photo/film/cinema|VRT CANVAS|THE PRINCESS
lifestyle|travel/tourism|VRT 1|OP WEG MET JAN
sport|cycling (cross)|VRT 1|VELDRIJDEN. ZONHOVEN
fiction|thriller|VRT CANVAS|LANDSCAPERS
fiction|popular drama/comedy|VTM|CINDERELLA
entertainment|variety|VRT 1|WINTER WONDERLAND
fiction|police|VRT 1|ANNIKA
entertainment|humour|VRT CANVAS|XANDER DE RYCKE HOUDT HET VOOR BEKEKEN 2023
entertainment|music|VTM|METEJOOR IN HET SPORTPALEIS
fiction|science fiction|PLAY4|THE TOMORROW WAR
sport|other equestrian sports|VRT 1|PAARDENSPORT. JUMPING MECHELEN
lifestyle|show business/variety/stars|VTM|IK BEN CAMILLE
lifestyle|show business/variety/stars|VTM|ALLOO BIJ...
fiction|police|VTM|CHICAGO P.D.
entertainment|variety|VTM|MIJN BESTE KERST OOIT
sport|cycling (cross)|VRT 1|VELDRIJDEN. BAAL
sport|cycling (cross)|VRT 1|MOUNTAINBIKE. BK. BREDENE (S.)
sport|cycling (cross)|VRT CANVAS|VELDRIJDEN. GP. SVEN NYS - ELITE D.
entertainment|music|VRT 1|#LIKEME IN CONCERT 3
entertainment|humour|VTM|MR. BEAN
fiction|adventure|VRT 1|NIGHT AT THE MUSEUM
entertainment|music|VRT CANVAS|QUEEN, HUNGARIAN RHAPSODY, LIVE IN BUDAPEST
knowledge|photo/film/cinema|VRT CANVAS|PINK FLOYD, THE STORY OF WISH YOU WERE HERE
fiction|thriller|PLAY4|THE GOOD LIAR
sport|cycling (cross)|VRT 1|VELDRIJDEN. HULST H.
sport|cycling (cross)|VRT 1|VELDRIJDEN. HULST D.
fiction|action|VRT 1|GLADIATOR
knowledge|nature/environment|VRT 1|PENGUINS, MEET THE FAMILY
fiction|psychologic drama/melodrama|VRT CANVAS|HONOUR
fiction|fantasy/fairy tale|VTM3|THE JUNGLE BOOK
fiction|adventure|VRT CANVAS|THE SISTERS BROTHERS
sport|cycling (cross)|VRT 1|VELDRIJDEN. DIEGEM H.
entertainment|music|VRT 1|MICHAEL BUBLE'S CHRISTMAS IN THE CITY
information|special event|VRT 1|2023, HET JAAR VAN WATER EN VUUR
sport|cycling (cross)|VRT 1|VELDRIJDEN. HEUSDEN-ZOLDER (S.)
knowledge|human interest/society|VTM2|DE GEVAARLIJKSTE JOBS VAN VLAANDEREN
entertainment|music|VRT 1|EEN WARME KERST MET BELLE PEREZ
sport|football|ELEVEN PRO LEAGUE 1 NL|VB. JUPILER PRO LEAGUE - CLUB BRUGGE/R. UNION ST.-G.
knowledge|human interest/society|VTM|BOER COPPENS
fiction|action|VTM|CHICAGO FIRE
entertainment|music|VRT 1|THE RAT PACK, CHRISTMAS EDITION
fiction|popular drama/comedy|VRT 1|URBANUS, DE VUILNISHELD
knowledge|philosophy/religion|VRT 1|EREDIENST
fiction|fantasy/fairy tale|VRT 1|ICE AGE
fiction|popular drama/comedy|VTM|JINGLE ALL THE WAY
knowledge|nature/environment|VRT CANVAS|PLANET EARTH 3
entertainment|game|PLAY4|BAKE OFF VLAANDEREN KERST
knowledge|classical arts|VRT CANVAS|PAVAROTTI
sport|cycling (cross)|VRT 1|VELDRIJDEN. BK. ANTWERPEN H.
sport|cycling (cross)|VRT 1|VELDRIJDEN. BK. ANTWERPEN D.
knowledge|nature/environment|VRT 1|DOGS IN THE WILD
fiction|fantasy/fairy tale|VRT 1|THE HOBBIT, THE BATTLE OF THE FIVE ARMIES
fiction|popular drama/comedy|VTM|MIRACLE ON 34TH STREET
fiction|police|VTM|DE BUURTPOLITIE, DE KLOK TIKT
entertainment|travel|VTM|JACQUES EN URBAIN OP WERELDTOURNEE
fiction|thriller|PLAY4|STORM LARA
information|communication/message|VRT 1|START GEMIST
entertainment|game|VTM|SNACKMASTERS
information|special event|VRT 1|FILIP, EEN JAAR MET DE KONING DER BELGEN
information|special event|VRT 1|DE WARMSTE MAANDAG
fiction|thriller|VRT 1|ROUGH DIAMONDS
entertainment|variety|VTM|HET BESTE VAN 2023
knowledge|nature/environment|VRT 1|LE JARDIN EXTRAORDINAIRE
fiction|fantasy/fairy tale|VRT 1|THE HOBBIT, THE DESOLATION OF SMAUG
fiction|thriller|VRT 1|GRACE
entertainment|talk|VRT CANVAS|ALLEEN ELVIS BLIJFT BESTAAN
fiction|science fiction|PLAY4|DUNE
sport|football|VRT CANVAS|VB. C3 UEFA SCHIFT - UNION ST-GILLOISE/LIVERPOOL
sport|football|PLAY5|VB. C4 UEFA EUROPA CONFERENCE LEAGUE - CL.BRUGGE/BODOGLIMT
sport|football|VTM2|VB. C1 UEFA SCHIFT - ROYAL ANTWERP FC/FC.BARCELONA
sport|athletics (field/cross)|VRT 1|VELDLOPEN. BK. LAKEN H.
sport|athletics (field/cross)|VRT 1|VELDLOPEN. LAKEN - BELOFTEN D.
sport|athletics (field/cross)|VRT 1|VELDLOPEN. LAKEN - BELOFTEN H.
sport|cycling (cross)|VRT 1|VELDRIJDEN. ESSEN - ELITE D.
fiction|fantasy/fairy tale|VRT 1|THE HOBBIT, AN UNEXPECTED JOURNEY
sport|football|VRT CANVAS|VB. BB. 1/8F - ANDERLECHT/STANDARD
fiction|popular drama/comedy|VRT 1|MIRAKEL N.71
sport|football|VTM2|VB. BB. 1/8F - CL.BRUGGE/ZULTE WAREGEM
knowledge|photo/film/cinema|VRT 1|HET LAATSTE PORTRET
sport|cycling (cross)|VRT 1|VELDRIJDEN. FLAMANVILLE H.
sport|cycling (cross)|VRT 1|VELDRIJDEN. FLAMANVILLE D.
fiction|popular soap|VRT 1|DAG & NACHT
sport|football|VRT 1|VB. EK. LOTING
fiction|thriller|VRT CANVAS|THE UNDECLARED WAR
sport|cycling (cross)|VRT 1|VELDRIJDEN. BOOM (S.)
fiction|police|VRT 1|MCDONALD & DODDS
sport|football|VRT CANVAS|VB. C4 UEFA SCHIFT - FIORENTINA/GENK
sport|football|VTM2|VB. C1 UEFA SCHIFT - SHAKTAR/ANTWERP
knowledge|nature/environment|VRT 1|HOMMES, ANIMAUX, NATURE
sport|formula 1|VRT 1|F1. WK. GP. ABU DHABI (S.)
sport|cycling (cross)|VRT 1|VELDRIJDEN. KORTRIJK H.
sport|cycling (cross)|VRT 1|VELDRIJDEN. KORTRIJK D.
entertainment|game|VTM|THE VOICE KIDS
fiction|police|VRT 1|ENDEAVOUR
fiction|police|PLAY5|THE SPENCER SISTERS
sport|football|VTM|VB. EK. KWALIF - BELGIE/AZERBAIJAN
sport|football|VTM2|VB. EK. KWALIF - BELGIE/AZERBAIJAN
sport|cycling (cross)|VRT 1|VELDRIJDEN. TROYES H. (S.)
sport|other sports|VTM2|DARTS. GRAND SLAM OF DARTS
sport|cycling (cross)|VRT 1|VELDRIJDEN. SUPERPRESTIGE. MERKSPLAS - BELOFTEN H.
fiction|popular drama/comedy|VTM|THE BIG BANG
sport|cycling (cross)|VRT CANVAS|VELDRIJDEN. SUPERPRESTIGE. MERKSPLAS H.
sport|cycling (cross)|VRT CANVAS|VELDRIJDEN. SUPERPRESTIGE. MERKSPLAS D.
sport|football|VTM|VB. VRIEND - BELGIE/SERVIE
knowledge|medecin/health|VRT 1|KINDERZIEKENHUIS 24/7
sport|cycling (cross)|VRT 1|VELDRIJDEN. WB. DENDERMONDE H.
sport|cycling (cross)|VRT 1|VELDRIJDEN. WB. DENDERMONDE D.
sport|basketball|VRT 1|BASKET. EK. KWALIF D. - AZERBEIDZJAN/BELGIE
entertainment|game|VRT 1|#WEETIKVEEL
knowledge|humanities/history|VRT CANVAS|VIKINGS, THE RISE & FALL
fiction|thriller|VRT CANVAS|BLACKWATER
sport|cycling (cross)|VRT 1|VELDRIJDEN. SUPERPRESTIGE. NIEL H. (S.)
fiction|thriller|PLAY5|CRIMINAL MINDS, EVOLUTION
knowledge|human interest/society|VRT 1|DE JAREN 90 VOOR TIENERS
sport|football|VRT CANVAS|VB. C4 UEFA SCHIFT - CL.BRUGGE/LUGANO
knowledge|nature/environment|VRT 1|WILD ORPHAN RESCUE
information|economy/politics/society affairs|VRT 1|GELD GEZOCHT
sport|football|VTM2|VB. C1 UEFA SCHIFT - PORTO/ANTWERP
sport|cycling (cross)|VRT 1|VELDRIJDEN. EK. PONT-CHATEAU H.
sport|cycling (cross)|VRT 1|VELDRIJDEN. EK. PONT-CHATEAU D. - ELITE
sport|cycling (cross)|VRT 1|VELDRIJDEN. EK. PONT-CHATEAU H. - BELOFTEN
sport|cycling (cross)|VRT 1|VELDRIJDEN. EK. PONT-CHATEAU D. - BELOFTEN
fiction|popular drama/comedy|VRT 1|BOOMER
entertainment|humour|VTM|JACQUES VERMEIRE, 5 VOOR 12
lifestyle|home/decorating|VRT 1|ESCAPE TO THE CHATEAU
sport|football|VRT 1|VB. BB. 1/16F - LIERSE/ANTWERPEN
sport|football|VTM2|VB. BB. 1/16F - BEERSCHOT/CL.BRUGGE
knowledge|media|VRT 1|70 JAAR TV
entertainment|talk|VTM|EXEN
fiction|thriller|VRT 1|WAAR IS ELKE WEVERS?
entertainment|game|PLAY4|KLOPJACHT
sport|hockey|VRT 1|HOCKEY. ION LEAGUE (S.) - BRAXGATA/VICTORY
fiction|action|VTM|RED
sport|football|VRT CANVAS|VB. C4 UEFA SCHIFT - GENK/FERENCVAROS
sport|football|PLAY5|VB. C4 UEFA SCHIFT - LUGANO/CL.BRUGGE
sport|football|VTM2|VB. C1 UEFA SCHIFT - ANTWERP/PORTO
lifestyle|miscellaneous|VTM2|DE VUILSTE JOBS VAN VLAANDEREN
fiction|thriller|VRT 1|DE TWAALF
sport|football|ELEVEN PRO LEAGUE 1 NL|VB. JUPILER PRO LEAGUE - Standard de Liege/RSC Anderlecht
fiction|action|VTM3|JOHN RAMBO
sport|tennis|VRT 1|TENNIS. EUROPEAN OPEN FIN.
fiction|popular soap|VTM|LISA
fiction|thriller|VRT CANVAS|DON'T LEAVE ME
information|current affair|VTM|VAN ROSSEM
knowledge|human interest/society|VRT CANVAS|HET DORP ACHTER DE MUUR
sport|football|VTM|VB. EK. KWALIF - BELGIE/ZWEDEN
knowledge|humanities/history|VRT 1|DIANA
information|current affair|VRT CANVAS|CITIZENS AT WAR, A YEAR IN UKRAINE
fiction|action|VTM|THE EQUALIZER 2
sport|football|VTM|VB. EK. KWALIF - OOSTENRIJK/BELGIE
knowledge|nature/environment|VRT CANVAS|VAN PEEL TOT EVENAAR
lifestyle|home/decorating|PLAY4|EXTREME MAKEOVER - VLAANDEREN
lifestyle|mode/lifestyle|VRT CANVAS|DE TATTOO SHOP
knowledge|humanities/history|VRT 1|INTERVIEW MET DE GESCHIEDENIS
sport|cycling (cross)|VRT CANVAS|WIELRENNEN. WK. GRAVEL H.
sport|cycling (road)|VTM|WIELRENNEN. RONDE VAN LOMBARDIJE
sport|football|VRT CANVAS|VB. C3 UEFA SCHIFT - LIVERPOOL/UNION ST-GILLOISE
sport|football|PLAY5|VB. C4 UEFA SCHIFT - BODOGLIMT/FC.BRUGES
sport|football|VTM2|VB. C1 UEFA SCHIFT - ANTWERPEN/SHAKHTAR
fiction|police|VRT 1|FLIKKEN
sport|cycling (cross)|VRT 1|WIELRENNEN. EK. BK. GRAVEL
sport|rally|VRT 1|AUTO. RALLY BK. EAST BELGIAN (S.)
sport|gymnastic|VRT 1|TURNEN. WK. ANTWERPEN
lifestyle|travel/tourism|VTM|JORDY DOET IBIZA
knowledge|nature/environment|VRT CANVAS|ELS ZIET ZE VLIEGEN
knowledge|human interest/society|VRT CANVAS|GODVERGETEN
sport|cycling (road)|VRT 1|WIELRENNEN. EK. WEGRIT DRENTHE H.
sport|cycling (road)|VRT 1|WIELRENNEN. EK. WEGRIT DRENTHE D.
knowledge|nature/environment|VRT 1|DIEREN IN NESTEN
lifestyle|miscellaneous|VRT CANVAS|JAN VAN LOOVEREN LOSLATEN
sport|football|VRT CANVAS|VB. C4 UEFA SCHIFT - CL.BRUGGE/BESIKTAS
sport|football|PLAY5|VB. C3 UEFA SCHIFT - GENK/FIORENTINA
lifestyle|miscellaneous|VTM2|LADY TRUCKERS
sport|cycling (road)|VRT 1|WIELRENNEN. EK. TIJDRIJDEN DRENTHE H.
sport|football|VTM2|VB. C1 UEFA SCHIFT - BAYERN/MANCHESTER U.
sport|football|VTM2|VB. C1 UEFA SCHIFT - FC.BARCELONA/ANTWERPEN
information|economy/politics/society affairs|VTM|HET GROTE GELDDEBAT
sport|cycling (road)|VRT CANVAS|WIELRENNEN. VUELTA - RIT 21 HIPODROMO DE LA ZARZUELA>MADRID P
sport|cycling (road)|VRT 1|WIELRENNEN. VUELTA - RIT 20 MANZANARES EL REAL>GUADARRAMA
sport|cycling (road)|VRT 1|WIELRENNEN. VUELTA - RIT 19 LA BANEZA>ISCAR
sport|cycling (road)|VRT 1|WIELRENNEN. KAMPIOENSCHAP VAN VLAANDEREN H.
sport|cycling (road)|VRT 1|WIELRENNEN. VUELTA - RIT 18 POLA DE ALLANDE>LA CRUZ DE LINARE
sport|cycling (road)|VRT 1|WIELRENNEN. VUELTA - RIT 17 RIBADESELLA/RIBESEYA>ALTU DE L'AN
sport|football|VTM|VB. EK. KWALIF - BELGIE/ESTLAND
sport|cycling (road)|VRT 1|WIELRENNEN. VUELTA - RIT 16 LIENCRES PLAYA>BEJES
knowledge|humanities/history|VRT CANVAS|9/11 LIFE UNDER ATTACK
sport|cycling (road)|VRT 1|WIELRENNEN. VUELTA - RIT 15 PAMPLONA>LEKUNBERRI
entertainment|variety|VTM|MAKE UP YOUR MIND, HET VERHAAL VAN DE QUEENS
sport|football|VTM|VB. EK. KWALIF - AZERBAIJAN/BELGIE
sport|cycling (road)|VRT 1|WIELRENNEN. VUELTA - RIT 14 SAUVETERRE-DE-BEARN>LARRA-BELAGUA
fiction|action|VTM|THE KING'S MAN
fiction|popular comedy|VTM|NONKEL JEF
sport|cycling (road)|VRT 1|WIELRENNEN. VUELTA - RIT 13 FORMIGAL. HUESCA LA MAGIA>COL DU
sport|cycling (road)|VRT 1|WIELRENNEN. VUELTA - RIT 12 OLVEGA>ZARAGOZA
knowledge|human interest/society|VRT CANVAS|CHILDREN OF THE TALIBAN
sport|cycling (road)|VRT 1|WIELRENNEN. VUELTA - RIT 11 LERMA>LA LAGUNA NEGRA. VINUESA
entertainment|variety|VTM|DANK U, DANY
sport|cycling (road)|VRT 1|WIELRENNEN. VUELTA - RIT 10 VALLADOLID>VALLADOLID
lifestyle|show business/variety/stars|VTM|MET DE JORIS
sport|cycling (road)|VRT 1|WIELRENNEN. VUELTA - RIT 9 CARTAGENA>COLLADO DE LA CRUZ DE CA
fiction|police|VRT 1|INSPECTOR MORSE
lifestyle|cooking/food/drink|VRT 1|STANLEY TUCCI SEARCHING FOR ITALY
sport|rally|VRT 1|AUTO. RALLY BK. ROESELARE (S.)
sport|cycling (road)|VRT 1|WIELRENNEN. VUELTA - RIT 8 DENIA>XORRET DE CATI. COSTA BLANCA
fiction|police|VTM|ROOKIE
fiction|action|VTM|THE PATRIOT
fiction|psychologic drama/melodrama|VRT CANVAS|SPENCER
entertainment|humour|VRT CANVAS|XANDER DE RYCKE, DIT TERZIJDE
entertainment|variety|VRT 1|ZOMERAVONDEN
sport|cycling (road)|VRT 1|WIELRENNEN. VUELTA - RIT 6 LA VALL D'UIXO>PICO DEL BUITRE
sport|football|VTM2|VB. C4 UEFA SCHIFT - CL.BRUGGE/OSASUNA
knowledge|architecture/urbanism|VRT CANVAS|L'ALHAMBRA, FORTERESSE MEDITERRANEENNE
entertainment|young amusement|VTM|BITTERSWEET SIXTEEN
sport|football|VTM2|VB. C1 UEFA SCHIFT - ATHENE/ANTWERP
lifestyle|travel/tourism|VRT 1|EVIVA ESPANA
sport|cycling (road)|VRT 1|WIELRENNEN. VUELTA - RIT 5 MORELLA>BURRIANA
entertainment|game|PLAY4|TUSSEN 4 BUREN
lifestyle|human interest/society|VRT 1|BUURMAN, WAT DOET U NU?
sport|cycling (road)|VRT 1|WIELRENNEN. VUELTA - RIT 4 ANDORRA LA VELLA. ANDORRA>TARRAGON
sport|cycling (road)|VRT 1|WIELRENNEN. VUELTA - RIT 3 SURIA>ARINSAL. ANDORRA
entertainment|game|VRT 1|DE KEMPING
knowledge|human interest/society|VRT 1|DELPHINE, MIJN VERHAAL
entertainment|variety|VTM|DAAR DOEN WE HET VOOR
sport|cycling (road)|VRT CANVAS|THE LAST RIDER
lifestyle|travel/tourism|VRT 1|REIZEN WAES EUROPA
fiction|thriller|VRT 1|HET TWEEDE GELAAT
sport|cycling (road)|VRT 1|WIELRENNEN. VUELTA - RIT 2 MATARO>BARCELONA
sport|cycling (road)|VRT 1|WIELRENNEN. RENEWI TOUR - RIT 5 RIEMST>BILZEN
sport|athletics (track/piste)|VRT CANVAS|ATLETIEK. WK. BOEDAPEST
entertainment|variety|VTM|WAT EEN JAAR
sport|formula 1|VRT 1|F1. WK. GP. NEDERLAND (S.)
fiction|popular drama/comedy|VTM|SAFETY FIRST
fiction|popular drama/comedy|VTM|BRASSERIE ROMANTIEK
entertainment|humour|PLAY4|ALEX AGNEW, BE CAREFUL WHAT YOU WISH FOR
entertainment|music|VRT 1|#LIKEME IN CONCERT 4
fiction|action|VTM|HONEST THIEF
sport|cycling (road)|VRT 1|WIELRENNEN. RENEWI TOUR - RIT 4 BERINGEN>PEER
knowledge|nature/environment|VRT 1|SPY IN THE OCEAN
sport|cycling (road)|KETNET|WIELRENNEN. RONDE VAN SPANJE
fiction|fantasy/fairy tale|VTM2|THE DARK TOWER
sport|jumping|VRT 1|PAARDENSPORT. BRUSSELS STEPHEX MASTERS
fiction|psychologic drama/melodrama|VRT 1|SPRAKELOOS
fiction|psychologic drama/melodrama|VRT CANVAS|ZAGROS
entertainment|music|VTM|TIEN OM TE ZIEN (2023)
sport|cycling (road)|VRT 1|WIELRENNEN. RENEWI TOUR - RIT 3 AALTER>GERAARDSBERGEN
lifestyle|pets|VRT 1|THE DOG HOUSE
fiction|psychologic drama/melodrama|VRT CANVAS|MR. JONES
sport|football|VTM2|VB. C4 UEFA SCHIFT - OSASUNA/CL.BRUGGE
entertainment|humour|VTM|...VOOR DUMMIES
sport|cycling (road)|VRT 1|WIELRENNEN. RENEWI TOUR - RIT 2 INDIVIDUELE TIJDRIT IN SLUIS
sport|athletics (track/piste)|Canvas|ATLETIEK. WK. BOEDAPEST
sport|football|VTM2|VB. C1 UEFA SCHIFT - MOLDE/GALATASARAY
sport|cycling (road)|VRT 1|WIELRENNEN. RENEWI TOUR - RIT 1 BLANKENBERGE>ARDOOIE
sport|football|VTM2|VB. C1 UEFA SCHIFT - ANTWERPEN/ATHENS
fiction|popular drama/comedy|PLAY4|MIJN SLECHTSTE BESTE VRIENDIN
fiction|popular drama/comedy|VTM|PATRICK
sport|athletics (track/piste)|VRT 1|ATLETIEK. WK. BOEDAPEST
fiction|police|PLAY5|EAST NEW YORK
entertainment|music|VRT 1|ZOMERHIT 2023
knowledge|human interest/society|VRT 1|BRITAIN'S BUSIEST AIRPORT HEATHROW
sport|football|VRT 1|VB. WK. D. (S.)
fiction|action|VTM|JURASSIC WORLD, FALLEN KINGDOM
entertainment|music|VRT CANVAS|PUKKELPOP LIVE
fiction|thriller|VTM|ANGELS & DEMONS
entertainment|variety|VRT 1|ZOMERAVONDEN
sport|football|VTM2|VB. C3 UEFA SCHIFT - GENK/OLYMPIAKOS
sport|football|VTM2|VB. SUPER EB - MANCHESTER C./SEVILLA
knowledge|nature/environment|Canvas|WILD NEDERLAND
sport|cycling (track/piste)|VRT 1|BAANWIELRENNEN. WK. GLASGOW D.
fiction|thriller|VRT 1|DE ZAAK ALZHEIMER
lifestyle|cooking/food/drink|VRT 1|NADIYA'S AMERICAN ADVENTURE
fiction|popular drama/comedy|VTM|DE COLLEGA'S 2.0
knowledge|nature/environment|Canvas|EARTH'S GREAT RIVERS
knowledge|nature/environment|VRT 1|PATRICK ARYEE'S WILD WORLD
fiction|thriller|VTM|KNIVES OUT
fiction|psychologic drama/melodrama|VRT CANVAS|DES
sport|football|VRT 1|VB. WK. 1/4F D. (S)
knowledge|nature/environment|VRT CANVAS|MEERKAT MANOR - A FAMILY AFFAIR
sport|cycling (track/piste)|VRT 1|BAANWIELRENNEN. WK. GLASGOW H.
fiction|thriller|VTM|THE DA VINCI CODE
fiction|action|VRT CANVAS|THE OLD MAN AND THE GUN
fiction|fantasy/fairy tale|PLAY4|THE LORD OF THE RINGS III
sport|football|VTM2|VB. C4 UEFA SCHIFT - CL.BRUGES/AKUREKRY
sport|cycling (road)|VRT 1|WIELRENNEN. WK. WEGRIT GLASGOW D.
sport|cycling (track/piste)|Canvas|BAANWIELRENNEN. WK. GLASGOW D.
sport|cycling (road)|VRT 1|WIELRENNEN. WK. WEGRIT GLASGOW H.
information|economy/politics/society affairs|Canvas|TRUMP, THE WHITE HOUSE YEARS
fiction|popular drama/comedy|VTM|AANRIJDING IN MOSCOU
lifestyle|pets|VTM|BEESTIG
sport|football|ELEVEN PRO LEAGUE 1 NL|VB. BK - ANDERLECHT/ANTWERPEN
fiction|adventure|VTM|A DOG'S WAY HOME
knowledge|nature/environment|VRT 1|UNKNOWN MADAGASCAR
fiction|thriller|VRT CANVAS|VIGIL
entertainment|humour|VTM|GINA & CHANTAL
fiction|fantasy/fairy tale|PLAY4|THE LORD OF THE RINGS II
sport|cycling (track/piste)|VRT CANVAS|BAANWIELRENNEN. WK. GLASGOW D.
lifestyle|travel/tourism|VRT 1|DWARS DOOR DE MIDDELLANDSE ZEE
sport|cycling (road)|Canvas|WIELERCLUB WATTAGE
lifestyle|home/decorating|PLAY4|HUIZENJAGERS BUITENLAND
lifestyle|mode/lifestyle|VTM|ALLOO SEXPLICIET
sport|football|VTM2|VB. C1 UEFA SCHIFT - GENK/SERVETTE
sport|cycling (road)|VRT 1|WIELRENNEN. RONDE VAN FRANKRIJK D. - RIT 8 PAU>PAU
fiction|psychologic drama/melodrama|VRT 1|ACHTER DE WOLKEN
sport|cycling (road)|VRT 1|WIELRENNEN. RONDE VAN FRANKRIJK D. - MET MAARTEN EN MARIJN
sport|formula 1|Canvas|F1. WK. GP. BAHREIN (S.)
sport|football|ELEVEN PRO LEAGUE 1 NL|VB. BK - CL.BRUGGE/KV.MECHELEN
sport|cycling (road)|VRT 1|WIELRENNEN. RONDE VAN FRANKRIJK D. - RIT 7 LANNEMEZAN>TOURMALET BAGNERES-DE-B
sport|cycling (road)|VRT 1|WIELRENNEN. CLASICA SAN SEBASTIAN
sport|cycling (road)|VRT CANVAS|WIELRENNEN. RONDE VAN FRANKRIJK D. - RIT 7 LANNEMEZAN>TOURMALET BAGNERES-DE-B
fiction|action|VTM|ROBIN HOOD
fiction|thriller|VTM2|THE INVISIBLE MAN
sport|cycling (road)|VRT 1|WIELRENNEN. RONDE VAN FRANKRIJK D. - RIT 6 ALBI>BLAGNAC
sport|football|ELEVEN PRO LEAGUE 1 NL|VB. JUPILER PRO LEAGUE - UNION ST-GILLOISE/ANDERLECHT
sport|cycling (road)|VRT 1|WIELRENNEN. RONDE VAN FRANKRIJK D. - RIT 5 ONET-LE-CHATEAU>ALBI
sport|football|VTM2|VB. UEFA CONFERENCE LEAGUE SCHIFT. - CL.BRUGGE/AARHUS GF
knowledge|humanities/history|VTM|DE JAREN 2000 VOOR DUMMIES
sport|cycling (road)|VRT 1|WIELRENNEN. RONDE VAN FRANKRIJK D. - RIT 4 CAHORS>RODEZ
knowledge|humanities/history|Canvas|STRAFPLEITERS
sport|cycling (road)|VRT 1|WIELRENNEN. RONDE VAN FRANKRIJK D. - RIT 3 COLLONGES-LA-ROUGE>MONTIGNAC-LASCA
fiction|action|VTM2|THE THREE MUSKETEERS
fiction|police|PLAY5|MY LIFE IS MURDER
sport|cycling (road)|VRT 1|WIELRENNEN. RONDE VAN FRANKRIJK D. - RIT 2 CLERMONT-FERRAND>MAURIAC
information|current affair|Canvas|TER ZAKE
lifestyle|travel/tourism|VRT 1|REIZEN WAES
sport|cycling (road)|VRT 1|WIELRENNEN. RONDE VAN FRANKRIJK - RIT 21 SAINT-QUENTIN-EN-YVELINES>PARIS C
sport|cycling (road)|Canvas|WIELRENNEN. RONDE VAN FRANKRIJK - RIT 21 SAINT-QUENTIN-EN-YVELINES>PARIS C
sport|cycling (road)|VRT 1|TOUR DE FRANCE, DE BELGEN OP DE CHAMPS-ELYSEES
sport|cycling (road)|VRT 1|WIELRENNEN. RONDE VAN FRANKRIJK D. - RIT 1 CLERMONT-FERRAND>CLERMONT-FERRAND
sport|fighting sports|VTM|SHE GOOD FIGHTER
lifestyle|travel/tourism|Canvas|SINAN OP ZOEK NAAR HET PARADIJS
sport|cycling (road)|VRT 1|WIELRENNEN. RONDE VAN FRANKRIJK - RIT 20 BELFORT>LE MARKSTEIN FELLERING
fiction|thriller|VRT CANVAS|GONE BABY GONE
fiction|adventure|VTM|SIX DAYS, SEVEN NIGHTS
fiction|fantasy/fairy tale|VTM|THE SECRET LIFE OF PETS 2
information|special event|VRT 1|SPEKTAKEL 21 JULI 2023, HAPPY BELGIUM
sport|cycling (road)|VRT 1|WIELRENNEN. RONDE VAN FRANKRIJK - RIT 19 MOIRANS-EN-MONTAGNE>POLIGNY
fiction|psychologic drama/melodrama|VRT CANVAS|GIRL
sport|cycling (road)|VRT 1|WIELRENNEN. RONDE VAN FRANKRIJK - RIT 18 MOUTIERS>BOURG-EN-BRESSE
knowledge|humanities/history|Canvas|TUSSEN OORLOG EN LEVEN
sport|cycling (road)|VRT 1|WIELRENNEN. RONDE VAN FRANKRIJK - RIT 17 SAINT-GERVAIS MONT-BLANC>COURCHEV
sport|cycling (road)|VRT 1|WIELRENNEN. RONDE VAN FRANKRIJK - RIT 16 PASSY>COMBLOUX
knowledge|nature/environment|VRT 1|ANIMALITIS
sport|cycling (road)|VRT 1|WIELRENNEN. RONDE VAN FRANKRIJK - RIT 15 LES GETS LES PORTES DU SOLEIL>SAI
knowledge|humanities/history|Canvas|TO END ALL WAR, OPPENHEIMER & DE ATOOMBOM
entertainment|variety|VTM|DE ZEVENDE HEMEL
fiction|adventure|VTM4|TWO MULES FOR SISTER SARA
sport|cycling (road)|VRT 1|WIELRENNEN. RONDE VAN FRANKRIJK - RIT 14 ANNEMASSE>MORZINE LES PORTES DU S
knowledge|nature/environment|VRT 1|ELEPHANTS UP CLOSE
fiction|thriller|VRT CANVAS|INNOCENT
entertainment|variety|VRT CANVAS|MAGIC MOMENTS
fiction|police|VRT 1|BALTHAZAR
lifestyle|home/decorating|PLAY4|KOPEN ZONDER KIJKEN
sport|cycling (road)|VRT 1|WIELRENNEN. RONDE VAN FRANKRIJK - RIT 13 CHATILLON-SUR-CHALARONNE>GRAND CO
fiction|action|VRT CANVAS|RIDERS OF JUSTICE
entertainment|game|PLAY4|JOKER
sport|cycling (road)|VRT 1|WIELRENNEN. RONDE VAN FRANKRIJK - RIT 12 ROANNE>BELLEVILLE-EN-BEAUJOLAIS
fiction|action|PLAY5|21 BRIDGES
sport|cycling (road)|VRT 1|WIELRENNEN. RONDE VAN FRANKRIJK - RTI 11 CLERMONT-FERRAND>MOULINS
fiction|action|VTM2|THE BOURNE SUPREMACY
sport|cycling (road)|VRT 1|WIELRENNEN. RONDE VAN FRANKRIJK - RIT 10 VULCANIA>ISSOIRE
knowledge|human interest/society|VTM|DE JAREN '90 VOOR DUMMIES
fiction|thriller|PLAY5|THE FUGITIVE
sport|cycling (road)|VRT 1|WIELRENNEN. RONDE VAN FRANKRIJK - RIT 9 SAINT-LEONARD-DE-NOBLAT>PUY DE DOM
knowledge|nature/environment|VRT 1|THE PYRENEES
lifestyle|miscellaneous|VTM|DIEF!
sport|cycling (road)|VRT 1|WIELRENNEN. RONDE VAN FRANKRIJK
fiction|action|VTM|MISSION IMPOSSIBLE, FALLOUT
fiction|other fiction|VRT 1|HET VARKEN VAN MADONNA
information|current affair|Canvas|VRANCKX
fiction|thriller|Canvas|INNOCENT
entertainment|variety|VTM|GROETEN UIT...
fiction|adventure|VRT 1|ROBIN HOOD - PRINCE OF THIEVES
fiction|psychologic drama/melodrama|Canvas|12 YEARS A SLAVE
fiction|adventure|PLAY4|INDIANA JONES AND THE KINGDOM OF THE CRYSTAL SKULL
sport|cycling (road)|VRT 1|WIELRENNEN. RONDE VAN FRANKRIJK - RIT 6 TARBES>CAUTERETS-CAMBASQUE
fiction|thriller|PLAY5|GONE GIRL
sport|cycling (road)|VRT 1|WIELRENNEN. RONDE VAN FRANKRIJK - RIT 5 PAU>LARUNS
entertainment|variety|VTM|HET LICHAAM VAN COPPENS
sport|cycling (road)|VRT 1|WIELRENNEN. RONDE VAN FRANKRIJK - RIT 4 DAX>NOGARO
knowledge|humanities/history|Canvas|SABENA
fiction|popular drama/comedy|VTM2|DIRTY DANCING
sport|cycling (road)|VRT 1|WIELRENNEN. RONDE VAN FRANKRIJK - RIT 3 AMOREBIETA-ETXANO>BAYONNE
sport|cycling (road)|Canvas|WIELRENNEN. RONDE VAN FRANKRIJK - RIT 3 AMOREBIETA-ETXANO>BAYONNE
sport|formula 1|VRT 1|F1. WK. GP. BAHREIN (S.)
fiction|action|VTM3|THE EQUALIZER
sport|all sports|VTM|ALLES VOOR DE SPELEN
knowledge|human interest/society|VRT 1|WHERE THE WILD MEN ARE
fiction|popular drama/comedy|VTM|BOYS
fiction|police|PLAY5|NCIS, LOS ANGELES
knowledge|nature/environment|VRT 1|AFRICA'S LOST WORLD
fiction|popular drama/comedy|VTM|JOHNNY ENGLISH, STRIKES AGAIN
entertainment|music|Canvas|ROCK WERCHTER LIVE
fiction|action|VTM2|PATSER
fiction|popular drama/comedy|VTM|FORREST GUMP
sport|cycling (road)|Canvas|WIELRENNEN. RONDE VAN FRANKRIJK
fiction|adventure|PLAY4|INDIANA JONES AND THE LAST CRUSADE
sport|cycling (road)|VRT 1|CLASSIQUE GILBERT
entertainment|variety|VRT 1|8ERAF!
knowledge|human interest/society|VTM|VERMASSEN
entertainment|variety|PLAY4|SHALOM ALLEMAAL!
sport|football|Canvas|VB. EK. U21 SCHIFT. - PORTUGAL/BELGIE
sport|cycling (road)|VRT 1|WIELRENNEN. BK. IZEGEM
sport|basketball|VRT 1|BASKET. EK. D. - SPANJE/BELGIE
fiction|popular drama/comedy|VRT 1|LA GRANDE VADROUILLE
sport|cycling (road)|Canvas|WIELRENNEN. BK. IZEGEM D.
fiction|popular drama/comedy|VTM|SAFETY FIRST, THE MOVIE
knowledge|show business/variety/stars|Canvas|THE MYSTERIOUS MR LAGERFELD
entertainment|variety|PLAY4|PATIENT DOMPI
fiction|action|VTM3|CONAN THE BARBARIAN
sport|basketball|Canvas|BASKET. EK. D. - BELGIE/FRANKRIJK
sport|football|Canvas|VB. EK. U21 SCHIFT. - BELGIE/GEORGIE
entertainment|variety|VTM|30 JAAR FAMILIE FEEST
fiction|adventure|VTM|CALL OF THE WILD
fiction|adventure|VRT 1|THE FORBIDDEN KINGDOM
knowledge|nature/environment|VRT 1|NATURE'S NURSERIES
fiction|action|VTM2|THE LAST DUEL
fiction|adventure|PLAY4|INDIANA JONES AND THE TEMPLE OF DOOM
fiction|action|VTM2|BLOODSHOT
sport|cycling (road)|VRT 1|WIELRENNEN. BK. TIJDRIJDEN HERZELE
sport|football|Canvas|VB. EK. U21 SCHIFT. - BELGIE/NEDERLAND
sport|football|VTM|VB. EK. KWALIF - ESTLAND/BELGIE
knowledge|humanities/history|Canvas|HEIZEL 1985
fiction|psychologic drama/melodrama|VRT 1|DAENS
sport|cycling (road)|VRT 1|WIELRENNEN. BALOISE BELGIUM TOUR - RIT 5 BRUSSEL>BRUSSEL
sport|football|VTM|VB. NATIONS LEAGUE UEFA FIN - CROATIA/SPAIN
sport|basketball|VRT 1|BASKET. EK. D. - BELGIE/ITALIE
sport|football|VTM|VB. EK. KWALIF - BELGIE/OOSTENRIJK
fiction|drama/comedy|VRT 1|UNBROKEN
information|current affair|Canvas|DE AFSPRAAK
fiction|drama/comedy|Canvas|COLETTE
sport|basketball|VRT 1|BASKET. EK. D. - BELGIE/ISRAEL
sport|athletics (track/piste)|VRT 1|ATLETIEK. OSLO (S.)
knowledge|humanities/history|Canvas|DE EEUWIGE OORLOG
sport|cycling (road)|VRT 1|WIELRENNEN. BALOISE BELGIUM TOUR - RIT 1 SCHERPENHEUVEL-ZICHEM>SCHERPENHEUV
knowledge|human interest/society|Canvas|MIRAKEL N.71
fiction|popular drama/comedy|VRT 1|FC DE KAMPIOENEN 4, VIVA BOMA
sport|cycling (road)|VRT 1|WIELRENNEN. ELFSTEDENRONDE
sport|cycling (road)|VRT 1|WIELRENNEN. CRITERIUM DU DAUPHINE - RIT 8 LE PONT-DE-CLAIX>LA BASTILLE
sport|cycling (road)|VRT 1|WIELRENNEN. DWARS DOOR HAGELAND D. (S.)
knowledge|culture/folklore/tradition|Canvas|LANGS DE NIEUWE ZIJDEROUTE
lifestyle|show business/variety/stars|VTM|ANDY OP PATROUILLE
sport|football|VTM2|VB. C1 UEFA 1/4F
entertainment|humour|VRT 1|GEUBELS EN DE HOLLANDERS
sport|cycling (road)|VRT 1|WIELRENNEN. CRITERIUM DU DAUPHINE - RIT 7 PORTE-DE-SAVOIE>COL DE LA CROIX DE
sport|cycling (road)|VRT 1|WIELRENNEN. CRITERIUM DU DAUPHINE - RIT 6 NANTUA>CREST-VOLAND
entertainment|game|VRT 1|CAMPUS CUP
sport|tennis|VRT 1|KIM CLIJSTERS COME BACK HOME
sport|cycling (road)|VRT 1|WIELRENNEN. CRITERIUM DU DAUPHINE - RIT 5 CORMORANCHE-SUR-SAONE>SALINS-LES-B
sport|football|Canvas|VB. C4 UEFA FIN - FIORENTINA/WEST HAM
sport|cycling (road)|VRT 1|WIELRENNEN. CRITERIUM DU DAUPHINE - RTI 4 COURS>BELMONT-DE-LA-LOIRE
sport|cycling (road)|VRT 1|WIELRENNEN. CRITERIUM DU DAUPHINE - RIT 3 MONISTROL-SUR-LOIRE>LE COTEAU
sport|all sports|Canvas|EXTRA TIME
sport|cycling (road)|VRT 1|WIELRENNEN. CRITERIUM DU DAUPHINE - RIT 2 BRASSAC-LES-MINES>LA CHAISE-DIEU
fiction|popular drama/comedy|VRT 1|FC DE KAMPIOENEN 3, FOREVER
sport|football|ELEVEN PRO LEAGUE 1 NL|VB. BK - GENK/ANTWERPEN
sport|cycling (road)|VRT 1|WIELRENNEN. CRITERIUM DU DAUPHINE - RIT 1 CHAMBON-SUR-LAC>CHAMBON-SUR-LAC
sport|cycling (road)|VRT 1|WIELRENNEN. HEISTSE PIJL
fiction|drama/comedy|VTM|A FEW GOOD MEN
fiction|drama/comedy|VRT 1|ALS DE DIJKEN BREKEN
fiction|thriller|Canvas|PROMISING YOUNG WOMAN
knowledge|human interest/society|VRT 1|EEN JAAR VAN YOICA
sport|football|Canvas|VB. C3 UEFA FIN - SEVILLA FC/AS ROMA
information|special event|Canvas|UKRAINE'S WAR DIARIES
fiction|popular drama/comedy|VRT 1|FC DE KAMPIOENEN 2, JUBILEE GENERAL!
sport|football|ELEVEN PRO LEAGUE 1 NL|VB. BK - ANTWERPEN/UNION ST-GILLOISE
knowledge|humanities/history|Canvas|THE REAL CROWN
knowledge|books/writing/drawing|VRT 1|DE BOEKATHON
sport|football|ELEVEN PRO LEAGUE 1 NL|VB. BK - CL.BRUGGE/GENK
fiction|police|Canvas|CARDINAL
fiction|thriller|VRT 1|SUSPECTS
fiction|action|VTM|911
fiction|popular drama/comedy|VTM2|FLODDER III
knowledge|photo/film/cinema|Canvas|TINA
entertainment|humour|PLAY4|BORIS
fiction|popular drama/comedy|VRT 1|F.C. DE KAMPIOENEN, KAMPIOEN ZIJN BLIJFT PLEZANT
sport|cycling (road)|VRT 1|WIELRENNEN. ANTWERPEN PORT EPIC
sport|football|ELEVEN PRO LEAGUE 1 NL|VB. BK - CL.BRUGES/ANTWERPEN
fiction|thriller|Canvas|AGENT HAMILTON
fiction|popular drama/comedy|VTM2|FLODDER IN AMERIKA!
sport|cycling (road)|VRT 1|WIELRENNEN. CIRCUIT DE WALLONIE
lifestyle|travel/tourism|VTM|IK VERTREK
entertainment|music|VRT 1|WILL TURA, HOOP DOET LEVEN
entertainment|humour|PLAY4|HELDEN VAN HET INTERNET
fiction|action|VTM2|ESCAPE PLAN
sport|football|ELEVEN PRO LEAGUE 1 NL|VB. BK - ANTWERPEN/CL.BRUGGE
fiction|action|VTM|ANGEL HAS FALLEN
sport|golf|VRT 1|SOUDAL OPEN
entertainment|talk|PLAY4|DE TAFEL VAN VIER
knowledge|human interest/society|Canvas|LAURENT, PRINS OP OVERSCHOT
entertainment|music|VRT 1|GUSTAPH, DE WEG NAAR LIVERPOOL
information|human interest/society|VTM|HELDEN VAN HIER, POLITIE OOSTENDE
lifestyle|travel/tourism|VTM|IK VERTREK UIT VLAANDEREN
entertainment|music|VRT 1|ABBA FOREVER, THE WINNER TAKES IT ALL
fiction|drama/comedy|VRT 1|ZONDER AFSPRAAK
entertainment|music|VTM|CAMILLE, LIVE IN DE LOTTO ARENA
sport|football|ELEVEN PRO LEAGUE 1 NL|VB. BK - ANTWERPEN/GENK
fiction|popular drama/comedy|VTM|DOCTOR DOLITTLE
knowledge|human interest/society|VRT 1|CHARLES R, THE MAKING OF A MONARCH
fiction|western|Canvas|HOSTILES
knowledge|media|Canvas|GUY MORTIER, SCHUDDEN VOOR GEBRUIK
lifestyle|home/decorating|VRT 1|ONS HUIS, NIEUWE HUIS
information|current affair|VRT 1|DE CEL VERMISTE PERSONEN
information|general news|EEN|HET 7 UUR-JOURNAAL
fiction|popular soap|EEN|THUIS
entertainment|variety|EEN|IEDEREEN BEROEMD
knowledge|human interest/society|EEN|EEN JAAR OP ZEE
entertainment|game|EEN|BLOKKEN
information|general news|EEN|HET 1 UUR-JOURNAAL
entertainment|game|EEN|CAMPUS CUP
lifestyle|cooking/food/drink|EEN|DAGELIJKSE KOST
information|general news|EEN|HET JOURNAAL LAAT
sport|other sports|EUROSPORT 1 (NL)|SNOOKER. WORLD CHAMPIONSHIP
fiction|police|EEN|FLIKKEN
information|current affair|EEN|DE NOODCENTRALE
lifestyle|home/decorating|EEN|CHATEAU PLANCKAERT
sport|all sports|EEN|SPORTWEEKEND
fiction|drama/comedy|EEN|ARCADIA
sport|basketball|VTM|VB. BB. 1/2F
information|current affair|EEN|DE ZEVENDE DAG
entertainment|music|VTM|STUDIO GUGA, ONGEHOORD
knowledge|human interest/society|EEN|LAURENT, PRINS OP OVERSCHOT
fiction|drama/comedy|EEN|ZONDER AFSPRAAK
sport|football|ELEVEN PRO LEAGUE 1 NL|VB. BK - GENK/CE.BRUGGE
entertainment|humour|EEN|GEUBELS EN DE HOLLANDERS
entertainment|humour|VTM|COMEDY TOPPERS
entertainment|variety|EEN|FC DE KAMPIOENEN
lifestyle|travel/tourism|EEN|VLAANDEREN VAKANTIELAND
fiction|popular drama/comedy|EEN|#LIKEME
information|economy/politics/society affairs|EEN|DE MARKT
knowledge|nature/environment|EEN|DIEREN IN NESTEN
knowledge|nature/environment|EEN|THE ZOO
fiction|action|VTM2|AVENGERS, ENDGAME
fiction|police|EEN|ENDEAVOUR
fiction|popular drama/comedy|EEN|OASIS
fiction|adventure|EEN|MET DE WIND MEE
fiction|popular drama/comedy|EEN|DE WONDERJAREN
information|current affair|EEN|PANO
information|current affair|EEN|DE CEL VERMISTE PERSONEN
knowledge|human interest/society|Canvas|WAAROM WACHTEN
sport|cycling (road)|EEN|WIELRENNEN. LUIK-BASTENAKEN-LUIK H.
sport|basketball|EEN|BASKET. BK. FIN H. (S.)
sport|cycling (road)|Canvas|WIELRENNEN. LUIK-BASTENAKEN-LUIK D.
knowledge|humanities/history|Canvas|PUTIN & THE WEST
fiction|police|EEN|VERA
fiction|thriller|Canvas|CROSSFIRE
fiction|adventure|EEN|SEVEN YEARS IN TIBET
fiction|popular drama/comedy|EEN|DERTIGERS
sport|football|Canvas|VB. C3 UEFA 1/4F - UNION ST-GILLOISE/LEVERKUSEN
sport|football|PLAY5|UEFA EUROPA LEAGUE, HOOGTEPUNTEN
sport|cycling (road)|EEN|WIELRENNEN. WAALSE PIJL H.
knowledge|philosophy/religion|Canvas|MIJN GOD
sport|cycling (road)|EEN|WIELRENNEN. AMSTEL GOLD RACE H.
sport|cycling (road)|EEN|WIELRENNEN. AMSTEL GOLD RACE D.
knowledge|human interest/society|EEN|PATRICK LEFEVERE, GODFATHER VAN DE KOERS
knowledge|culture/folklore/tradition|EEN|SOUTH KOREA WITH ALEXANDER ARMSTRONG
entertainment|music|VTM|MAMMA MIA! HERE WE GO AGAIN
entertainment|humour|PLAY4|AUWCH
sport|football|ELEVEN PRO LEAGUE 1 NL|VB. BK - WESTERLO/CL.BRUGGE
fiction|popular drama/comedy|EEN|SWITCH
fiction|thriller|EEN|REDEMPTION
fiction|psychologic drama/melodrama|EEN|THE GLASS CASTLE
information|current affair|Canvas|FRONTLINIE
fiction|psychologic drama/melodrama|Canvas|BECOMING ASTRID
sport|football|Canvas|VB. C3 UEFA 1/4F - LEVERKUSEN/UNION ST-GILLOISE
sport|football|Canvas|EUROPA AND CONFERENCE LEAGUE
sport|cycling (road)|EEN|WIELRENNEN. BRABANTSE PIJL
knowledge|human interest/society|Canvas|PATRICK LEFEVERE, GODFATHER VAN DE KOERS
information|current affair|EEN|ONDER DE RADAR
information|current affair|PLAY4|RECHT NAAR DE GEVANGENIS
sport|all sports|EEN|SPORZA
entertainment|talk|EEN|DE IDEALE WERELD
sport|football|ELEVEN PRO LEAGUE 1 NL|VB. BK - STANDARD/GENK
lifestyle|mode/lifestyle|VTM2|ALLOO SEXPLICIET
sport|cycling (road)|EEN|WIELRENNEN. PARIJS-ROUBAIX D.
fiction|thriller|Canvas|FACE TO FACE
knowledge|nature/environment|EEN|BORN TO BE WILD
sport|football|ELEVEN PRO LEAGUE 1 NL|VB. BK - CL.BRUGGE/SERAING
entertainment|game|EEN|1 JAAR GRATIS
knowledge|human interest/society|Canvas|ZOLANG WE NOG KUNNEN
sport|cycling (road)|EEN|WIELRENNEN. SCHELDEPRIJS
sport|football|VTM2|VB. SP.K 1/2F
sport|cycling (road)|EEN|WIELRENNEN. RONDE VAN VLAANDEREN H.
sport|cycling (road)|EEN|WIELRENNEN. RONDE VAN VLAANDEREN D.
sport|football|ELEVEN PRO LEAGUE 1 NL|VB. BK - KV.MECHELEN/CL.BRUGGE
knowledge|nature/environment|EEN|HOMMES, ANIMAUX, NATURE
fiction|psychologic drama/melodrama|EEN|BREATHE
sport|cycling (road)|EEN|VIVE LE VELO, LEVE DE RONDE
fiction|popular soap|PLAY4|TULPEN UIT ANTWERPEN
sport|cycling (road)|EEN|WIELRENNEN. DWARS DOOR VLAANDEREN
sport|football|VTM|VB. VRIEND - DUITSL/BELG
sport|cycling (road)|EEN|WIELRENNEN. GENT-WEVELGEM H.
sport|cycling (road)|EEN|WIELRENNEN. GENT-WEVELGEM D.
sport|cycling (road)|Canvas|WIELRENNEN. GENT-WEVELGEM H.
entertainment|variety|EEN|THE GREATEST DANCER
lifestyle|show business/variety/stars|VTM|DE VERMEIRES
fiction|popular drama/comedy|VTM|PRETTY WOMAN
lifestyle|home/decorating|EEN|PERFECT PARENTING
fiction|thriller|Canvas|HIDDEN
sport|cycling (road)|EUROSPORT 1 (NL)|CYCL. VOLTA A CATALUNYA
sport|football|VTM|VB. EK. KWALIF
sport|cycling (road)|EEN|WIELRENNEN. E3 SAXO BANK CLASSIC
fiction|police|EEN|THE BROKENWOOD MYSTERIES
fiction|thriller|PLAY4|THE UNDOING
sport|cycling (road)|EEN|WIELRENNEN. 3-DAAGSE BRUGGE-DE PANNE D.
knowledge|nature/environment|EEN|WILD CHINA WITH RAY MEARS
sport|cycling (road)|EEN|WIELRENNEN. 3-DAAGSE BRUGGE-DE PANNE H.
entertainment|talk|Canvas|DE IDEALE WERELD
entertainment|love/dating|VTM|VERLIEFD, VERLOOFD, GETROUWD IN 24U
information|special event|EEN|LUCHTHAVEN 24/7
information|weather|EEN|DANK WEERMAN FRANK
entertainment|variety|EEN|RESTAURANT MISVERSTAND
fiction|police|EEN|LEWIS
sport|basketball|EEN|BASKET. BB. FIN (S.)
sport|football|ELEVEN PRO LEAGUE 1 NL|VB. BK - LEUVEN/ANDERLECHT
entertainment|humour|EEN|LOSLOPEND WILD
knowledge|humanities/history|EEN|HET VERHAAL VAN VLAANDEREN
fiction|action|VTM|TOP GUN
sport|cycling (road)|EEN|WIELRENNEN. BREDENE KOKSIJDE CLASSIC
sport|football|Canvas|VB. C3 UEFA 1/8F - UNION ST-GILLOISE/UNION BERLIN
fiction|thriller|VTM|DE BUNKER
sport|cycling (road)|EEN|WIELRENNEN. NOKERE KOERSE H.
fiction|thriller|EEN|1985
sport|cycling (road)|EEN|WIELRENNEN. PARIJS-NICE - RIT 8 NICE>NICE
sport|football|ELEVEN PRO LEAGUE 1 NL|VB. BK - GENK/UNION ST-GILLOISE
sport|cycling (road)|EEN|WIELRENNEN. PARIJS-NICE
knowledge|nature/environment|EEN|ONZE NATUUR
sport|cycling (road)|EUROSPORT 1 (NL)|CYCL. TIRRENO-ADRIATICO
knowledge|photo/film/cinema|EEN|GIRL WITH A PEARL EARRING
information|current affair|EEN|WAAR IS ELKE WEVERS?
sport|football|Canvas|VB. C4 UEFA 1/8F - ANDERLECHT/VILLARREAL
information|economy/politics/society affairs|EEN|VILLA POLITICA
information|general news|VTM|NIEUWS VTM
information|general news|EEN|VRT NWS JOURNAAL
sport|cycling (road)|EEN|WIELRENNEN. GP. MONSERE
sport|athletics (track/piste)|EEN|ATLETIEK. EK. INDOOR ISTANBUL
sport|football|ELEVEN PRO LEAGUE 1 NL|VB. BK - GENT/ANDERLECHT
sport|athletics (track/piste)|Canvas|ATLETIEK. EK. INDOOR ISTANBUL
fiction|adventure|Canvas|BILLY THE KID
fiction|adventure|VTM3|THE LEGEND OF ZORRO
sport|cycling (road)|EEN|WIELRENNEN. STRADE BIANCHE H.
information|special event|EEN|SYRIE TURKIJE 12-12
sport|cycling (road)|Canvas|WIELRENNEN. STRADE BIANCHE D.
fiction|thriller|Canvas|THE TRUTH WILL OUT
knowledge|human interest/society|Canvas|VERKRACHT AAN HET FRONT
knowledge|humanities/history|Canvas|THE WINDERMERE CHILDREN
sport|football|ELEVEN PRO LEAGUE 1 NL|VB. BK - OOSTENDE/CL.BRUGGE
fiction|popular drama/comedy|PLAY4|LIEFDESTIPS AAN MEZELF
information|current affair|EEN|DE DAG VAN VANDAAG
sport|football|Canvas|VB. BB. 1/2F - ANTWERP/UNION ST-GILLOISE
information|current affair|EEN|TUSSEN OORLOG EN LEVEN
knowledge|nature/environment|Canvas|ONZE NATUUR
sport|cycling (road)|EEN|WIELRENNEN. GP. SAMYN H.
sport|cycling (road)|EEN|WIELRENNEN. GP. SAMYN D.
information|traffic/transport|EEN|BRITAIN'S BUSIEST AIRPORT HEATHROW
knowledge|medecin/health|EEN|LICHTPUNTJES TEGEN KANKER
sport|cycling (road)|EEN|WIELRENNEN. KUURNE-BRUSSEL-KUURNE
sport|athletics (field/cross)|EEN|VELDLOPEN. BK. BRUSSEL H.
sport|athletics (field/cross)|EEN|VELDLOPEN. BK. BRUSSEL D.
sport|football|ELEVEN PRO LEAGUE 1 NL|VB. BK - ANDERLECHT/STANDARD
entertainment|talk|PLAY4|JAN JAAP OP ZONDAG
sport|football|ELEVEN PRO LEAGUE 1 NL|VB. BK - CL.BRUGGE/GENT
sport|cycling (road)|EEN|WIELRENNEN. OMLOOP HET NIEUWSBLAD H.
sport|cycling (road)|EEN|WIELRENNEN. OMLOOP HET NIEUWSBLAD D.
information|current affair|EEN|DE WEEK VAN BRUZZ
fiction|police|VTM|BAANTJER
lifestyle|travel/tourism|EEN|GREAT ASIAN RAILWAY JOURNEYS
fiction|popular drama/comedy|EEN|MISS PETTIGREW LIVES FOR A DAY
fiction|thriller|PLAY4|MARE OF EASTTOWN
information|current affair|VTM|1 JAAR OORLOG IN OEKRAINE, MET EEN VLAMING AAN HET FRONT
sport|football|Canvas|VB. C4 UEFA SCHIFT - GENT/QARABAG
sport|football|PLAY5|VB. C4 UEFA SCHIFT - ANDERLECHT/LUDOGORETS
knowledge|nature/environment|EEN|HET HOGE NOORDEN
lifestyle|leisure/hobby|Canvas|DE WEEKENDEN
lifestyle|leisure/hobby|VTM|ALLOO IN DE NACHT
sport|cycling (cross)|EEN|VELDRIJDEN. BRUSSEL H.
sport|cycling (cross)|EEN|VELDRIJDEN. BRUSSEL D.
sport|football|ELEVEN PRO LEAGUE 1 NL|VB. BK - CE.BRUGGE/CL.BRUGGE
sport|football|ELEVEN PRO LEAGUE 1 NL|VB. BK - KORTRIJK/ANDERLECHT
fiction|popular drama/comedy|VTM3|JOHNNY ENGLISH REBORN
sport|cycling (cross)|VTM|VELDRIJDEN. SINT-NIKLAAS H.
entertainment|variety|VTM|DE JACQUES VERMEIRE SHOW
fiction|psychologic drama/melodrama|Canvas|DOUBT
knowledge|nature/environment|EEN|SPY IN THE WILD
fiction|popular drama/comedy|EEN|DEATH AT A FUNERAL
sport|football|Canvas|VB. C4 UEFA SCHIFT - LUDOGORETS/ANDERLECHT
sport|other sports|VTM2|DARTS. PREMIER LEAGUE
sport|football|VTM2|VB. C1 UEFA 1/8F
sport|cycling (cross)|EEN|VELDRIJDEN. LILLE H.
sport|cycling (cross)|EEN|VELDRIJDEN. LILLE D.
sport|cycling (track/piste)|EEN|BAANWIELRENNEN. EK. GRENCHEN
sport|cycling (track/piste)|EEN|BAANWIELRENNEN. EK. GRENCHEN H.
information|current affair|Canvas|WAGNER, HET SCHADUWLEGER VAN POETIN
lifestyle|leisure/hobby|EEN|DE WEEKENDEN
fiction|action|VTM|BAD BOYS FOR LIFE
fiction|thriller|Canvas|VIEWPOINT
fiction|psychologic drama/melodrama|Canvas|BROKEBACK MOUNTAIN
sport|cycling (cross)|PLAY SPORTS OPEN|VELDRIJDEN. MIDDELKERKE
information|communication/message|VTM|SOS 112
sport|football|ELEVEN PRO LEAGUE 1 NL|VB. BK - CL.BRUGGE/UNION ST-GILLOISE
fiction|psychologic drama/melodrama|EEN|GOOD WILL HUNTING
information|current affair|Canvas|UKRAINE, THE PEOPLE'S FIGHT
fiction|psychologic drama/melodrama|EEN|DAGEN ZONDER BROER
fiction|police|EEN|WITSE
sport|cycling (cross)|EEN|VELDRIJDEN. WK. HOOGERHEIDE - ELITE H.
sport|athletics (track/piste)|EEN|ATLETIEK. FLANDERS INDOOR GENT
sport|cycling (cross)|Canvas|VELDRIJDEN. WK. HOOGERHEIDE - JUNIOREN H.
sport|cycling (cross)|Canvas|VELDRIJDEN. WK. HOOGERHEIDE - BELOFTEN D.
sport|all sports|Canvas|SPORZA
sport|cycling (cross)|EEN|VELDRIJDEN. WK. HOOGERHEIDE - ELITE D.
sport|cycling (cross)|EEN|VELDRIJDEN. WK. HOOGERHEIDE - BELOFTEN H.
fiction|action|VTM|FAST & FURIOUS, HOBBS & SHAW
lifestyle|cooking/food/drink|EEN|JAMIE'S EASY MEALS FOR EVERY DAY
sport|cycling (cross)|Canvas|VELDRIJDEN. WK. HOOGERHEIDE - BELOFTEN H.
sport|cycling (cross)|EEN|VELDRIJDEN. WK. HOOGERHEIDE - JUNIOREN D.
entertainment|love/dating|EEN|FIRST DATES
sport|cycling (cross)|Canvas|EXTRA TIME CROSS
fiction|popular drama/comedy|EEN|MY ONE AND ONLY
fiction|police|VTM|CHICAGO MED
sport|football|Canvas|VB. BB. 1/2F - ZULTE WAREGEM/KV.MECHELEN
information|current affair|VTM|BORDER SECURITY (USA)
knowledge|human interest/society|EEN|HET HUIS
sport|cycling (cross)|EEN|VELDRIJDEN. BESANCON H.
sport|cycling (cross)|EEN|VELDRIJDEN. BESANCON D.
sport|football|ELEVEN PRO LEAGUE 1 NL|VB. BK - ZULTE WAREGEM/CL.BRUGGE
entertainment|variety|EEN, VTM, PLAY|KASTAARS!
sport|cycling (cross)|EEN|VELDRIJDEN. FLANDRIENCROSS H.
sport|cycling (cross)|EEN|VELDRIJDEN. FLANDRIENCROSS D.
entertainment|game|VTM|TUSSEN 2 VUREN
fiction|action|VTM|THE HEAT
fiction|adventure|EEN|GR5
sport|football|ELEVEN PRO LEAGUE 1 NL|VB. BK - KV.MECHELEN/WESTERLO
fiction|police|EEN|RIDLEY
fiction|adventure|VTM|SONIC THE HEDGEHOG
fiction|psychologic drama/melodrama|Canvas|DISOBEDIENCE
sport|other sports|VTM2|DARTS. MASTERS
information|other information|VTM|BORDER SECURITY
entertainment|music|EEN|MUSIC INDUSTRY AWARDS
information|current affair|Canvas|UKRAINE, THE ROAD TO WAR
lifestyle|home/decorating|VTM|TINY HOUSE BATTLE
sport|cycling (cross)|PLAY SPORTS OPEN|VELDRIJDEN. WB. BENIDORM H.
sport|cycling (cross)|PLAY SPORTS OPEN|VELDRIJDEN. WB. BENIDORM D.
sport|football|ELEVEN PRO LEAGUE 1 NL|VB. BK - CL.BRUGGE/CHARLEROI
entertainment|variety|EEN|HET GALA VAN DE GOUDEN K'S
sport|cycling (cross)|VTM|VELDRIJDEN. ZONNEBEKE
knowledge|education|EEN|KENNISMAKERS
fiction|thriller|Canvas|HUNTERS
fiction|action|VTM|THE RACER
information|special event|VTM|MATHILDE 50, HET GROTE GESPREK
fiction|fantasy/fairy tale|VTM|BEAUTY AND THE BEAST
lifestyle|travel/tourism|EEN|ONDERWEG IN NOORD-EUROPA
information|current affair|Canvas|TERZAKE
knowledge|miscellaneous|EEN|FACTCHECKERS
sport|cycling (cross)|EEN|VELDRIJDEN. LOKEREN H.
fiction|drama/comedy|EEN|ONDER VUUR
sport|cycling (cross)|EEN|VELDRIJDEN. LOKEREN - JUNIOREN H.
entertainment|music|EEN|ABBA FOREVER, THE WINNER TAKES IT ALL
sport|all sports|EEN|SPORTJAAR 2022, BLINKENDE BELGEN
sport|social sports|EEN|BILJART. BLANKENBERGE (S.)
entertainment|music|EEN|EUROSONG
sport|cycling (cross)|EEN|VELDRIJDEN. LOKEREN D.
fiction|adventure|VTM|JUMANJI, THE NEXT LEVEL
fiction|psychologic drama/melodrama|Canvas|THE FATHER
lifestyle|mode/lifestyle|PLAY4|ZO MAN, ZO VROUW
knowledge|human interest/society|EEN|DURF TE VRAGEN
sport|football|Canvas|VB. BB. 1/4F - GENK/ANTWERPEN
information|special event|VTM|HARRY, HET INTERVIEW
lifestyle|leisure/hobby|VTM|OUT OF OFFICE
knowledge|culture/folklore/tradition|EEN|MADAME TUSSAUDS, THE FULL WAX
fiction|police|EEN|A TOUCH OF FROST
sport|football|ELEVEN PRO LEAGUE 1 NL|VB. BK - GENK/CL.BRUGGE
sport|cycling (cross)|EEN|VELDRIJDEN. GULLEGEM H.
sport|cycling (cross)|EEN|VELDRIJDEN. GULLEGEM D.
fiction|fantasy/fairy tale|VTM|FROZEN II
fiction|drama/comedy|EEN|3HZ
fiction|popular drama/comedy|EEN|LA LA LAND
entertainment|game|VTM|BOWLING BALLS
knowledge|modern music/dance|Canvas|BRIAN JOHNSON'S A LIFE ON THE ROAD
knowledge|geography/science|EEN|EUROPE'S MICROSTATES
fiction|popular drama/comedy|EEN|LITTLE WOMEN
fiction|fantasy/fairy tale|VTM3|CINDERELLA
knowledge|philosophy/religion|EEN|VREDE OP AARDE
sport|cycling (cross)|EEN|VELDRIJDEN. KOKSIJDE H.
sport|cycling (cross)|EEN|VELDRIJDEN. KOKSIJDE D.
sport|cycling (cross)|EEN|VELDRIJDEN. HERENTALS H.
sport|cycling (cross)|EEN|VELDRIJDEN. HERENTALS D.
sport|cycling (cross)|EEN|VELDRIJDEN. GP. SVEN NYS H.
entertainment|classical arts|EEN|NIEUWJAARSCONCERT
sport|cycling (cross)|EEN|VELDRIJDEN. GP. SVEN NYS D.
sport|other equestrian sports|EEN|PAARDENSPORT. JUMPING MECHELEN
sport|cycling (cross)|Canvas|VELDRIJDEN. GP. SVEN NYS D.
lifestyle|travel/tourism|EEN|GRIFF'S CANADIAN ADVENTURE
entertainment|humour|EEN|KAMAL KHARMACH, MAG IK EVEN?
information|special event|EEN|VREDE OP AARDE, AFTELLEN NAAR 2022
entertainment|music|EEN|30 GREATEST MOMENTS - ADELE
information|general news|EEN|HET JAAROVERZICHT
entertainment|talk|EEN|HET HUIS - CAMILLE THOMAS
sport|cycling (cross)|VTM|VELDRIJDEN. LOENHOUT
fiction|thriller|EEN|BLOODLANDS
entertainment|humour|VTM|AMERICA'S FUNNIEST HOME VIDEOS
sport|cycling (cross)|VTM|VELDRIJDEN. BREDENE
knowledge|modern music/dance|Canvas|THOSE WERE THE DAYS
sport|cycling (cross)|Canvas|VELDRIJDEN. DIEGEM
sport|cycling (cross)|EEN|VELDRIJDEN. HEUSDEN-ZOLDER
entertainment|talk|EEN|HET HUIS - CAMILLE
sport|cycling (cross)|EEN|VELDRIJDEN. GAVERE
entertainment|variety|VTM|UW FILM VAN HET JAAR
entertainment|music|EEN|NIGHT OF THE PROMS
information|special event|EEN|KERSTBOODSCHAP VAN DE PAUS
entertainment|classical arts|EEN|KERSTCONCERT VANUIT HET PALEIS
fiction|popular drama/comedy|VTM3|LA GRANDE VADROUILLE
knowledge|medecin/health|EEN|IS ER EEN DOKTER IN DE ZAAL?
knowledge|human interest/society|EEN|DE WARMSTE WEEK
entertainment|variety|EEN|CIRQUE DU SOLEIL, VOLTA
fiction|popular drama/comedy|VTM|CHRISTMAS WITH THE KRANKS
fiction|police|PLAY5|CRIME SCENE INVESTIGATION
entertainment|music|VTM|THE VOICE VAN VLAANDEREN - LIVE
sport|cycling (cross)|VTM|VELDRIJDEN. MOL H.
sport|cycling (cross)|VTM|VELDRIJDEN. MOL D.
knowledge|medecin/health|EEN|SPOED 24/7
knowledge|human interest/society|EEN|VLAMMEN TEGEN KANSARMOEDE
information|current affair|PLAY4|VOORDAT DE BOM VALT
sport|football|VTM2|VB. BB. 1/8F - KRC GENK/RSC ANDERLECHT
sport|football|Canvas|VB. BB. 1/8F - ANTWERP/STANDARD
sport|other equestrian sports|EEN|HET HUIS - PEDRO ELIAS
knowledge|humanities/history|Canvas|PEARL HARBOR, DE WERELD STAAT IN BRAND
sport|football|EEN|VB. WK. FIN - ARGENTINIE/FRANKRIJK
sport|all sports|EEN|VILLA SPORZA
sport|gymnastic|EEN|TURNEN GYMGALA
lifestyle|travel/tourism|Canvas|SIMON REEVE'S SOUTH AMERICA
lifestyle|travel/tourism|EEN|GRIFF'S CANADIAN ADVENTURE - FRENCHNESS
sport|football|EEN|VB. WK. B.FIN - KROATIE/MAROKKO
sport|other cycling|EEN|VELDRIJDEN. WK. VAL DI SOLE (S.)
entertainment|variety|VTM|K3, EEN JAAR LATER
fiction|thriller|Canvas|IRVINE WELSH'S CRIME
fiction|police|EEN|BALTHAZAR
entertainment|theater|VTM|40-45, SPEKTAKEL-MUSICAL
lifestyle|pets|EEN|DIERENDOKTERS 24/7
entertainment|humour|Canvas|ALLES KAN BETER
information|current affair|Canvas|FAKE NEWS & IK
sport|football|EEN|VB. WK. 1/2F - FRANKRIJK/MAROKKO
lifestyle|home/decorating|EEN|ESCAPE TO THE CHATEAU
sport|football|EEN|VB. WK. 1/2F - ARGENTINIE/KROATIE
entertainment|talk|EEN|HET HUIS - WIM LYBAERT
sport|other cycling|EEN|VELDRIJDEN. WB. DUBLIN
lifestyle|travel/tourism|EEN|GRIFF'S CANADIAN ADVENTURE - BIGNESS
fiction|fantasy/fairy tale|VTM|RATATOUILLE
sport|football|EEN|VB. WK. 1/4F - ENGELAND/FRANKRIJK
sport|football|EEN|VB. WK. 1/4F - MAROKKO/PORTUGAL
sport|other cycling|VTM|VELDRIJDEN. ESSEN H.
sport|other cycling|VTM|VELDRIJDEN. ESSEN D.
entertainment|humour|VTM|WAT ALS? EINDEJAARSSPECIAL
entertainment|variety|VTM|ALLEMAAL FAMILIE
sport|football|EEN|VB. WK. 1/4F - NEDERLAND/ARGENTINIE
sport|football|EEN|VB. WK. 1/4F - KROATIE/BRAZILIE
sport|football|Canvas|VB. WK. 1/4F - KROATIE/BRAZILIE
entertainment|talk|VTM|EVEN GOEIE VRIENDEN
fiction|thriller|EEN|FERRY
information|economy/politics/society affairs|Canvas|STRAFRECHTERS - SCHULD EN BOETE
sport|football|Canvas|VB. WK. 1/8F - MAROKKO/SPANJE (2HT)
sport|football|EEN|VB. WK. 1/8F - PORTUGAL/SWITZERLAND
sport|football|EEN|VB. WK. 1/8F - MAROKKO/SPANJE
sport|football|EEN|VB. WK. 1/8F - BRAZILIE/ZUID-KOREA
sport|football|EEN|VB. WK. 1/8F - JAPAN/KROATIE
sport|football|Canvas|VB. WK. 1/8F - JAPAN/KROATIE (2HT)
sport|football|EEN|VB. WK. 1/8F - ENGELAND/SENEGAL
sport|other cycling|EEN|VELDRIJDEN. BOOM H.
sport|football|EEN|VB. WK. 1/8F - FRANKRIJK/POLEN
sport|football|EEN|FIFA WORLD CUP QATAR 2022
sport|other cycling|Canvas|CYCLO-CROSS. WC.
sport|football|EEN|VB. WK. 1/8F - ARGENTINIE/AUSTRALIE
sport|football|EEN|VB. WK. 1/8F - NEDERLAND/VERENIGDE STATEN
sport|other cycling|EEN|VELDRIJDEN. BOOM D. (S.)
fiction|thriller|Canvas|BLACK SANDS
fiction|thriller|EEN|SHETLAND
fiction|action|VTM|MY SPY
fiction|thriller|PLAY4|THE SILENCE OF THE LAMBS
fiction|popular drama/comedy|VTM3|SAVE THE LAST DANCE
sport|football|EEN|VB. WK. SCHIFT. - SERVIE/ZWITSERLAND
sport|football|EEN|VB. WK. SCHIFT. - GHANA/URUGUAY
fiction|adventure|PLAY4|ROBIN HOOD
sport|football|EEN|VB. WK. SCHIFT. - KROATIE/BELGIE
sport|football|EEN|VB. WK. SCHIFT. - JAPAN/SPANJE
entertainment|humour|Canvas|IN DE GLORIA
sport|football|EEN|VB. WK. SCHIFT. - POLEN/ARGENTINIE
sport|football|EEN|VB. WK. SCHIFT. - AUSTRALIE/DENEMARKEN
information|economy/politics/society affairs|Canvas|STRAFRECHTERS - BESCHULDIGDE, STA OP
sport|football|EEN|VB. WK. SCHIFT. - IRAN/USA
sport|football|EEN|VB. WK. SCHIFT. - NEDERLAND/QATAR
sport|football|EEN|VB. WK. SCHIFT. - PORTUGAL/URUGUAY
sport|football|Canvas|VB. WK. SCHIFT. - BRAZILIE/ZWITSERLAND
sport|football|EEN|VB. WK. SCHIFT. - ZUID-KOREA/GHANA
sport|football|EEN|VB. WK. SCHIFT. - KAMEROEN/SERVIE
sport|football|EEN|VB. WK. SCHIFT. - BELGIE/MAROKKO
sport|football|EEN|VB. WK. SCHIFT. - SPANJE/DUITSLAND
sport|football|Canvas|VB. WK. SCHIFT. - KROATIE/CANADA
sport|other cycling|Canvas|VELDRIJDEN. HULST H.
sport|football|EEN|VB. WK. SCHIFT. - JAPAN/COSTA RICA
sport|basketball|EEN|BASKET. EK. KWALIF D. - BELGIE/BOSNIE
information|current affair|Canvas|DE ZEVENDE DAG
sport|football|EEN|VB. WK. SCHIFT. - ARGENTINIE/MEXICO
sport|football|Canvas|VB. WK. SCHIFT. - FRANKRIJK/DENEMARKEN
sport|football|EEN|VB. WK. SCHIFT. - POLEN/SAOUDI-ARABIE
sport|football|EEN|VB. WK. SCHIFT. - TUNESIE/AUSTRALIE
sport|other cycling|Canvas|VELDRIJDEN. KORTRIJK H.
sport|other cycling|Canvas|VELDRIJDEN. KORTRIJK D.
sport|football|EEN|VB. WK. SCHIFT. - ENGELAND/VERENIGDE STATEN
entertainment|music|VTM|THE VOICE VAN VLAANDEREN - THE BATTLE
sport|football|Canvas|VB. WK. SCHIFT. - NEDERLAND/ECUADOR
sport|football|EEN|VB. WK. SCHIFT. - QATAR/SENEGAL
sport|football|EEN|VB. WK. SCHIFT. - WALES/IRAN
knowledge|nature/environment|EEN|HOE KATTEN DE WERELD VEROVEREN
sport|football|EEN|VB. WK. SCHIFT. - BRAZILIE/SERVIE
sport|football|Canvas|VB. WK. SCHIFT. - PORTUGAL/GHANA
sport|football|EEN|VB. WK. SCHIFT. - URUGUAY/ZUID-KOREA
sport|football|EEN|VB. WK. SCHIFT. - ZWITSERLAND/KAMEROEN
lifestyle|pets|EEN|FOR THE LOVE OF DOGS
sport|football|EEN|VB. WK. SCHIFT. - BELGIE/CANADA
sport|football|EEN|VB. WK. SCHIFT. - DUITSLAND/JAPAN
sport|football|Canvas|VB. WK. SCHIFT. - SPANJE/COSTA RICA
sport|football|EEN|VB. WK. SCHIFT. - MAROKKO/KROATIE
knowledge|nature/environment|EEN|HOE HONDEN DE WERELD HEBBEN VEROVERD
sport|football|EEN|VB. WK. SCHIFT. - FRANKRIJK/AUSTRALIE
sport|football|Canvas|VB. WK. SCHIFT. - MEXICO/POLEN
sport|football|EEN|VB. WK. SCHIFT. - DENEMARKEN/TUNESIE
sport|football|EEN|VB. WK. SCHIFT. - ARGENTINIE/SAOUDI-ARABIE
sport|football|EEN|VB. WK. SCHIFT. - USA/WALES
sport|football|Canvas|VB. WK. SCHIFT. - SENEGAL/NEDERLAND
sport|football|EEN|VB. WK. SCHIFT. - ENGELAND/IRAN
sport|football|EEN|VB. WK. SCHIFT. - QATAR/ECUADOR
information|special event|EEN|OPENINGSCEREMONIE
sport|cycling (track/piste)|EEN|BAANWIELRENNEN. 6-DAAGSE VAN GENT
fiction|other fiction|EEN|YESTERDAY
sport|cycling (cross)|EEN|VELDRIJDEN. MERKSPLAS (S.)
sport|football|VTM|VB. VRIEND - EGYPTE/BELGIE
fiction|police|EEN|D.I. RAY
sport|other sports|VTM2|DARTS. 2022 GRAND SLAM OF DARTS
fiction|adventure|PLAY4|THE LEGEND OF TARZAN
information|current affair|EEN|POLITIE 24/7
information|special event|Canvas|25 JAAR CANVAS
knowledge|miscellaneous|EEN|HET GROTE ONBEKENDE
information|current affair|Canvas|MICHAEL PALIN, INTO IRAQ
lifestyle|home/decorating|EEN|THE REPAIR SHOP
fiction|popular drama/comedy|EEN|UNCLE MARTIN
sport|football|EEN|VOOR DE AFTRAP
lifestyle|travel/tourism|EEN|REIZEN WAES, WERELDSTEDEN
sport|cycling (cross)|EEN|VELDRIJDEN. WB. HILVARENBEEK H.
sport|cycling (cross)|EEN|VELDRIJDEN. WB. HILVARENBEEK D.
knowledge|human interest/society|EEN|DE KONING VAN BARCELONA
sport|football|ELEVEN PRO LEAGUE 1 NL|VB. BK - ANDERLECHT/GENK
entertainment|variety|VTM|BESTE KIJKERS
entertainment|other entertainment|EEN|HIJ KOMT, HIJ KOMT!
fiction|popular drama/comedy|EEN|MILITARY WIVES
entertainment|music|VTM|THE VOICE VAN VLAANDEREN - KNOCKOUT
sport|cycling (cross)|EEN|VELDRIJDEN. NIEL (S.)
fiction|psychologic drama/melodrama|Canvas|DARKEST HOUR
knowledge|humanities/history|Canvas|STONEHENGE
entertainment|game|PLAY4|DE ALLERSLIMSTE MENS TER WERELD
sport|football|Canvas|VB. BB. 1/16F - LIERSE/ANDERLECHT
sport|football|VTM2|VB. BK - PATRO EISDEN/CL.BRUGGE
knowledge|miscellaneous|EEN|100 JAAR ZESDAAGSE
sport|cycling (cross)|EEN|VELDRIJDEN. EK. NAMEN H.
sport|cycling (cross)|EEN|VELDRIJDEN. EK. NAMEN D. (S.)
sport|gymnastic|EEN|GYM. WK. LIVERPOOL
fiction|popular drama/comedy|EEN|MAMMA MIA! HERE WE GO AGAIN
sport|cycling (cross)|EEN|VELDRIJDEN. EK. NAMEN D.
fiction|police|Canvas|THE RESPONDER
fiction|police|EEN|KAREN PIRIE
fiction|popular drama/comedy|EEN|VICTORIA & ABDUL
fiction|action|VTM2|FAST & FURIOUS 8
knowledge|medecin/health|EEN|KOM OP TEGEN KANKER, ALLES IN DE STRIJD
sport|football|Canvas|VB. C4 UEFA SCHIFT - SILKEBORG/ANDERLECHT
sport|football|PLAY5|VB. C4 UEFA EUROPA CONFERENCE LEAGUE - GENT/MOLDE
sport|football|VTM2|VB. C1 UEFA - AC.MILAN/SALZBOURG
sport|cycling (cross)|EEN|VELDRIJDEN. OUDENAARDE H.
sport|cycling (cross)|EEN|VELDRIJDEN. OUDENAARDE D.
sport|football|VTM2|VB. C1 UEFA - BAYER LEVERKUSEN/CLUB BRUGGE
knowledge|nature/environment|EEN|WILD ORPHAN RESCUE
fiction|police|VTM|FLIKKEN BXL
sport|cycling (cross)|EEN|VELDRIJDEN. MAASMECHELEN H.
sport|cycling (cross)|EEN|VELDRIJDEN. MAASMECHELEN D.
sport|football|EEN|VB. ZAAL. EK. (S.)
entertainment|game|EEN|HOMO UNIVERSALIS
sport|cycling (cross)|EEN|VELDRIJDEN. RUDDERVOORDE H. (S.)
information|general news|EEN|VRT NIEUWS UPDATE
entertainment|music|VTM|THE VOICE VAN VLAANDEREN - THE BLIND AUDITIONS
sport|football|ELEVEN PRO LEAGUE 1 NL|VB. BK - GENK/KV.MECHELEN
sport|football|Canvas|VB. C4 UEFA SCHIFT - SHAMROCK ROVERS/GENT
sport|football|PLAY5|VB. C4 UEFA EUROPA CONFERENCE LEAGUE - ANDERLECHT/FCSB
sport|football|VTM2|VB. C1 UEFA - CL.BRUGGE/PORTO
lifestyle|home/decorating|PLAY5|CHATEAU MEILAND
knowledge|human interest/society|Canvas|WIJ, VROUWEN - WELKOM IN DE MANNENWERELD
entertainment|talk|EEN|CHANTAL
entertainment|love/dating|EEN|HOTEL ROMANTIEK
sport|cycling (cross)|EEN|VELDRIJDEN. TABOR H. (S.)
sport|football|ELEVEN PRO LEAGUE 1 NL|VB. BK - ROYAL ANTWERP FC/KRC GENK
entertainment|music|VTM2|REGI ACADEMY
fiction|police|EEN|MCDONALD & DODDS
sport|football|ELEVEN PRO LEAGUE 1 NL|VB. BK - UNION ST-GILLOISE/CL.BRUGGE
fiction|popular drama/comedy|VTM3|SAFE HAVEN
knowledge|medecin/health|EEN|ALLES IN DE STRIJD
lifestyle|cooking/food/drink|EEN|OVER ETEN
knowledge|human interest/society|Canvas|WIJ, VROUWEN
entertainment|variety|EEN|DOWN THE ROAD
fiction|popular drama/comedy|EEN|ROOMIES
sport|cycling (track/piste)|EEN|BAANWIELRENNEN. WK. SAINT-QUENTIN
knowledge|economy/politics/society affairs|Canvas|PUTIN, MASTER OF THE GAME
sport|football|ELEVEN PRO LEAGUE 1 NL|VB. BK - ANDERLECHT/CL.BRUGGE
fiction|thriller|Canvas|TROM
fiction|action|VTM|PATSER
sport|football|Canvas|VB. C4 UEFA SCHIFT - WEST HAM/ANDERLECHT
sport|football|PLAY5|VB. C3 UEFA SCHIFT - UNION ST-GILLOISE/BRAGA
sport|football|VTM2|VB. C1 UEFA SCHIFT - AT.MADRID/CL.BRUGGE
entertainment|variety|VTM|DE KRISTALLEN FIETS 2022
entertainment|cooking|VTM|DE SCHAAL VAN PASCALE
information|current affair|VTM|JAMBERS, BACK TO THE NINETIES
sport|cycling (road)|EEN|CLASSIQUE GILBERT
sport|cycling (road)|EEN|WIELRENNEN. PARIJS-TOURS
sport|formula 1|EEN|F1. WK. GP. JAPAN (S.)
sport|volleyball|EEN|VOLLEY. WK. D. - CHINA/BELGIE
fiction|popular drama/comedy|EEN|CHOCOLAT
sport|volleyball|EEN|VOLLEY. WK. D. - BRAZILIE/BELGIE
fiction|action|VTM|FAST & FURIOUS 7
sport|football|Canvas|VB. C4 UEFA SCHIFT - ANDERLECHT/WEST HAM
sport|football|PLAY5|VB. C3 UEFA SCHIFT - BRAGA/UNION ST-GILLOISE
sport|football|VTM2|VB. C1 UEFA SCHIFT - CHELSEA/AC.MILAAN
sport|football|VTM2|VB. C1 UEFA SCHIFT - CL.BRUGES/AT.MADRID
sport|cycling (road)|EEN|WIELRENNEN. BINCHE-CHIMAY-BINCHE
information|special event|VTM|EXTRA NIEUWS - HULDIGING REMCO EVENEPOEL
sport|volleyball|EEN|VOLLEY. WK. D. - BELGIE/KAMEROEN
sport|formula 1|EEN|F1. WK. GP. SINGAPORE (S.)
sport|cycling (cross)|VTM|VELDRIJDEN. MEULEBEKE H.
sport|cycling (cross)|VTM|VELDRIJDEN. MEULEBEKE D.
knowledge|humanities/history|Canvas|HEIZEL 1985 - LIVERPOOL, OUR DAY OF SHAME
entertainment|game|EEN|DE KLIM VAN JE LEVEN
knowledge|human interest/society|EEN|HET OUDSTE BEROEP
sport|football|VTM|VB. NATIONS LEAGUE UEFA - BELGIE/NEDERLAND
sport|football|VTM|VB. NATIONS LEAGUE UEFA
sport|cycling (road)|EEN|WIELRENNEN. WK. WEGRIT WOLLONGONG H.
sport|cycling (cross)|VTM|VELDRIJDEN. BERINGEN H.
sport|volleyball|EEN|VOLLEY. WK. D. - BELGIE/KENIA
sport|cycling (cross)|VTM|VELDRIJDEN. BERINGEN D.
sport|social sports|VTM2|DARTS. BELGIAN OPEN
sport|basketball|EEN|BASKET. WK. D. - PUERTO RICO/BELGIE
sport|cycling (road)|EEN|WIELRENNEN. WK. WEGRIT WOLLONGONG D.
sport|volleyball|EEN|VOLLEY. WK. D. - BELGIE/PUERTO RICO
fiction|popular drama/comedy|VTM|NIET SCHIETEN
sport|basketball|EEN|BASKET. WK. D. - BELGIE/ZUID-KOREA
sport|cycling (road)|EEN|WIELRENNEN. WK. TIJDRIT WOLLONGONG (S.)
sport|football|VTM|VB. NATIONS LEAGUE UEFA - BELGIE/WALES
sport|cycling (road)|EEN|WIELRENNEN. WK. TIJDRIT WOLLONGONG
entertainment|talk|Canvas|TAXI JORIS
information|special event|EEN|BEGRAFENIS QUEEN ELIZABETH II
information|special event|VTM|EXTRA NIEUWS - BEGRAFENIS ELIZABETH
information|special event|VTM|NIEUWS 13U VTM - BEGRAFENIS ELIZABETH
sport|cycling (cross)|VTM|VELDRIJDEN. KRUIBEKE H.
sport|cycling (road)|EEN|WIELRENNEN. WK. PLOEGENTIJDRIT WOLLONGONG H.
sport|cycling (cross)|VTM|VELDRIJDEN. KRUIBEKE D.
sport|cycling (road)|EEN|WIELRENNEN. WK. PLOEGENTIJDRIT WOLLONGONG (S.)
sport|football|ELEVEN PRO LEAGUE 1 NL|VB. BK - GENK/GENT
knowledge|travel/tourism|EEN|FLYING TO THE ENDS OF THE EARTH - AUSTRALIA AND PAPUA
fiction|police|Canvas|LINE OF DUTY
fiction|action|VTM|ESCAPE PLAN
fiction|popular drama/comedy|EEN|FISHERMAN'S FRIENDS
sport|cycling (road)|EEN|WIELRENNEN. KAMPIOENSCHAP VAN VLAANDEREN H.
sport|football|Canvas|VB. C3 UEFA SCHIFT - UNION ST-GILLOISE/MALMO
information|special event|EEN|HM QUEEN ELIZABETH II 1926-2022
sport|football|VTM2|VB. C1 UEFA SCHIFT - MANCHESTER C./DORTMUND
information|special event|VTM|EXTRA NIEUWS - VERHUIZING KIST QUEEN ELISABETH LONDEN N
sport|football|VTM2|VB. C1 UEFA SCHIFT - PORTO/CL.BRUGGE
entertainment|talk|EEN|VIVE LE VELO
sport|cycling (road)|Canvas|WIELRENNEN. VUELTA - RIT. 21 LAS ROZAS>MADRID. PAISAJE DE LA
sport|cycling (road)|EEN|WIELRENNEN. VUELTA D.
sport|formula 1|EEN|F1. WK. GP. ITALIE
sport|cycling (road)|EEN|WIELRENNEN. VUELTA - RIT 20 MORALZARZAL>PUERTO DE NAVACERRADA
fiction|popular drama/comedy|VTM3|FLODDER IN AMERIKA!
information|special event|VTM|EXTRA NIEUWS - KRONING KING CHARLES
fiction|action|PLAY4|1917
sport|cycling (road)|EEN|WIELRENNEN. VUELTA - RIT 19 TALAVERA DE LA REINA>TALAVERA DE
information|special event|VTM|NIEUWS 13U VTM - OVERLIJDEN QUEEN ELIZABETH
knowledge|humanities/history|PLAY4|THE QUEEN, MOTHER AND MONARCH
sport|cycling (road)|EEN|WIELRENNEN. VUELTA - RIT 18 TRUJILLO>ALTO DE PIORNAL
information|special event|EEN|VRT NIEUWS LIVE - BRITSE KONINGIN ELIZABETH II OVERLEDEN
information|special event|VTM|VTM NIEUWS FLASH - OVERLIJDEN QUEEN ELIZABETH
sport|football|VTM2|VB. C1 UEFA SCHIFT - CL.BRUGGE/LEVERKUSEN
sport|cycling (road)|EEN|WIELRENNEN. VUELTA - RIT 17 ARACENA>MONASTERIO DE TENTUDIA
sport|cycling (road)|EEN|WIELRENNEN. VUELTA - RIT 16 SANLUCAR DE BARRAMEDA>TOMARES
sport|cycling (road)|EEN|WIELRENNEN. VUELTA - RIT 15 MARTOS>SIERRA NEVADA
fiction|popular drama/comedy|VTM|CRUISE CONTROL
sport|formula 1|EEN|F1. WK. GP. NEDERLAND (S.)
sport|football|ELEVEN PRO LEAGUE 1 NL|VB. BK - ANDERLECHT/LEUVEN
lifestyle|travel/tourism|Canvas|WHERE THE WILD MEN ARE
sport|cycling (road)|EEN|WIELRENNEN. VUELTA - RIT 14 MONTORO>SIERRA DE LA PANDERA
fiction|popular drama/comedy|EEN|BRIDGET JONES'S DIARY
sport|basketball|EEN|BASKET. EK. - MONTENEGRO/BELGIE
fiction|action|PLAY4|SAN ANDREAS
sport|cycling (road)|EEN|WIELRENNEN. VUELTA - RIT 13 RONDA>MONTILLA
sport|athletics (track/piste)|Canvas|ATLETIEK. MEMORIAL IVO VAN DAMME
fiction|popular soap|VTM2|STURM DER LIEBE
fiction|popular soap|VTM2|NEIGHBOURS
sport|cycling (road)|EEN|WIELRENNEN. VUELTA - RIT 12 SALOBRENA>PENAS BLANCAS ESTEPONA
sport|cycling (road)|EEN|WIELRENNEN. VUELTA - RIT 11 ELPOZO ALIMENTACION>CABO DE GATA
entertainment|game|VTM|WAARHEID DURVEN OF DOEN
sport|cycling (road)|EEN|WIELRENNEN. VUELTA - RIT 10 ELCHE>ALICANTE
fiction|popular drama/comedy|EEN|FC DE KAMPIOENEN 4, VIVA BOMA
sport|cycling (road)|EEN|WIELRENNEN. VUELTA - RIT 9 VILLAVICIOSA>LES PRAERES. NAVA
entertainment|music|VTM|REGI ACADEMY
knowledge|human interest/society|Canvas|KOOLPUTTERS - DE SLUITING
lifestyle|cooking/food/drink|EEN|REMARKABLE PLACES TO EAT - NEW FOREST
entertainment|music|EEN|RADIO 2 ZOMERHIT
sport|formula 1|Canvas|F1. WK. GP. BELGIE
fiction|popular drama/comedy|VTM|ZUIDFLANK
sport|football|ELEVEN PRO LEAGUE 1 NL|VB. BK - GENT/ANTWERPEN
fiction|popular drama/comedy|Canvas|RUNDSKOP
sport|cycling (road)|EEN|WIELRENNEN. VUELTA - RIT 8 LA POLA LLAVIANA/POLA DE LAVIANA>C
lifestyle|cooking/food/drink|EEN|DAGELIJKSE ZOMERKOST
fiction|popular drama/comedy|EEN|NOTTING HILL
fiction|thriller|Canvas|DES
lifestyle|pets|VTM|WILD VAN DIEREN
sport|cycling (road)|EEN|WIELRENNEN. VUELTA - RIT 7 CAMARGO>CISTIERNA
entertainment|variety|VTM|DAT BELOOFT VOOR LATER
lifestyle|home/decorating|EEN|MY BIG FAMILY FARM
entertainment|music|EEN|CLIP(S)
sport|thriller|VTM|KILLERS
sport|other sports|Canvas|BELGA SPORT - TIA HELLEBAUT, DE GROTE SPRONG VOORWAART
sport|athletics (track/piste)|EEN|ATLETIEK. LAUSANNE (S.)
sport|cycling (road)|EEN|WIELRENNEN. VUELTA - RIT 6 BILBAO>ASCENSION AL PICO JANO
knowledge|education|EEN|DE KLAS
information|general news|EEN|VAN ALGEMEEN NUT
knowledge|nature/environment|EEN|INSIDE EDINBURGH ZOO
sport|football|VTM4|VB. C4 UEFA EUROPA CONFERENCE LEAGUE - ANTWERP/ISTANBUL
knowledge|humanities/history|Canvas|FILIP VAN BELGIE, DE LANGE WEG NAAR DE TROON
entertainment|game|PLAY4|HET BESTE BOD
knowledge|nature/environment|EEN|ANIMALITIS
sport|cycling (road)|EEN|WIELRENNEN. VUELTA - RIT 5 IRUN>BILBAO
knowledge|humanities/history|EEN|HAMPTON COURT, BEHIND CLOSED DOORS
entertainment|music|EEN|MERCI VOOR DE MUZIEK
sport|football|VTM2|VB. C1 UEFA SCHIFT - PSV/RANGERS FC
entertainment|talk|EEN|HET HUIS - NIELS DESTADSBADER
sport|cycling (road)|EEN|WIELRENNEN. VUELTA - RIT 4 VITORIA-GASTEIZ>LAGUARDIA
knowledge|nature/environment|EEN|RED PANDA, WORLD'S CUTEST ANIMAL
lifestyle|travel/tourism|EEN|BRITAIN'S MOST LUXURIOUS HOTELS - CHEWTON GLEN
lifestyle|home/decorating|VTM|VAKANTIEHUIS FOR LIFE
entertainment|game|EEN|KAMP WAES
knowledge|humanities/history|Canvas|APOCALYPS, DE OORLOG TUSSEN WERELDEN - DE AFGROND
lifestyle|travel/tourism|EEN|DE COLUMBUS
fiction|popular drama/comedy|EEN|FC DE KAMPIOENEN 3, FOREVER
sport|cycling (road)|EEN|WIELRENNEN. VUELTA - RIT 3 BREDA>BREDA
sport|cycling (road)|EEN|WIELRENNEN. EK. MUNCHEN D.
sport|athletics (track/piste)|Canvas|ATLETIEK. EK. MUNCHEN - ZAGRE - CRESTAN - DEBOGNIES - KIMELI - H
sport|gymnastic|EEN|TURNEN. EK.MUNCHEN H. - KUAVITA
lifestyle|cooking/food/drink|EEN|REMARKABLE PLACES TO EAT - YORKSHIRE
knowledge|human interest/society|Canvas|KOOLPUTTERS - DE CITE
sport|gymnastic|Canvas|TURNEN. EK.MUNCHEN (S.) - KUAVITA
fiction|fantasy/fairy tale|VTM|CHRISTOPHER ROBIN
sport|cycling (road)|EEN|WIELRENNEN. VUELTA - RIT 2 S'HERTOGENBOSCH>UTRECHT
knowledge|nature/environment|EEN|SERENGETI
fiction|popular drama/comedy|EEN|HASTA LA VISTA
sport|all sports|Canvas|EUROPEAN CHAMPIONSHIPS
fiction|popular drama/comedy|PLAY4|BOHEMIAN RHAPSODY
entertainment|love/dating|PLAY5|NAKED ATTRACTION
sport|athletics (track/piste)|Canvas|ATLETIEK. EK. MUNCHEN - HERMAN
sport|cycling (road)|Canvas|WIELRENNEN. VUELTA - RIT. 1 UTRECHT>UTRECHT
sport|other water sports|Canvas|KAJAK. EK. MUNCHEN (S.) - VAN BROEKHOVEN - DEWAELE - PETERS - BROE
sport|athletics (track/piste)|Canvas|ATLETIEK. EK. MUNCHEN - ROOMS - VIDTS - THIAM
sport|gymnastic|EEN|TURNEN. EK.MUNCHEN H.
sport|other water sports|EEN|ROEIEN. EK.MUNCHEN (S.)
sport|athletics (track/piste)|Canvas|ATLETIEK. EK. MUNCHEN - VIDTS - THIAM - DYLAN BORLEE - BOLINGO
sport|cycling (road)|EEN|WIELRENNEN. EK. MUNCHEN H.
sport|athletics (track/piste)|EEN|ATLETIEK. EK. MUNCHEN (S.) - VIDTS - THIAM - NIEUWENHOVE
entertainment|talk|EEN|HET HUIS - SISKA SCHOETERS
knowledge|pets|EEN|THE DOG HOUSE
sport|athletics (track/piste)|Canvas|ATLETIEK. EK. MUNCHEN
sport|cycling (track/piste)|EEN|BAANWIELRENNEN. EK. MUNCHEN
sport|athletics (track/piste)|EEN|MARATHON. EK. MUNCHEN H.
lifestyle|travel/tourism|EEN|BRITAIN'S MOST LUXURIOUS HOTELS, THE LANGHAM
sport|cycling (track/piste)|EEN|BAANWIELRENNEN. EK. MUNCHEN H.
fiction|popular drama/comedy|EEN|FC DE KAMPIOENEN 2, JUBILEE GENERAL!
sport|gymnastic|EEN|TURNEN. EK.MUNCHEN D.
lifestyle|cooking/food/drink|EEN|REMARKABLE PLACES TO EAT - BRISTOL
knowledge|human interest/society|Canvas|KOOLPUTTERS - HET BELOOFDE LAND
sport|swimming|EEN|ZWEMMEN. EK.MUNCHEN (S.)
sport|cycling (track/piste)|Canvas|BAANWIELRENNEN. EK. MUNCHEN
fiction|action|VTM2|NON STOP
fiction|popular drama/comedy|EEN|ACHTER DE WOLKEN
fiction|action|VTM|FORD V FERRARI
sport|other sports|EEN|TRIATLON. EK. MUNCHEN H.
sport|cycling (track/piste)|Canvas|BAANWIELRENNEN. EK. MUNCHEN H.
fiction|popular soap|VTM|DE RODENBURGS
fiction|popular drama/comedy|VTM|MR. BEAN'S HOLIDAY
sport|other sports|EEN|TRIATLON. EK. MUNCHEN D.
entertainment|love/dating|VTM2|B&B ZOEKT LIEF
sport|football|VTM2|VB. SUPER EB - R. MADRID/FRANKFURT
sport|cycling (road)|EEN|WIELRENNEN. CIRCUIT FRANCO-BELGE
sport|football|VTM2|VB. C1 UEFA SCHIFT - RANGERS FC/UNION ST-GILLOISE
entertainment|talk|EEN|DIE HUIS - CHRISTOFF DE BOLLE
fiction|popular drama/comedy|VTM3|GREASE
knowledge|humanities/history|Canvas|APOCALYPS, DE OORLOG TUSSEN WERELDEN - 1945-1991
fiction|popular drama/comedy|EEN|F.C. DE KAMPIOENEN, KAMPIOEN ZIJN BLIJFT PLEZANT
sport|cycling (road)|EEN|WIELRENNEN. TOUR OF LEUVEN
lifestyle|cooking/food/drink|EEN|REMARKABLE PLACES TO EAT - VIENNA
knowledge|human interest/society|Canvas|KOOLPUTTERS - OP LEVEN EN DOOD
sport|football|ELEVEN PRO LEAGUE 1 NL|VB. BK - ANTWERPEN/LEUVEN
entertainment|music|EEN|WILL TURA, HOOP DOET LEVEN
knowledge|nature/environment|EEN|SERENGETI - LEADERSHIP
fiction|action|VTM2|MIDWAY
fiction|erotica|VTM2|EMMANUELLE
fiction|fantasy/fairy tale|VTM|MISS PEREGRINE'S HOME FOR PECULIAR CHILDREN
sport|football|ELEVEN PRO LEAGUE 1 NL|VB. BK - CL.BRUGGE/ZULTE WAREGEM
sport|football|VTM4|VB. EUROPA CONFERENCE LEAGUE - LILLESTROM/ANTWERP
knowledge|humanities/history|Canvas|LES DERNIERES HEURES DE POMPEI
entertainment|talk|EEN|DIE HUIS
sport|football|VTM2|VB. C1 UEFA SCHIFT - UNION ST-GILLOISE/RANGERS FC
lifestyle|travel/tourism|EEN|AMAZING HOTELS, LIFE BEYOND THE LOBBY
knowledge|humanities/history|Canvas|APOCALYPS, DE OORLOG TUSSEN WERELDEN - DE VEROVERING
sport|cycling (road)|EEN|WIELRENNEN. RONDE VAN FRANKRIJK D. - RIT 8 LURE>LA SUPER PLANCHE DES BELLES F
lifestyle|cooking/food/drink|EEN|REMARKABLE PLACES TO EAT - MARAKECH
sport|football|Canvas|VB. EK. D. FIN - ENGELAND/DUITSLAND
knowledge|human interest/society|Canvas|KOOLPUTTERS - ONDER DE GROND
fiction|police|EEN|INSPECTOR MORSE
sport|football|Canvas|VB. EK. D. FIN
sport|football|ELEVEN PRO LEAGUE 1 NL|VB. BK - EUPEN/CL.BRUGGE
sport|cycling (road)|EEN|WIELRENNEN. CLASICA SAN SEBASTIAN
sport|cycling (road)|EEN|WIELRENNEN. RONDE VAN FRANKRIJK D. - RIT 7 SELESTAT>LE MARKSTEIN
sport|cycling (road)|Canvas|WIELRENNEN. RONDE VAN FRANKRIJK D. - RIT 7 SELESTAT>LE MARKSTEIN
fiction|fantasy/fairy tale|VTM|PETER RABBIT
fiction|thriller|Canvas|CRAITH
sport|cycling (road)|EEN|WIELRENNEN. RONDE VAN FRANKRIJK D. - RIT 6 SAINT-SIE-DES-VOSGES>ROSHEIM
sport|cycling (road)|EEN|WIELRENNEN. RONDE VAN FRANKRIJK D. - RIT 5 BAR-LE-DUC>SAINT-DIE-DES-VOSGES
sport|cycling (road)|EEN|WIELRENNEN. RONDE VAN FRANKRIJK D. - RIT 4 TROYES>BAR-SUR-AUBE
sport|football|Canvas|VB. EK. D. 1/2F - DUITSLAND/FRANKRIJK
sport|cycling (road)|EEN|WIELRENNEN. RONDE VAN FRANKRIJK D. - RIT 3 REIMS>EPERNAY
sport|football|Canvas|VB. EK. D. 1/2F - ENGELAND/ZWEDEN
knowledge|nature/environment|EEN|HET LANDGOED VAN DE STOKSTAARTJES, OPKOMST VAN DE DYNASTIE - DE KENTERING
sport|athletics (track/piste)|EEN|ATLETIEK. WK. EUGENE (S.)
sport|cycling (road)|EEN|WIELRENNEN. RONDE VAN FRANKRIJK D. - RIT 2 MEAUX>PROVINS
knowledge|nature/environment|EEN|HET LANDGOED VAN DE STOKSTAARTJES, OPKOMST VAN DE DYNASTIE - MET HET WATER AAN DE LIPPEN
sport|cycling (road)|Canvas|WIELRENNEN. RONDE VAN FRANKRIJK - RIT 21 PARIS LA DEFENSE ARENA>PARIS CHAM
sport|cycling (road)|EEN|WIELRENNEN. RONDE VAN FRANKRIJK - RIT 21 PARIS LA DEFENSE ARENA>PARIS CHAM
fiction|police|EEN|FLIKKEN MAASTRICHT
sport|cycling (road)|EEN|WIELRENNEN. RONDE VAN FRANKRIJK D. - RIT 1 PARIS TOUR EIFFEL>PARIS CHAMPS-ELY
entertainment|music|VTM|TIEN OM TE ZIEN - DE ZOMER VAN 2004
lifestyle|cooking/food/drink|EEN|REMARKABLE PLACES TO EAT - SAN SEBASTIAN
sport|athletics (track/piste)|Canvas|ATLETIEK. WK. EUGENE
lifestyle|gardening|EEN|MONTY DON'S ADRIATIC GARDENS
sport|cycling (road)|EEN|WIELRENNEN. RONDE VAN FRANKRIJK - RIT 20 LACAPELLE-MARIVAL>ROCAMADOUR
sport|cycling (road)|Canvas|WIELRENNEN. RONDE VAN FRANKRIJK - RIT 20 LACAPELLE-MARIVAL>ROCAMADOUR
entertainment|variety|VTM|...VOOR DUMMIES - HET JAAR 2001
knowledge|nature/environment|EEN|SERENGETI - RENEWAL
fiction|adventure|VTM|COCO
sport|football|Canvas|VB. EK. D. 1/4F - FRANKRIJK/NEDERLAND
sport|football|EEN|VB. EK. D. 1/4F - ZWEDEN/BELGIE
sport|cycling (road)|EEN|WIELRENNEN. RONDE VAN FRANKRIJK - RIT 19 CASTELNAU-MAGNOAC>CAHORS
knowledge|humanities/history|Canvas|MYSTERES D'ARCHIVES - 1970 DE GROTE SAMENKOMST IN ISLE OF WIGH
fiction|adventure|VTM4|LA GRANDE VADROUILLE
sport|cycling (road)|EEN|WIELRENNEN. RONDE VAN FRANKRIJK - RIT 18 LOURDES>HAUTACAM
entertainment|music|EEN|LA BELGIQUE FAIT LA FETE CONCERT 21 JUILLET
sport|adventure/mountain sports|VTM|SPARTACUS RUN
information|special event|Canvas|NATIONAAL DEFILE
information|special event|VTM|BELGIE VIERT FEEST
sport|football|Canvas|VB. EK. D. 1/4F - DUITSLAND/OOSTENRIJK
sport|cycling (road)|EEN|WIELRENNEN. RONDE VAN FRANKRIJK RIT 17 SAINT-GAUDENS>PEYRAGUDES
knowledge|nature/environment|EEN|DE ZOO ACHTER DE SCHERMEN
sport|football|Canvas|VB. EK. D. 1/4F - ENGELAND/SPANJE
sport|cycling (road)|EEN|WIELRENNEN. RONDE VAN FRANKRIJK - RIT 16 CARCASSONNE>FOIX
entertainment|talk|EEN|DIE HUIS - DANIRA BOUKHRISS TERKESSIDIS
sport|athletics (track/piste)|EEN|ATLETIEK. EUGENE (S.)
sport|football|Canvas|VB. EK. D. SCHIFT - ITALIE/BELGIE
sport|athletics (track/piste)|EEN|ATLETIEK. WK. EUGENE
information|special event|EEN|VLAANDEREN FEEST
sport|cycling (road)|EEN|WIELRENNEN. RONDE VAN FRANKRIJK - RIT 15 RODEZ>CARCASSONNE
entertainment|music|VTM|TIEN OM TE ZIEN - DE ZOMER VAN 2003
lifestyle|cooking/food/drink|EEN|REMARKABLE PLACES TO EAT - PARIS
fiction|fantasy/fairy tale|PLAY4|THE HOBBIT, THE BATTLE OF THE FIVE ARMIES
sport|football|Canvas|HET EK VAN DE RED FLAMES
sport|cycling (road)|EEN|WIELRENNEN. RONDE VAN FRANKRIJK - RIT 14 SAINT-ETIENNE>MENDE
knowledge|nature/environment|EEN|SERENGETI - CHANGE
entertainment|variety|VTM|...VOOR DUMMIES - HET JAAR 2002
fiction|drama/comedy|VTM|DE HELAASHEID DER DINGEN
fiction|action|VTM3|JOHN WICK, CHAPTER 2
fiction|police|EEN|SECTION DE RECHERCHES
sport|football|Canvas|VB. EK. D. SCHIFT - DENEMARKEN/SPANJE
sport|cycling (road)|EEN|WIELRENNEN. RONDE VAN FRANKRIJK - RIT 13 BOURG D'OISANS>SAINT-ETIENNE
fiction|comedy|VTM|JOHNNY ENGLISH REBORN
knowledge|humanities/history|Canvas|MYSTERES D'ARCHIVES - 1959 NIXON-CHROESJTSJOV IN MOSKOU
sport|cycling (road)|EEN|WIELRENNEN. RONDE VAN FRANKRIJK - RIT 12 BRIANCON>ALPE D'HUEZ
sport|football|Canvas|VB. EK. D. SCHIFT - FRANKRIJK/BELGIE
lifestyle|travel/tourism|VTM|VILLA ZUID-AFRIKA
lifestyle|show business/variety/stars|PLAY4|DE VERHULSTJES IN SAINT-TROPEZ
fiction|fantasy/fairy tale|VTM3|SNOW WHITE AND THE HUNTSMAN
sport|cycling (road)|EEN|WIELRENNEN. RONDE VAN FRANKRIJK - RIT 11 ALBERTVILLE>COL DU GRANON SERRE C
lifestyle|show business/variety/stars|VTM2|DE MEILANDJES ZONDER CENTEN, CHATEAU BIJSTAND
sport|cycling (road)|EEN|WIELRENNEN. RONDE VAN FRANKRIJK - RIT 10 MORZINE LES PORTES DU SOLEIL>MEGE
entertainment|talk|EEN|HET HUIS - JACQUES VERMEIRE
sport|cycling (road)|EEN|WIELRENNEN. RONDE VAN FRANKRIJK - RIT 9 AIGLE>CHATEL LES PORTES DU SOLEIL
entertainment|music|VTM|TIEN OM TE ZIEN - DE ZOMER VAN 2002
sport|football|Canvas|VB. EK. D. SCHIFT - BELGIE/IJSLAND
lifestyle|cooking/food/drink|EEN|REMARKABLE PLACES TO EAT
knowledge|architecture/urbanism|Canvas|ALHAMBRA, EEN MIDDELEEUWS FORT
sport|football|Canvas|VB. EK. D. SCHIFT - FRANKRIJK/ITALIE
fiction|fantasy/fairy tale|PLAY4|THE HOBBIT, THE DESOLATION OF SMAUG
sport|cycling (road)|EEN|WIELRENNEN. RONDE VAN FRANKRIJK - RIT 8 DOLE>LAUSANNE
knowledge|nature/environment|EEN|INSIDE TARONGA ZOO
knowledge|nature/environment|EEN|SERENGETI - INTRIGUE
entertainment|variety|VTM|...VOOR DUMMIES - HET JAAR 2003
sport|football|Canvas|VB. EK. D. SCHIFT - NEDERLAND/ZWEDEN
sport|cycling (road)|EEN|WIELRENNEN. RONDE VAN FRANKRIJK - RIT 7 TOMBLAINE>LA SUPER PLANCHE DES BEL
fiction|comedy|VTM|BAD MOMS
sport|cycling (road)|EEN|WIELRENNEN. RONDE VAN FRANKRIJK - RIT 6 BINCHE>LONGWY
sport|cycling (road)|EEN|WIELRENNEN. RONDE VAN FRANKRIJK - RIT 5 LILLE>ARENBERG PORTE DU HAINAUT
sport|all sports|EEN|SPORT/VROUW
fiction|thriller|PLAY4|UNKNOWN
sport|cycling (road)|EEN|WIELRENNEN. RONDE VAN FRANKRIJK - RIT 4 DUNKERQUE>CALAIS
entertainment|talk|EEN|HET HUIS - WOUT VAN AERT
knowledge|humanities/history|Canvas|METISSEN VAN BELGIE - PAUL
information|current affair|Canvas|QANON, THE CULT OF CONSPIRACY
knowledge|humanities/history|Canvas|DE BEULEN VAN STALIN
sport|cycling (road)|EEN|WIELRENNEN. RONDE VAN FRANKRIJK - RIT 3 VEJLE>SONDERBORG
lifestyle|cooking/food/drink|EEN|REMARKABLE PLACES TO EAT - VENICE
lifestyle|travel/tourism|EEN|MARTIN CLUNES, ISLANDS OF THE PACIFIC
fiction|action|VTM3|TOP GUN
entertainment|classical arts|EEN|SUMMERNIGHT CONCERT SCHONBRUNN
sport|formula 1|EEN|F1. WK. GP. GROOT-BRITTANNIE (S.)
fiction|fantasy/fairy tale|PLAY4|THE HOBBIT, AN UNEXPECTED JOURNEY
sport|cycling (road)|EEN|WIELRENNEN. RONDE VAN FRANKRIJK - RIT 2 ROSKILDE>NYBORG
entertainment|variety|VTM|...VOOR DUMMIES - HET JAAR 2004
knowledge|nature/environment|EEN|REPTILES RULE
fiction|police|Canvas|A CONFESSION
fiction|thriller|Canvas|BEAST
sport|cycling (road)|Canvas|WIELRENNEN. RONDE VAN FRANKRIJK - RIT 1 KOPENHAGEN>KOPENHAGEN
fiction|action|VTM3|JACK REACHER
knowledge|humanities/history|Canvas|FRONTLINIE - NIEMANDSLAND
entertainment|variety|EEN|BUURMAN, WAT DOET U NU?
knowledge|humanities/history|Canvas|METISSEN VAN BELGIE - JACQUELINE
entertainment|game|EEN|WE ARE FAMILY
knowledge|humanities/history|Canvas|APOCALYPS, DE OORLOG TUSSEN WERELDEN - DE GROTE BREUK
sport|cycling (road)|EEN|WIELRENNEN. BK. MIDDELKERKE. H.
sport|cycling (road)|EEN|WIELRENNEN. BK. MIDDELKERKE. D.
sport|basketball|EEN|BASKET. WK. 3X3 H. - SERVIE/BELGIE
sport|basketball|EEN|BASKET. WK. 3X3 D. - CHINA/FRANKRIJK
sport|basketball|Canvas|BASKET. WK. 3X3 H. - BELGIE/FRANKRIJK
entertainment|game|EEN|DE BOEKATHON
sport|basketball|Canvas|BASKET. WK. 3X3 H. - SERVIE/LITOUWEN
fiction|adventure|EEN|APOLLO 13
sport|basketball|Canvas|BASKET. WK. 3X3 D. - CHINA/BELGIE
sport|basketball|EEN|BASKET. WK. 3X3 H. - POLEN/BELGIE
knowledge|nature/environment|EEN|GO APE
sport|basketball|EEN|BASKET. WK. 3X3 D. - BELGIE/BRAZILIE
sport|basketball|EEN|BASKET. WK. 3X3 H. - SERVIE/LATVIA
sport|basketball|EEN|BASKET. WK. 3X3 D. - CANADA/VERENIGDE STATEN
sport|basketball|Canvas|BASKET. WK. 3X3 H. - FRANKRIJK/NEDERLAND
entertainment|love/dating|VTM|BOER ZKT VROUW, BLIND VERLIEFD
fiction|thriller|EEN|THE PEMBROKESHIRE MURDERS
sport|basketball|EEN|BASKET. WK. 3X3 D. - BELGIE/POLEN
fiction|psychologic drama/melodrama|EEN|A HOME OF OUR OWN
fiction|erotica|VTM2|SEKSENGELEN
entertainment|variety|EEN|MENEER VANNESTE
sport|cycling (road)|EEN|WIELRENNEN. BK. TIJDRIJDEN GAVERE
sport|basketball|EEN|BASKET. WK. 3X3 H. - BELGIE/VERENIGDE STATEN
entertainment|variety|VTM|ALLOO BIJ... - BART KAELL
entertainment|love/dating|EEN|JUNIOR OP ZOEK NAAR DE LIEFDE
knowledge|humanities/history|Canvas|METISSEN VAN BELGIE - JAAK
lifestyle|human interest/society|EEN|ZORGEN VOOR MAMA
knowledge|humanities/history|Canvas|HET DERDE RIJK IN KLEUR - DE BEVRIJDING VAN FRANKRIJK
sport|cycling (road)|EEN|WIELRENNEN. BALOISE BELGIUM TOUR - RIT 5 GINGELOM>BERINGEN
knowledge|nature/environment|Canvas|EARTH'S GREAT RIVERS - DONAU
sport|cycling (road)|EEN|WIELRENNEN. BALOISE BELGIUM TOUR - RIT 4 DURBUY>DURBUY
fiction|psychologic drama/melodrama|EEN|LIFE ITSELF
sport|cycling (road)|EEN|WIELRENNEN. BALOISE BELGIUM TOUR - RIT 3 SCHERPENHEUVEL-ZICHEM>SCHERPENHEUV
fiction|fantasy/fairy tale|EEN|HIGHLANDER
fiction|popular drama/comedy|VTM|PITCH PERFECT
sport|cycling (road)|EEN|WIELRENNEN. BALOISE BELGIUM TOUR - RIT 2 BEVEREN>KNOKKE-HEIST
entertainment|variety|VTM|ALLOO BIJ... - AN LEMMENS
knowledge|nature/environment|EEN|HET LANDGOED VAN DE STOKSTAARTJES, OPKOMST VAN DE DYNASTIE - MOEILIJKE TIJDEN
sport|athletics (track/piste)|EEN|ATLETIEK. OSLO (S.)
knowledge|human interest/society|Canvas|BARILOCHE
lifestyle|other lifestyle|PLAY4|TOPMAKELAARS
sport|cycling (road)|EEN|WIELRENNEN. BALOISE BELGIUM TOUR - RIT 1 MERELBEKE>MAARKEDAL
knowledge|nature/environment|EEN|HET LANDGOED VAN DE STOKSTAARTJES, OPKOMST VAN DE DYNASTIE - DE VERSCHOPPELING
sport|football|VTM|VB. NATIONS LEAGUE UEFA - POLEN/BELGIE
entertainment|variety|VTM2|DE GROOTSTE LEFGOZER
knowledge|human interest/society|Canvas|THE WINDSORS, INSIDE THE ROYAL DYNASTY
fiction|psychologic drama/melodrama|VTM|DE ERFGENAAM
knowledge|humanities/history|Canvas|HET DERDE RIJK IN KLEUR - OORLOG TEGEN HITLER
lifestyle|human interest/society|PLAY4|DA'S DIKKE LIEFDE
lifestyle|human interest/society|PLAY4|DE AMBASSADE
fiction|action|VTM3|ESCAPE PLAN 2, HADES
sport|cycling (road)|EEN|WIELRENNEN. DAUPHINE LIBERE - RIT 8 SAINT-ALBAN-LEYSSE>PLATEAU DE SOLA
sport|cycling (road)|EEN|WIELRENNEN. ELFSTEDENRONDE
knowledge|nature/environment|EEN|MOUNTAIN VETS
sport|formula 1|EEN|F1. WK. GP. AZERBEIDZJAN (S.)
sport|cycling (road)|Canvas|WIELRENNEN. ELFSTEDENRONDE
knowledge|nature/environment|Canvas|EARTH'S GREAT RIVERS - ZAMBEZI
sport|football|VTM|VB. NATIONS LEAGUE UEFA - WALES/BELGIE
sport|cycling (road)|EEN|WIELRENNEN. DAUPHINE LIBERE - RIT 7 SAINT-CHAFFREY>VAUJANY
sport|cycling (road)|EEN|WIELRENNEN. DWARS DOOR HAGELAND
fiction|popular drama/comedy|EEN|TAKE THE LEAD
fiction|action|PLAY4|GREENLAND
fiction|adventure|VTM|THE MUMMY RETURNS
fiction|thriller|Canvas|WHITE HOUSE FARM
entertainment|game|VTM|KAN IEDEREEN NOG VOLGEN?
fiction|action|VTM2|THE JACKAL
fiction|popular drama/comedy|VTM3|THE DEVIL WEARS PRADA
fiction|thriller|EEN|DECEIT
sport|cycling (road)|EEN|WIELRENNEN. DAUPHINE LIBERE - RIT 6 RIVES>GAP
knowledge|nature/environment|Canvas|WILDLIFE
fiction|popular drama/comedy|VTM3|THE AGE OF ADALINE
fiction|popular drama/comedy|EEN|ROXANNE
sport|cycling (road)|EEN|WIELRENNEN. DAUPHINE LIBERE - RIT 5 THIZY-LES-BOURGS>CHAINTRE
entertainment|variety|VTM|ALLOO BIJ... - BART DE WEVER
sport|football|VTM|VB. NATIONS LEAGUE UEFA - BELGIE/POLEN
sport|cycling (road)|EEN|WIELRENNEN. DAUPHINE LIBERE - RIT 4 MONTBRISON>LA BATIE D'URFE
information|special event|EEN|VRT NIEUWS LIVE - TOESPRAAK KONING FILIP IN CONGO
sport|cycling (road)|Canvas|WIELRENNEN. DAUPHINE LIBERE - RIT 4 MONTBRISON>LA BATIE D'URFE
sport|cycling (road)|EEN|WIELRENNEN. DAUPHINE LIBERE - RIT 3 SAINT-PAULIEN>CHASTREIX-SANCY
information|general news|VTM|OP INTERVENTIE
sport|cycling (road)|EEN|WIELRENNEN. RONDE VAN LIMBURG
sport|cycling (road)|EEN|WIELRENNEN. DAUPHINE LIBERE - RIT 2 SAINT-PERAY>BRIVES-CHARENSAC
sport|cycling (road)|Canvas|WIELRENNEN. RONDE VAN LIMBURG
knowledge|humanities/history|Canvas|HET DERDE RIJK IN KLEUR - DE DICTATOR
lifestyle|home/decorating|VTM2|HELP, MIJN MAN IS KLUSSER!
knowledge|humanities/history|EEN|THE UNSEEN QUEEN, 70 JAAR QUEEN ELIZABETH
sport|cycling (road)|EEN|WIELRENNEN. DAUPHINE LIBERE - RIT 1 LA VOULTE-SUR-RHONE>BEAUCHASTEL
sport|cycling (road)|EEN|WIELRENNEN. BRUSSELS CYCLING CLASSIC
sport|football|EEN|VB. KDB CUP (S.)
entertainment|talk|EEN|DE INZICHTEN VAN... - MAAIKE NEUVILLE
knowledge|humanities/history|Canvas|ANCIENT SUPERSTRUCTURES - DE CHINESE MUUR
entertainment|humour|VTM|...VOOR DUMMIES - HET JAAR 2005
sport|cycling (road)|EEN|WIELRENNEN. HEISTSE PIJL
entertainment|dance|PLAY4|COME DANCE WITH ME
fiction|adventure|VTM|THE MUMMY
fiction|thriller|Canvas|PERFUME, THE STORY OF A MURDERER
lifestyle|home/decorating|VTM|HUIS GEMAAKT - HUIS GEWONNEN
entertainment|talk|VTM|ALLOO BIJ... - ASTRID COPPENS
knowledge|nature/environment|EEN|HET LANDGOED VAN DE STOKSTAARTJES, OPKOMST VAN DE DYNASTIE - ZUSJE, ZUSJE
information|other information|Canvas|HET LEVEN.DOC
knowledge|nature/environment|EEN|HET LANDGOED VAN DE STOKSTAARTJES, OPKOMST VAN DE DYNASTIE - WINTER VAN ONVREDE
information|current affair|VTM2|AXEL OPGELICHT
lifestyle|cars/boat/motoring|VTM2|PECH ONDERWEG
lifestyle|mode/lifestyle|PLAY4|PERSONAL TRAINERS
entertainment|humour|VTM4|EN TOEN KWAM ONS MA BINNEN
entertainment|humour|VTM|LUC & BART, EEN PAAR APART
information|current affair|Canvas|NAVALNY
sport|football|Canvas|ALLEZ L'UNION
fiction|action|VTM4|DIE HARD 4.0
sport|cycling (road)|EEN|WIELRENNEN. GP. MARCEL KINT
fiction|thriller|VTM|13 GEBODEN
sport|formula 1|EEN|F1. WK. GP. MONACO (S.)
sport|cycling (road)|EEN|GIRO MAGAZINE
fiction|police|VTM|PATROUILLE LINKEROEVER
lifestyle|show business/variety/stars|VTM2|ACHTER DE STERREN
fiction|action|VTM3|DEADPOOL
lifestyle|travel/tourism|VTM2|VILLA ZUID-AFRIKA
sport|football|VTM2|VB. C1 UEFA FIN - LIVERPOOL/R.MADRID
entertainment|humour|VTM|...VOOR DUMMIES - HET JAAR 2006
fiction|psychologic drama/melodrama|EEN|BILLY ELLIOT
entertainment|music|VTM|THE VOICE KIDS - THE FINALS
fiction|action|Canvas|DUNKIRK
fiction|action|VTM2|MISSION IMPOSSIBLE, GHOST PROTOCOL
fiction|thriller|EEN|DEAD CALM
entertainment|talk|PLAY4|DE COOKE & VERHULST SHOW
entertainment|talk|VTM|ALLOO BIJ... - JENS DENDONCKER
sport|cycling (road)|EEN|WIELRENNEN. CIRCUIT DE WALLONIE
knowledge|nature/environment|Canvas|LES MEGAFEUX, LA NOUVELLE GUERRE DU FEU
sport|football|Canvas|VB. C4 UEFA FIN - AS.ROMA/FEYENOORD
information|current affair|Canvas|SYRIE, DE GIFTIGE OORLOG
lifestyle|travel/tourism|EEN|JOANNA LUMLEY'S HIDDEN CARIBBEAN
sport|formula 1|EEN|F1. WK. GP. SPANJE (S.)
sport|cycling (road)|EEN|WIELRENNEN. ANTWERPEN PORT EPIC
sport|football|ELEVEN PRO LEAGUE 1 NL|VB. BK - CL.BRUGGE/ANDERLECHT
knowledge|humanities/history|Canvas|LOST TOMBS OF THE ANCIENT MAYA
entertainment|talk|VTM|ALLOO BIJ... - KAREN DAMEN
entertainment|humour|VTM|...VOOR DUMMIES - HET JAAR 2007
fiction|psychologic drama/melodrama|EEN|SUMMERLAND
sport|cycling (road)|EEN|WIELRENNEN. VEENENDAAL H.
knowledge|humanities/history|EEN|DE JAREN 80 VOOR TIENERS
fiction|psychologic drama/melodrama|Canvas|PORTRAIT DE LA JEUNE FILLE EN FEU
fiction|popular drama/comedy|EEN|LE CORNIAUD
knowledge|nature/environment|EEN|ORANGUTAN JUNGLE SCHOOL
sport|football|Canvas|VB. C3 UEFA FIN - FRANKFURT/RANGERS
fiction|adventure|EEN|DE RIDDER
information|current affair|Canvas|ALS JE EENS WIST - HET VERHAAL VAN TESSA
lifestyle|travel/tourism|EEN|JOANNA LUMLEY'S HIDDEN CARIBBEAN - HAVANA TO HAITI
entertainment|talk|VTM|ALLOO BIJ... - AXEL DAESELEIRE
sport|football|ELEVEN PRO LEAGUE 1 NL|VB. BK - ANDERLECHT/R.UNION ST-GILLOISE
sport|motorcross|EEN|MOTORCROSS. MX2 GP. RIOLA SARDO
sport|golf|EEN|SOUDAL OPEN
entertainment|music|EEN|EUROVISIE SONGFESTIVAL - FINALE
entertainment|humour|VTM|...VOOR DUMMIES - HET JAAR 2008
fiction|action|VTM|COLD PURSUIT
knowledge|nature/environment|EEN|MAGICAL LAND OF OZ
fiction|thriller|Canvas|TRIGGER POINT
sport|cycling (road)|Canvas|GIRO MAGAZINE
entertainment|music|VTM|THE VOICE KIDS - KNOCKOUT
entertainment|music|EEN|RADIO 2
fiction|popular drama/comedy|PLAY4|POLICE ACADEMY VI
fiction|popular drama/comedy|EEN|LA SOUPE AUX CHOUX
fiction|action|PLAY4|SULLY
entertainment|music|EEN|EUROVISIE SONGFESTIVAL - HALVE FINALE
entertainment|music|EEN|EUROSONG VOORBESCHOUWING
information|current affair|Canvas|ALS JE EENS WIST
lifestyle|travel/tourism|EEN|DWARS DOOR DE LAGE LANDEN
lifestyle|cars/boat/motoring|VTM2|LADYTRUCKERS
sport|formula 1|EEN|F1. WK. GP. USA (S,)
lifestyle|travel/tourism|EEN|JOANNA LUMLEY'S BRITAIN
sport|football|ELEVEN PRO LEAGUE 1 NL|VB. BK - ANTWERPEN/ANDERLECHT
knowledge|humanities/history|Canvas|LOST PYRAMIDS OF THE AZTECS
sport|hockey|EEN|HOCKEY. EK. FIN D. - GANTOISE/DRAGONS
entertainment|music|EEN|#LIKEME IN CONCERT 3
entertainment|humour|VTM|HET JAAR 2009 VOOR DUMMIES
fiction|popular drama/comedy|EEN|NO RESERVATIONS
fiction|popular drama/comedy|VTM|COYOTE UGLY
fiction|action|VTM2|JURASSIC WORLD, FALLEN KINGDOM
fiction|action|VTM2|THE ITALIAN JOB
sport|volleyball|EEN|VOLLEY. BK. FIN (S.)
fiction|adventure|Canvas|THE LOST CITY OF Z
fiction|popular drama/comedy|EEN|L'AILE OU LA CUISSE
knowledge|nature/environment|EEN|EUROPE'S NEW WILD - THE MISSING LYNX
fiction|action|VTM2|R.I.P.D.
sport|football|Canvas|VB. C4 UEFA 1/2F - AS.ROMA/LEICESTER C.
entertainment|talk|VTM|ALLOO BIJ... - NORA GHARIB
sport|football|VTM2|VB. C1 UEFA 1/2F - R. MADRID/MANCHESTER C.
entertainment|game|PLAY4|JUNIOR BAKE OFF
lifestyle|show business/variety/stars|VTM|WELKOM IN DE FAMILIE
sport|football|VTM2|VB. C1 UEFA 1/2F - VILLAREAL/LIVERPOOL
knowledge|human interest/society|Canvas|ALS JE EENS WIST - HET VERHAAL VAN MIEKE EN HAAR ZOON
knowledge|nature/environment|EEN|LE JARDIN EXTRAORDINAIRE
knowledge|nature/environment|EEN|SECRETS OF THE MEDITERRANEAN - LIFE IN BETWEEN
fiction|action|VTM|SALT
fiction|science fiction|VTM2|VENOM
fiction|police|EEN|THE BAY
fiction|adventure|Canvas|LION
lifestyle|show business/variety/stars|VTM2|DE PFAFFS
fiction|action|VTM2|ESCAPE PLAN 3, THE EXTRACTORS
fiction|fantasy/fairy tale|PLAY4|AQUAMAN
entertainment|game|PLAY4|DE CONTAINER CUP
lifestyle|show business/variety/stars|VTM|ALLOO BIJ... - EDDY PLANCKAERT
sport|football|VTM2|VB. C1 UEFA 1/2F - LIVERPOOL/VILLARREAL
entertainment|love/dating|PLAY4|DE BACHELOR
sport|football|VTM2|VB. C1 UEFA 1/2F - MANCHESTER C./R.MADRID
fiction|drama/comedy|EEN|LOST LUGGAGE
sport|formula 1|EEN|F1. WK. GP. ITALIE (S.)
sport|cycling (road)|EEN|WIELRENNEN. LUIK-BASTENAKEN-LUIK D.
fiction|drama/comedy|EEN|CHARLATAN
sport|football|ELEVEN PRO LEAGUE 1 NL|VB. BK - UNION ST-GILLOISE/ANDERLECHT
knowledge|philosophy/religion|Canvas|INSIDE THE VATICAN
knowledge|nature/environment|EEN|SECRETS OF THE MEDITERRANEAN, LIFE IN EXTREMES
fiction|drama/comedy|EEN|MUSIC AND LYRICS
fiction|action|VTM2|CHARLIE'S ANGELS
fiction|police|EEN|MIDSOMER MURDERS
entertainment|music|VTM|THE VOICE KIDS - THE BLIND AUDITIONS
fiction|drama/comedy|VTM|ALL OF US
fiction|action|PLAY4|TOMB RAIDER
fiction|thriller|EEN|BASIC INSTINCT
fiction|comedy|PLAY4|POLICE ACADEMY 3, BACK IN TRAINING
fiction|science fiction|VTM2|TERMINATOR DARK FATE
sport|cycling (road)|Canvas|EXTRA TIME KOERS
knowledge|humanities/history|Canvas|APOCALYPSE, HITLER VALT HET WESTEN AAN 1940 - DE VALKUIL
sport|football|EEN|VB. BB. FIN - GENT/ANDERLECHT
sport|football|EEN|VB. BB. FIN
sport|cycling (road)|EEN|WIELRENNEN. PARIJS-ROUBAIX H.
knowledge|human interest/society|EEN|8ERAF!
knowledge|nature/environment|EEN|ISLANDS IN TIME, A WILDLIFE ODYSSEY - RULED BY THE SUN
fiction|action|VTM|THE MUMMY (2017)
knowledge|humanities/history|Canvas|FRONTLINIE - DE TREIN NAAR DE OORLOG
entertainment|music|EEN|SHOWCASE CLOUSEAU JONGE WOLVEN
sport|football|Canvas|VB. C4 UEFA 1/4F - FC.BARCELONA/FRANKFURT
lifestyle|show business/variety/stars|VTM|ALLOO EN TOT ZIENS
knowledge|humanities/history|EEN|HAAR NAAM WAS GRACE KELLY
sport|football|VTM2|VB. C1 UEFA 1/4F - AT.MADRID/MANCHESTER CITY
knowledge|nature/environment|Canvas|CHERNOBYL, THE NEW EVIDENCE
knowledge|human interest/society|EEN|DE KEMPING
knowledge|humanities/history|Canvas|THE TYCOON, THE RISE OF ARISTOTLE ONASSIS
entertainment|love/dating|EEN|FIRST DATES TEENS
sport|other sports|Canvas|WERELDRECORD
sport|formula 1|EEN|F1. WK. GP. AUSTRALIA (S.)
lifestyle|travel/tourism|EEN|ICELAND WITH ALEXANDER ARMSTRONG
sport|hockey|EEN|HOCKEY. EK. (S.)
knowledge|human interest/society|Canvas|LOUIS THEROUX FORBIDDEN AMERICA - EXTREME AND ONLINE
knowledge|humanities/history|EEN|DE INZICHTEN VAN... - DAVID VAN REYBROUCK
fiction|comedy|EEN|KOKO FLANEL
knowledge|nature/environment|EEN|ISLANDS IN TIME, A WILDLIFE ODYSSEY - BEWITCHED BY THE MOON
fiction|comedy|VTM|PITCH PERFECT 3
knowledge|human interest/society|Canvas|VRANCKX & DE NOMADEN
fiction|action|VTM3|WHITE HOUSE DOWN
fiction|fantasy/fairy tale|VTM2|THOR, RAGNAROK
fiction|drama/comedy|EEN|THE COLOR PURPLE
knowledge|human interest/society|Canvas|FRONTLINIE - VEILIGE HAVEN
fiction|thriller|EEN|MANHUNT
knowledge|humanities/history|EEN|DE NOTARIS
sport|football|Canvas|VB. C4 UEFA 1/4F - LEICESTER CITY/PSV
entertainment|variety|PLAY4|ZIJN DAAR GEEN BEELDEN VAN?
knowledge|humanities/history|EEN|PRINCE PHILIP, THE ROYAL FAMILY REMEMBERS
sport|football|VTM2|VB. C1 UEFA 1/4F - CHELSEA/R.MADRID
knowledge|human interest/society|Canvas|HOW TO BE YOUNG
sport|cycling (road)|Canvas|WIELRENNEN. RONDE VAN VLAANDEREN H.
lifestyle|leisure/hobby|EEN|HET SCHELDEPELOTON - WW 108
knowledge|science/geography|Canvas|ATTENBOROUGH AND THE MAMMOTH GRAVEYARD
fiction|police|PLAY5|CSI VEGAS
entertainment|humour|EEN|OESJE!
knowledge|nature/environment|EEN|ISLANDS IN TIME, A WILDLIFE ODYSSEY
fiction|police|Canvas|HUSS
lifestyle|cooking/food/drink|EEN|GINO'S ITALIAN COASTAL ESCAPE
sport|football|Canvas|VB. WK. LOTING
knowledge|nature/environment|EEN|ON THE WING
fiction|drama/comedy|Canvas|LOVING
knowledge|economy/politics/society affairs|Canvas|PUTIN'S ROAD TO WAR
knowledge|humanities/history|Canvas|STASI, UN ETAT CONTRE SON PEUPLE
sport|football|VTM|VB. VRIEND - BELGIE/BURKINA FASO
lifestyle|home/decorating|PLAY5|BLIND GEKOCHT, JAREN LATER
fiction|comedy|EEN|EIGEN KWEEK
entertainment|talk|VTM|GE HADT ERBIJ MOETEN ZIJN
lifestyle|leisure/hobby|EEN|HET SCHELDEPELOTON - THE KINGS OF COOL
sport|formula 1|EEN|F1. WK. GP. SAUDI-ARABIE (S.)
knowledge|humanities/history|Canvas|CAESAR'S DOOMSDAY WAR - EINDSPEL
knowledge|human interest/society|Canvas|MICHAEL PALIN IN NORTH KOREA
entertainment|game|PLAY4|10X DE MOL
sport|football|VTM|VB. WK. KWALIF - REPUBLIC OF IRELAND/BELGIUM
knowledge|nature/environment|EEN|THE SECRET LIFE OF THE ZOO
knowledge|nature/environment|EEN|THE MATING GAME - TIMING IS ALLES
fiction|drama/comedy|EEN|THE KITE RUNNER
fiction|comedy|VTM|TOWER HEIST
fiction|adventure|VTM2|PIRATES OF THE CARIBBEAN, SALAZAR'S REVENGE
fiction|science fiction|PLAY4|AD ASTRA
knowledge|nature/environment|EEN|BAGAGE - YOSEMITE, DE AMERIKAANSE NATUUR IN XL
fiction|psychologic drama/melodrama|EEN|SENSE AND SENSIBILITY
fiction|action|PLAY4|SUICIDE SQUAD
lifestyle|show business/variety/stars|VTM|PARADIJS ZOEKT PERSONEEL
knowledge|classical arts|EEN|BAGAGE - DE OSLOFJORD VAN EDVARD MUNCH
information|special event|VTM|EXTRA NIEUWS - BIDEN IN BRUSSEL
sport|cycling (road)|EEN|DE RONDE 105
fiction|thriller|VTM|GLAD IJS
sport|cycling (road)|EEN|WIELRENNEN. 3-DAAGSE BRUGGE-DE PANNE
knowledge|nature/environment|Canvas|THE GREEN PLANET - SEASONAL WORLDS
sport|cycling (road)|EEN|HET SCHELDEPELOTON - IKKE WERE
sport|basketball|EEN|BASKET. WK. H. (S.)
sport|formula 1|EEN|F1. WK. GP. BAHREIN (S.)
sport|athletics (track/piste)|EEN|ATLETIEK. WK. INDOOR BELGRADO
sport|rally|EEN|AUTO. RALLY PORTUGAL (S.)
sport|athletics (track/piste)|Canvas|ATLETIEK. WK. INDOOR BELGRADO
knowledge|humanities/history|Canvas|CAESAR'S DOOMSDAY WAR - INVASIE
fiction|psychologic drama/melodrama|EEN|MISS POTTER
entertainment|game|VTM|MARBLE MANIA
knowledge|nature/environment|EEN|THE MATING GAME - IN HET HEETST VAN DE STRIJD
entertainment|game|VTM|RIJKER DAN JE DENKT?
entertainment|humour|VTM|BENIDORM BASTARDS
fiction|action|VTM|WORLD WAR Z
entertainment|game|PLAY4|REPLAY
fiction|police|EEN|VAN DER VALK
fiction|thriller|Canvas|THE DEPARTED
fiction|fantasy/fairy tale|EEN|THE WITCHES OF EASTWICK
information|special event|EEN|VTM,PLAY4,OEKRAINE 12-12
sport|football|Canvas|VB. C4 UEFA EUROPA CONFERENCE LEAGUE 1/8F - GENT/PAOK
lifestyle|consumer advice|EEN|ANDERMANS ZAKEN
fiction|psychologic drama/melodrama|EEN|TWEE ZOMERS
sport|cycling (road)|EEN|HET SCHELDEPELOTON - IK ZIE U GRAAG, TARZAN
sport|cycling (road)|EEN|WIELRENNEN. RONDE VAN DRENTHE H.
sport|basketball|EEN|BASKET. BB. FIN H. - LIMBURG/OOSTENDE
sport|football|ELEVEN PRO LEAGUE 1 NL|VB. BK - GENK/SINT-TRUIDEN
sport|cycling (road)|EEN|WIELRENNEN. PARIJS-NICE - RIT 7 NICE>COL DE TURINI
fiction|thriller|EEN|HET TWEEDE GELAAT
knowledge|nature/environment|EEN|THE MATING GAME - UIT HET NIETS
sport|cycling (road)|EEN|WIELRENNEN. RONDE VAN DRENTHE D.
sport|cycling (road)|EEN|WIELRENNEN. PARIJS-NICE - RIT 6 COURTHEZON>AUBAGNE
sport|cycling (road)|EEN|WIELRENNEN. PARIJS-NICE - RIT 5 SAINT-JUST-SAINT-RAMBERT>SAINT-SAU
fiction|psychologic drama/melodrama|EEN|NIETS GAAT OVER
sport|football|VTM2|VB. C1 UEFA 1/8F - R.MADRID/PARIS-ST-G.
sport|cycling (road)|EEN|WIELRENNEN. PARIJS-NICE - RIT 3 VIERZON>DUN-LE-PALESTEL
sport|cycling (road)|EEN|WIELRENNEN. PARIJS-NICE - RIT 2 AUFFARGIS>ORLEANS
sport|cycling (road)|EEN|WIELRENNEN. PARIJS-NICE - RIT 1 MANTES-LA-VILLE>MANTES-LA-VILLE
sport|cycling (road)|EEN|HET SCHELDEPELOTON - HET GOUDEN KOPPEL
knowledge|medecin/health|EEN|DE INZICHTEN VAN... - ELKE VAN HOOF
knowledge|science/geography|Canvas|UNIVERSE
fiction|popular drama/comedy|EEN|INTOUCHABLES
knowledge|nature/environment|EEN|THE MATING GAME - IN VOLLE ZICHT
sport|other sports|EEN|VANSTEELANT
sport|cycling (road)|EEN|WIELRENNEN. STRADE BIANCHE D.
fiction|adventure|VTM|PIRATES OF THE CARIBBEAN, THE CURSE OF THE BLACK PEARL
information|special event|EEN|O.S. 2022 PARALYMPICS OPENINGSCEREMONIE
entertainment|game|EEN|#WEETIKVEEL
sport|football|Canvas|VB. BB. 1/2F - ANDERLECHT/EUPEN
sport|football|VTM2|VB. BB. 1/2F - CL.BRUGGE/GENT
information|current affair|VTM|FAROEK
sport|cycling (road)|EEN|HET SCHELDEPELOTON - WW SPECIAL
sport|volleyball|EEN|VOLLEY. BB. FIN. D. - OUDEGEM/GENT
sport|volleyball|EEN|VOLLEY. BB. FIN. H. - AALST/GENT
fiction|popular comedy/drama|VTM|JOHNNY ENGLISH
knowledge|human interest/society|Canvas|JANET JACKSON
knowledge|architecture/urbanism|Canvas|ANCIENT SUPERSTRUCTURES - ANGKOR WAT
knowledge|nature/environment|EEN|STORMBORN - DE KINDEREN VAN DE STORM
fiction|popular drama/comedy|EEN|SERENDIPITY
fiction|action|VTM|BABY DRIVER
fiction|thriller|Canvas|VIGIL
fiction|police|EEN|THE LONG CALL
information|special event|VTM|EXTRA NIEUWS - OORLOG IN OEKRAINE
sport|football|VTM2|VB. C1 UEFA 1/8F - AT.MADRID/MANCHESTER UNITED
knowledge|human interest/society|EEN|PAOLA, COTE JARDIN
information|special event|EEN|O.S. 2022 SLUITINGSCEREMONIE
sport|athletics (field/cross)|EEN|VELDLOPEN. HANNUIT (S.)
fiction|action|VTM|AIR FORCE ONE
sport|cycling (road)|EEN|WIELRENNEN JAAROVERZICHT
sport|all sports|EEN|SPORZA BEIJING 2022
fiction|psychologic drama/melodrama|VTM|BREAKTHROUGH
sport|cycling (cross)|EEN|VELDRIJDEN. SINT-NIKLAAS H.
sport|cycling (cross)|EEN|VELDRIJDEN. SINT-NIKLAAS D.
knowledge|nature/environment|EEN|STORMBORN - DE TERUGKEER VAN HET LICHT
fiction|action|EEN|AMERICAN MADE
sport|other winter sports|EEN|O.S. 2022 SNELSCHAATSEN. MASS START - BART SWINGS
sport|figure skating|EEN|O.S. 2022 KUNSTSCHAATSEN - LOENA HENDRICKX
sport|football|VTM2|VB. C1 UEFA 1/8F - INTER/LIVERPOOL
fiction|police|EEN|BAPTISTE
entertainment|talk|EEN|TABOE
fiction|science fiction|VTM|INDEPENDENCE DAY, RESURGENCE
sport|basketball|Canvas|BASKET. WK. KWALIF D. - RUSLAND/BELGIE
entertainment|dance|PLAY4|DANCING WITH THE STARS
knowledge|nature/environment|EEN|STORMBORN - UIT DE DUISTERNIS VERREZEN
fiction|psychologic drama/melodrama|EEN|MY SISTER'S KEEPER
knowledge|medecin/health|Canvas|THERAPIE
fiction|popular drama/comedy|PLAY4|F*** YOU VERY VERY MUCH
fiction|action|VTM|ROBIN HOOD (2018)
sport|basketball|EEN|BASKET. BB. 1/2F (S.)
knowledge|nature/environment|EEN|ANIMALS WITH CAMERAS
sport|cycling (cross)|VTM|VELDRIJDEN. MALDEGEM H.
fiction|other fiction|EEN|DE STORM
sport|cycling (cross)|VTM|VELDRIJDEN. MALDEGEM D.
fiction|thriller|Canvas|DEN SOM DRAEBER
fiction|action|VTM|A GOOD DAY TO DIE HARD
information|special event|EEN|O.S. 2022 OPENINGSCEREMONIE
sport|football|Canvas|VB. BB. 1/2F - EUPEN/ANDERLECHT
sport|football|VTM2|VB. BB. 1/2F - GENT/CL.BRUGGE
entertainment|love/dating|VTM|CUPIDO OFZO
knowledge|human interest/society|Canvas|SEKSWERKERS - DAGEN ZONDER SEKS
sport|cycling (cross)|EEN|VELDRIJDEN. WK. FAYETTEVILLE H.
sport|cycling (cross)|Canvas|VELDRIJDEN. WK. FAYETTEVILLE H.
sport|cycling (cross)|Canvas|VELDRIJDEN. WK. FAYETTEVILLE D.
fiction|adventure|VTM|EXODUS, GODS AND KINGS
sport|cycling (cross)|EEN|VELDRIJDEN. WK. FAYETTEVILLE - BELOFTEN H.
sport|cycling (cross)|EEN|VELDRIJDEN. WK. FAYETTEVILLE - ELITE D.
sport|cycling (cross)|Canvas|VELDRIJDEN. WK. FAYETTEVILLE - JUNIOREN D.
fiction|thriller|VTM|THE NEXT THREE DAYS
entertainment|talk|VTM|LOIC TUSSEN 2 VUREN
sport|cycling (cross)|Canvas|VELDRIJDEN. WK. FAYETTEVILLE
knowledge|human interest/society|EEN|DELPHINE, MIJN VERHAAL
knowledge|human interest/society|Canvas|SEKSWERKERS - TWEEDERANGSBURGERS
sport|cycling (cross)|EEN|VELDRIJDEN. WK. HOOGERHEIDE H.
fiction|other fiction|EEN|HECTOR
sport|cycling (cross)|EEN|VELDRIJDEN. WK. HOOGERHEIDE D.
fiction|action|VTM|SPY
sport|football|ELEVEN PRO LEAGUE 1 NL|VB. BK - KV.MECHELEN/ANDERLECHT
knowledge|humanities/history|Canvas|THE SECRETS TO CIVILIZATION
sport|football|ELEVEN PRO LEAGUE 1 NL|VB. BK - UNION ST-GILLOISE/GENK
sport|basketball|EEN|BASKET. BB. 1/4F - AALST/BRUSSELS
sport|cycling (cross)|EEN|VELDRIJDEN. HAMME H.
knowledge|nature/environment|EEN|CUDDLY & WILD, ADORABLE ANIMAL BABIES
sport|cycling (cross)|EEN|VELDRIJDEN. HAMME D.
fiction|psychologic drama/melodrama|EEN|THE NOTEBOOK
fiction|police|EEN|DALGLIESH
fiction|other fiction|EEN|STAN & OLLIE
entertainment|game|EEN|HET HOOGSTE BOD
lifestyle|pets|PLAY4|VIERVOETERS
lifestyle|travel/tourism|EEN|REIZEN WAES, NEDERLAND
knowledge|human interest/society|Canvas|SEKSWERKERS - IEDEREEN KLANT
sport|cycling (cross)|EEN|VELDRIJDEN. FLAMANVILLE
fiction|action|VTM|ARMAGEDDON
lifestyle|travel/tourism|EEN|WINTER WONDERLAND
fiction|psychologic drama/melodrama|EEN|THE THEORY OF EVERYTHING
fiction|action|VTM|TAKEN 3
entertainment|game|EEN|BRAIN BOXES
information|current affair|VTM|HELDEN VAN HIER, ONTPLOFFING PAARDENMARKT
knowledge|human interest/society|Canvas|SEKSWERKERS - DE EERSTE KEER
fiction|action|EEN|UNDERCOVER
sport|cycling (cross)|EEN|VELDRIJDEN. MIDDELKERKE H.
information|special event|EEN|TOKIO 2020
sport|cycling (cross)|EEN|VELDRIJDEN. MIDDELKERKE - JUNIOREN H.
lifestyle|travel/tourism|EEN|AMERICAN RAILROAD JOURNEYS
fiction|thriller|VTM|INFERNO
sport|cycling (cross)|EEN|VELDRIJDEN. MIDDELKERKE D.
knowledge|nature/environment|EEN|PENGUINS, MEET THE FAMILY
fiction|psychologic drama/melodrama|EEN|A STAR IS BORN
fiction|police|VTM|DE BUURTPOLITIE, HET CIRCUS
fiction|adventure|VTM|THE JUNGLE BOOK
fiction|action|EEN|THE PERFECT STORM
fiction|action|VTM|JACK REACHER
fiction|western|Canvas|TRUE GRIT
fiction|popular drama/comedy|VTM|YESTERDAY
information|current affair|Canvas|FOUR HOURS AT THE CAPITOL
entertainment|variety|VTM|CAMPING COPPENS, NIEUW JAAR NIEUWE VOORNEMENS
knowledge|human interest/society|EEN|RAYMOND GOETHALS MAGIE IN MARSEILLE
knowledge|culture/folklore/tradition|EEN|WONDERS OF MEN - TUNESIE, EL-GHRIBA
knowledge|culture/folklore/tradition|EEN|WONDERS OF MEN - JERUZALEM, DRIE KEER EEN HEILIGE STAD
sport|cycling (cross)|EEN|VELDRIJDEN. HULST H.
sport|cycling (cross)|EEN|VELDRIJDEN. HULST D.
entertainment|humour|EEN|LOSLOPEND KERSTWILD
entertainment|variety|VTM|JACQUES VERMEIRE & LUC VERSCHUEREN SHOW 2
entertainment|music|EEN|ED SHEERAN, SPECIAL VOOR DE WARMSTE WEEK
entertainment|dance|PLAY4|DANCING WITH THE STARS - HAPPY NEW YEAR
entertainment|classical arts|EEN|NEUJAHRSKONZERT DER WIENER PHILHARMONIKER
entertainment|music|EEN|#LIKEME IN CONCERT 2
lifestyle|cooking/food/drink|EEN|NIGELLA, COOK, EAT, REPEAT
fiction|action|VTM|TRUE LIES
entertainment|music|EEN|NIELS DESTADSBADER, STERKER
entertainment|variety|VTM|DE 21 VAN 21
fiction|police|EEN|LONDON KILLS
fiction|police|VTM|SPOED
sport|cycling (cross)|EEN|VELDRIJDEN. LOENHOUT H.
sport|cycling (cross)|EEN|VELDRIJDEN. LOENHOUT D.
knowledge|culture/folklore/tradition|EEN|WONDERS OF MEN - HONGARIJE, GROTE SYNAGOGE VAN BOEDAPEST
entertainment|variety|VTM|CAMPING COPPENS, KERST IN HET HOGE NOORDEN
knowledge|nature/environment|EEN|GRIZZLY BEAR CUBS AND ME
fiction|popular drama/comedy|VTM3|SISI
information|general news|EEN|JAAROVERZICHT
sport|cycling (cross)|EEN|VELDRIJDEN. HEUSDEN-ZOLDER (S.)
sport|cycling (cross)|EEN|VELDRIJDEN. DENDERMONDE H.
sport|cycling (road)|EEN|WIELERJAAR 2021
sport|cycling (cross)|EEN|VELDRIJDEN. DENDERMONDE D.
sport|all sports|EEN|TEAM BELGYM, TOKIO 2020
entertainment|variety|VTM|JACQUES VERMEIRE & LUC VERSCHUEREN SHOW 1
fiction|popular drama/comedy|VTM|SISSI, DIE JUNGE KAISERIN
fiction|psychologic drama/melodrama|EEN|THE ETRUSCAN SMILE
fiction|popular drama/comedy|EEN|FC DE KAMPIOENEN - KERSTSPECIAL
entertainment|variety|Canvas|CIRQUE DU SOLEIL, VOLTA
entertainment|music|EEN|MICHAEL BUBLE'S CHRISTMAS IN THE CITY
entertainment|classical arts|Canvas|PAVAROTTI
sport|football|VTM2|VB. BB. 1/4F - ANDERLECHT/KORTRIJK
information|general news|EEN|VRT NIEUWS UPDATE - OVERLEGCOMITE
knowledge|human interest/society|EEN|DRAAGMOEDERS
sport|football|Canvas|VB. BB. 1/4F - GENT/STANDARD
entertainment|talk|EEN|HET HUIS - INGEBORG SERGEANT
entertainment|game|VTM|DE STERKSTE HANDEN
fiction|adventure|VTM|DE BENDE VAN JAN DE LICHTE
sport|cycling (cross)|EEN|VELDRIJDEN. NAMEN (S.)
sport|all sports|EEN|SPORTGALA
fiction|popular drama/comedy|VTM|SISSI
sport|cycling (cross)|EEN|VELDRIJDEN. WB. RUCPHEN H.
sport|cycling (cross)|EEN|VELDRIJDEN. WB. RUCPHEN D.
knowledge|nature/environment|EEN|AMERICA'S ARCTIC, A REFUGE IMPERILED
entertainment|music|VTM|K3, EEN NIEUW BEGIN - ELKE DAG IETS ANDERS
fiction|popular drama/comedy|EEN|GREEN BOOK
fiction|thriller|Canvas|FURIA
fiction|action|PLAY4|AMERICAN SNIPER
entertainment|talk|EEN|HET HUIS - ASTER NZEYIMANA
entertainment|talk|PLAY4|'T IS GEBEURD
fiction|popular drama/comedy|PLAY4|GROND
entertainment|music|EEN|ROB DE NIJS, VOOR HET LAATST
sport|cycling (cross)|EEN|VELDRIJDEN. WK. VAL DI SOLE H. (S.)
sport|formula 1|EEN|F1. WK. GP. ABU DHABI (S.)
sport|cycling (cross)|EEN|VELDRIJDEN. WK. VAL DI SOLE D. (S.)
sport|football|EEN|VB. SUPER LEAGUE (S.)
knowledge|human interest/society|EEN|WILLY STEVENIERS
sport|athletics (field/cross)|EEN|VELDLOPEN. EK. DUBLIN
fiction|popular drama/comedy|EEN|A WINTER'S TALE
entertainment|music|VTM|K3, EEN NIEUW BEGIN - VALSE START?
fiction|popular drama/comedy|EEN|DOWNTON ABBEY
lifestyle|travel/tourism|PLAY4|HIT THE ROAD JACQUES
fiction|action|VTM2|PEPPERMINT
knowledge|culture/folklore/tradition|EEN|A CIEL OUVERT - TUNISIA
sport|football|Canvas|VB. C3 UEFA SCHIFT - GENK/RAPID WIEN
entertainment|talk|EEN|HET HUIS - MATHIAS COPPENS
sport|football|VTM2|VB. C1 UEFA - PARIS-ST-G./CL.BRUGGE
lifestyle|travel/tourism|EEN|GREAT ALASKAN & CANADIAN RAILWAY JOURNEYS
entertainment|talk|EEN|HET HUIS - CONNER ROUSSEAU
sport|football|ELEVEN PRO LEAGUE 1 NL|VB. BK - ANDERLECHT/ZULTE WAREGEM
entertainment|music|VTM|K3, EEN NIEUW BEGIN - HET GROTE ONBEKENDE
fiction|popular drama/comedy|EEN|BOHEMIAN RHAPSODY
sport|cycling (cross)|EEN|VELDRIJDEN. BOOM (S.)
fiction|police|EEN|ANNIKA
information|general news|EEN|EXTRA JOURNAAL - OVERLEGCOMITE
information|general news|VTM|EXTRA NIEUWS - OVERLEGCOMITE
sport|football|Canvas|VB. BB. 1/8F - GENK/CL.BRUGGE
sport|football|VTM2|VB. BB. 1/8F - SERAING/ANDERLECHT
lifestyle|travel/tourism|EEN|BAGAGE - IJSLAND, VUUR IJS EN GAME OF THRONES
fiction|popular drama/comedy|EEN|CHEYENNE & LOLA
lifestyle|travel/tourism|EEN|GREAT AMERICAN RAILROAD JOURNEYS
sport|basketball|EEN|BASKET. WK. KWALIF - BELGIE/SERVIE
fiction|police|PLAY5|CORONER
sport|rally|EEN|AUTO. RALLY TUNISIE
knowledge|human interest/society|EEN|KOM OP TEGEN KANKER
lifestyle|home/decorating|VTM|WOONINSPIRATIES
entertainment|game|VTM|K2 ZOEKT K3
sport|cycling (cross)|EEN|VELDRIJDEN. KORTRIJK D.
information|general news|Canvas|VRT NIEUWS UPDATE
entertainment|talk|Canvas|ALLEEN ELVIS BLIJFT BESTAAN
knowledge|human interest/society|VTM|RODE NEUZEN DAG
fiction|action|PLAY4|LONDON HAS FALLEN
entertainment|young amusement|EEN|SINTERKLAAS EN DE WAKKERE NACHTEN
sport|other sports|VTM2|DARTS. LADBROKES PLAYERS CHAMPIONSHIP
fiction|popular drama/comedy|Canvas|CAFE SOCIETY
entertainment|music|PLAY4|NATALIA, DE MUSICAL
lifestyle|nature/environment|EEN|SAAR IN HET BOS
sport|football|Canvas|VB. C3 UEFA SCHIFT - DINAMO ZAGREB/GENK
sport|football|PLAY5|VB. C3 UEFA SCHIFT - FRANKFURT/ANTWERPEN
sport|football|VTM2|VB. C1 UEFA - CL.BRUGGE/LEIPZIG
entertainment|talk|EEN|HET HUIS - IRIS VANDENKERCKHOVE
entertainment|talk|VTM|WOUT
sport|cycling (cross)|EEN|VELDRIJDEN. WK. KOKSIJDE H.
sport|cycling (cross)|EEN|VELDRIJDEN. WK. KOKSIJDE D.
sport|football|ELEVEN PRO LEAGUE 1 NL|VB. BK - ANDERLECHT/KORTRIJK
fiction|popular drama/comedy|EEN|THE BUCKET LIST
fiction|thriller|Canvas|STELLA BLOMKVIST
lifestyle|home/decorating|VTM|INTERIEURTALENT GEZOCHT MET VTWONEN
entertainment|variety|VTM|BELGIUM'S GOT TALENT
entertainment|love/dating|PLAY5|TEMPTATION ISLAND - LOVE OR LEAVE
knowledge|economy/business|Canvas|SABENA, HET GROTE AVONTUUR
sport|football|VTM|VB. WK. KWALIF - WALES/BELGIE
entertainment|talk|EEN|HET HUIS - KEVIN JANSSENS
lifestyle|travel/tourism|EEN|MARTIN CLUNES, ISLANDS OF AMERICA
sport|basketball|EEN|BASKET. EK. - BELGIE/DUITSLAND
knowledge|nature/environment|Canvas|EXTREME LANDS - ICELAND
entertainment|music|VTM|K3 LOVE CRUISE
sport|basketball|EEN|BASKET. EK. - OOSTENDE/BERGEN
sport|football|VTM|VB. WK. KWALIF - BELGIUM/ESTONIA
sport|cycling (road)|VTM|WIELRENNEN. BK. LEUVEN
knowledge|nature/environment|EEN|WILD CHINA WITH RAY MEARS - CHINA'S REUZENPANDA'S
fiction|popular drama/comedy|EEN|27 DRESSES
sport|cycling (cross)|EEN|VELDRIJDEN. NIEL H.
sport|cycling (cross)|EEN|VELDRIJDEN. NIEL D.
knowledge|humanities/history|Canvas|THEY SHALL NOT GROW OLD
knowledge|human interest/society|EEN|ALS JE ONS KAN HOREN
entertainment|talk|EEN|HET HUIS - MARCO BORSATO
fiction|popular drama/comedy|EEN|ZIE MIJ GRAAG
sport|cycling (cross)|EEN|VELDRIJDEN. EK. COL DU VAM-DRENTHE H.
sport|hockey|EEN|HOCKEY. EK. H. - UKKEL/GENT
sport|other athletics|EEN|VELDLOPEN. MOL (S.)
information|weather|EEN|DE INZICHTEN VAN... - JILL PEETERS
sport|other cycling|EEN|VELDRIJDEN. EK. COL DU VAM-DRENTHE D.
fiction|other fiction|EEN|TESTAMENT OF YOUTH
knowledge|nature/environment|EEN|WILD CHINA WITH RAY MEARS - OP STAP MET OLIFANTEN
fiction|fantasy/fairy tale|PLAY4|FANTASTIC BEASTS, THE CRMES OF GRINDELWALD
sport|football|Canvas|VB. C3 UEFA SCHIFT - GENK/WEST HAM
entertainment|other entertainment|EEN|DE NOODCENTRALE AMERIKA
entertainment|game|VTM2|BV DARTS
sport|other cycling|EEN|VELDRIJDEN. KOPPENBERG D.
entertainment|love/dating|VTM|BLIND GETROUWD, DE JUBILEE
knowledge|culture/folklore/tradition|EEN|SOMEWHERE ON EARTH - JAPAN
sport|other cycling|EEN|VELDRIJDEN. WK. OVERIJSE H. (S.)
sport|other cycling|PLAY SPORTS OPEN|CYCLO-CROSS. WC.
fiction|popular drama/comedy|EEN|SOMETHING'S GOTTA GIVE
sport|football|ELEVEN PRO LEAGUE 1 NL|VB. BK - SINT-TRUIDEN/CL.BRUGGE
sport|football|Canvas|VB. BB. 1/16F - WESTERLO/ANTWERP
sport|football|VTM2|VB. BB. 1/16F - CL.BRUGGE/DEINZE
information|special event|VTM|EXTRA NIEUWS - VERSTRENGDE CORONAMAATREGELEN
knowledge|medecin/health|VTM|HELDEN VAN DE KINDERKLINIEK
knowledge|economy/business|Canvas|WAT HOUDT ONS TEGEN? - ALLES VOOR DE VOORUITGANG
knowledge|human interest/society|EEN|ELISABETH 20, PORTRET VAN ONZE TOEKOMSTIGE KONINGIN
sport|other cycling|EEN|VELDRIJDEN. ZONHOVEN H.
sport|other cycling|EEN|VELDRIJDEN. ZONHOVEN D.
sport|cycling (track/piste)|EEN|WIELRENNEN. BAAN WK. ROUBAIX D.
sport|cycling (track/piste)|EEN|WIELRENNEN. BAAN WK. ROUBAIX H.
sport|football|ELEVEN PRO LEAGUE 1 NL|VB. BK - ANDERLECHT/BEERSCHOT
fiction|science fiction|EEN|GRAVITY
fiction|action|VTM|R.I.P.D.
sport|other cycling|PLAY SPORTS OPEN|VELDRIJDEN. SUPERPRESTIGE. RUDDERVOORDE
sport|football|ELEVEN PRO LEAGUE 1 NL|VB. BK - CE.BRUGGE/STANDARD
sport|football|Canvas|VB. C3 UEFA SCHIFT - WEST HAM/GENK
sport|football|PLAY4|VB. C3 UEFA SCHIFT - FENERBAHCE/ANTWERP
sport|football|VTM2|VB. C1 UEFA SCHIFT - BENFICA/BAYERN
sport|football|VTM2|VB. C1 UEFA SCHIFT - CL.BRUGGE/MANCHESTER
fiction|other fiction|EEN|MIGUEL
entertainment|variety|VTM|THE BEST OF
knowledge|human interest/society|VTM|IK WIL EEN KIND
knowledge|humanities/history|Canvas|MADEMOISELLE ANDREE
sport|other cycling|Canvas|VELDRIJDEN. WB. IOWA
lifestyle|show business/variety/stars|VTM|IK BEN REMCO
sport|football|ELEVEN PRO LEAGUE 1 NL|VB. BK - SINT-TRUIDEN/ANDERLECHT
fiction|fantasy/fairy tale|VTM3|THE LAST WITCH HUNTER
fiction|thriller|Canvas|OUTLIER
fiction|popular drama/comedy|EEN|LITTLE MAN TATE
fiction|adventure|VTM|NATIONAL TREASURE II, BOOK OF SECRETS
fiction|other fiction|Canvas|WOMAN AT WAR
sport|football|ELEVEN PRO LEAGUE 1 NL|VB. BK - CL.BRUGGE/KORTRIJK
sport|other sports|EEN|VOOR ALTIJD KAMPIOEN!
knowledge|human interest/society|EEN|LET'S TALK ABOUT SEX
sport|other cycling|EEN|VELDRIJDEN. FAYETTEVILLE (S.)
sport|football|VTM|VB. NATIONS LEAGUE UEFA FIN - ITALIE/BELGIE
sport|football|VTM|VB. NATIONS LEAGUE UEFA FIN - SPANJE/FRANKRIJK
lifestyle|travel/tourism|EEN|GREEK ISLAND ODYSSEY
sport|formula 1|EEN|F1. WK. GP. TURKIJE
information|traffic/transport|PLAY4|TRAFIEK AXEL
lifestyle|show business/variety/stars|VTM|STEENRIJK, STRAATARM
fiction|thriller|EEN|NOW YOU SEE ME
fiction|action|PLAY4|DUNKIRK
fiction|popular drama/comedy|Canvas|THE POST
sport|football|VTM|VB. NATIONS LEAGUE UEFA 1/2F - BELGIE/FRANKRIJK
sport|football|VTM2|VB. NATIONS LEAGUE UEFA 1/2F - ITALY/SPAIN
knowledge|human interest/society|EEN|ONVERWACHT
sport|cycling (road)|Canvas|HET SCHELDEPELOTON - WW 108
sport|cycling (road)|EEN|WIELRENNEN. PARIJS-ROUBAIX
sport|other sports|EEN|ALLES VOOR GOUD
fiction|action|VTM|007 SPECTRE
sport|cycling (road)|EEN|DE WEG NAAR ROUBAIX
fiction|popular drama/comedy|EEN|THE GREEN MILE
lifestyle|travel/tourism|EEN|ZUID-AFRIKA MET GREGG WALLACE
fiction|thriller|EEN|GRACE
fiction|thriller|VTM2|COLD PURSUIT
lifestyle|show business/variety/stars|VTM|CAMPING COPPENS, ONZE ZWEEDSE ZOMER
sport|football|Canvas|VB. C3 UEFA SCHIFT - GENK/DINAMO ZAGREB
sport|football|PLAY4|VB. C3 UEFA SCHIFT - ANTWERPEN/FRANKFURT
information|current affair|VTM|ALLOO LIVE
sport|football|VTM2|VB. C1 UEFA SCHIFT - JUVENTUS/CHELSEA
sport|football|VTM2|VB. C1 UEFA SCHIFT - LIEIPZIG/CL.BRUGGE
sport|cycling (road)|Canvas|HET SCHELDEPELOTON - THE KINGS OF COOL
sport|cycling (road)|EEN|WIELRENNEN. WK. VLAANDEREN H.
sport|cycling (road)|Canvas|WIELRENNEN. WK. VLAANDEREN H.
fiction|action|VTM|SKYFALL
sport|football|ELEVEN PRO LEAGUE 1 NL|VB. BK - OOSTENDE/ANDERLECHT
knowledge|humanities/history|Canvas|STONEHENGE, THE LOST CIRCLE REVEALED
sport|cycling (road)|EEN|WIELRENNEN. WK. VLAANDEREN D.
sport|other cycling|VTM|VELDRIJDEN. BREDENE H.
sport|football|ELEVEN PRO LEAGUE 1 NL|VB. BK - CL.BRUGGE/LEUVEN
sport|football|ELEVEN PRO LEAGUE 1 NL|VB. BK - ANDERLECHT/GENT
sport|cycling (road)|EEN|WIELRENNEN. WK. VLAANDEREN
sport|cycling (road)|EEN|WIELRENNEN. WK. VLAANDEREN - JUNIOREN H.
sport|cycling (road)|Canvas|HET SCHELDEPELOTON
sport|football|ELEVEN PRO LEAGUE 1 NL|VB. BK - STANDARD/ANDERLECHT
knowledge|humanities/history|Canvas|NAPOLEON, LA DESTINEE ET LA MORT
sport|cycling (road)|EEN|WIELRENNEN. PRIMUS CLASSIC
fiction|action|VTM2|MECHANIC, RESURRECTION
knowledge|human interest/society|EEN|DE TIJD VAN ONS LEVEN
sport|football|Canvas|VB. C3 UEFA SCHIFT - OLYMPIACOS/ANTWERPEN
sport|football|PLAY4|VB. C3 UEFA SCHIFT - RAPID WIEN/GENK
sport|football|VTM2|VB. C1 UEFA SCHIFT - CL.BRUGGE/PARIS-ST-G.
sport|cycling (road)|EEN|WIELRENNEN. EK. TRENTINO H.
fiction|action|VTM|CASINO ROYALE
sport|football|ELEVEN PRO LEAGUE 1 NL|VB. BK - ANDERLECHT/KV.MECHELEN
sport|football|ELEVEN PRO LEAGUE 1 NL|VB. BK - GENK/UNION-ST-GERMAIN
sport|cycling (cross)|VTM|VELDRIJDEN. LOKEREN H.
sport|cycling (road)|EEN|WIELRENNEN. EK. TRENTINO D.
knowledge|nature/environment|EEN|WILD UGANDA
fiction|popular drama/comedy|EEN|JERRY MAGUIRE
sport|cycling (road)|Canvas|WIELRENNEN. EK. TRENTINO H.
sport|football|ELEVEN PRO LEAGUE 1 NL|VB. BK - CL.BRUGGE/OOSTENDE
fiction|psychologic drama/melodrama|Canvas|GRACE A DIEU
information|special event|Canvas|9/11 LIFE UNDER ATTACK
sport|football|VTM|VB. WK. KWALIF - WIT-RUSLAND/BELGIE
knowledge|human interest/society|EEN|DIANA
sport|athletics (track/piste)|EEN|ATLETIEK. ZURICH (S.)
knowledge|humanities/history|Canvas|KINDEREN VAN DE MIGRATIE - EEN NIEUW LEVEN
sport|football|VTM|VB. WK. KWALIF - BELGIE/TSJECHIE
sport|cycling (road)|EEN|WIELRENNEN. RONDE VAN DE BENELUX - RIT 7 NAMUR>GERAARDSBERGEN
information|special event|EEN|OS. PARALYMPICS SLUITINGSCEREMONIE
sport|formula 1|EEN|F1. WK. GP. NEDERLAND
fiction|science fiction|PLAY4|GEOSTORM
information|special event|EEN|OS. PARALYMPICS (S.)
knowledge|humanities/history|Canvas|TOUTANKHAMON, LE TRESOR REDECOUVERT
sport|cycling (road)|EEN|WIELRENNEN. VUELTA - RIT 20 SANXENXO>MOS. CASTRO DE HERVILLE
fiction|popular drama/comedy|EEN|WE BOUGHT A ZOO
sport|cycling (road)|EEN|WIELRENNEN. RONDE VAN DE BENELUX - RIT 6 OTTIGNIES-LOUVAIN-LA-NEUVE>HOUFFAL
knowledge|nature/environment|EEN|CARAIBES SAUVAGES, LES RIVAGES DE LA BIODIVERSITE
fiction|popular drama/comedy|VTM2|MAMMA MIA! HERE WE GO AGAIN
fiction|police|PLAY6|NAVY NCIS
sport|cycling (road)|EEN|WIELRENNEN. RONDE VAN DE BENELUX - RIT 5 RIEMST>BILZEN
sport|cycling (road)|EEN|WIELRENNEN. VUELTA - RIT 19 TAPIA>MONFORTE DE LEMOS
sport|football|VTM|VB. WK. KWALIF - ESTLAND/BELGIE
sport|cycling (road)|EEN|WIELRENNEN. VUELTA - RIT 18 SALAS>ALTU D'EL GAMONITEIRU
sport|cycling (road)|EEN|WIELRENNEN. RONDE VAN DE BENELUX - RIT 4 AALTER>ARDOOIE
fiction|police|PLAY4|NAVY NCIS
sport|cycling (road)|EEN|WIELRENNEN. VUELTA - RIT 17 UNQUERA>LAGOS DE COVADONGA
sport|cycling (road)|EEN|WIELRENNEN. RONDE VAN DE BENELUX - RIT 3 ESSEN>HOOGERHEIDE
entertainment|game|PLAY4|HET RAD
knowledge|humanities/history|Canvas|LES RESISTANTS DE MAUTHAUSEN
sport|cycling (road)|EEN|WIELRENNEN. VUELTA - RIT 16 LAREDO>SANTA CRUZ DE BEZANA
knowledge|humanities/history|Canvas|KINDEREN VAN DE MIGRATIE - HET BELOOFDE LAND
sport|cycling (road)|EEN|WIELRENNEN. RONDE VAN DE BENELUX - RIT 1 SURHUISTERVEEN>DOKKUM
fiction|thriller|VTM|RED LIGHT
entertainment|music|VTM|TIEN OM TE ZIEN - DE ZOMER VAN 2001
sport|cycling (road)|EEN|WIELRENNEN. VUELTA - RIT 15 NAVALMORAL DE LA MATA>EL BARRACO
sport|football|ELEVEN PRO LEAGUE 1 NL|VB. BK - GENK/ANDERLECHT
sport|football|ELEVEN PRO LEAGUE 1 NL|VB. BK - GENT/CL.BRUGGE
entertainment|variety|VTM|DE OMGEKEERDE WERELD
knowledge|nature/environment|EEN|ANIMAL AMBULANCE
sport|cycling (road)|EEN|WIELRENNEN. VUELTA - RIT 14 DON BENITO>PICO VILLUERCAS
fiction|police|Canvas|DEN DOENDE DETEKTIVEN
fiction|popular drama/comedy|PLAY5|THE BLIND SIDE
fiction|thriller|EEN|HONOUR
entertainment|variety|VTM|K3 ZOEKT K3
sport|cycling (road)|EEN|WIELRENNEN. VUELTA - RIT 13 BELMEZ>VILLANUEVA DE LA SERENA
lifestyle|show business/variety/stars|EEN|22 KIDS AND COUNTING
entertainment|love/dating|PLAY5|TEMPTATION ISLAND, LOVE OR LEAVE
sport|cycling (road)|EEN|WIELRENNEN. OVERIJSE (S.)
information|current affair|VTM|BORDER SECURITY (AUS)
fiction|action|VTM2|SHOOTER
knowledge|culture/folklore/tradition|EEN|VLAANDEREN HERLEEFT
knowledge|architecture/urbanism|EEN|SECRETS OF THE ROYAL PALACES
sport|cycling (road)|EEN|WIELRENNEN. VUELTA - RIT 12 JAEN>CORDOBA
knowledge|medecin/health|Canvas|VACCINE, THE INSIDE STORY
fiction|thriller|EEN|KLEM
knowledge|humanities/history|EEN|TEN OORLOG, DE BEVRIJDING VAN VLAANDEREN - WRAAK VANUIT DE LUCHT
entertainment|humour|VTM|...VOOR DUMMIES - HET JAAR 2015
sport|cycling (road)|EEN|WIELRENNEN. VUELTA - RIT 11 ANTEQUERA>VALDEPENAS DE JAEN
information|current affair|VTM2|VB. C1 UEFA SCHIFT - SHAKHTAR/MONACO
information|current affair|EEN|WAAR IS MARK?
sport|cycling (road)|EEN|WIELRENNEN. VUELTA - RIT 10 ROQUETAS DE MAR>RINCON DE LA VICT
fiction|popular drama/comedy|EEN|GEVOEL VOOR TUMOR
information|special event|EEN|OS. PARALYMPICS OPENINGSCEREMONIE
lifestyle|travel/tourism|EEN|REIZEN WAES, VLAANDEREN
fiction|police|EEN|UNITE 42
knowledge|economy/politics/society affairs|Canvas|DE WERELD VOLGENS XI JINPING
entertainment|music|VTM|TIEN OM TE ZIEN - DE ZOMER VAN 2000
sport|cycling (road)|EEN|WIELRENNEN. VUELTA - RIT 9 PUERTO-LUMBRERAS>ALTO DE VELEFIQUE
information|current affair|VTM|AXEL OPGELICHT
fiction|popular soap|VTM|FAMILIE, HET GEHEIM VAN RAVEN
knowledge|nature/environment|Canvas|EARTH'S TROPICAL ISLANDS - BORNEO
sport|football|ELEVEN PRO LEAGUE 1 NL|VB. BK - CL.BRUGGE/BEERSCHOT
fiction|science fiction|EEN|TERUG NAAR MORGEN
sport|cycling (road)|EEN|WIELRENNEN. VUELTA - RIT 8 SANTA POLA>LA MANGA DEL MAR MENOR
fiction|action|VTM|TOMORROW NEVER DIES
fiction|police|EEN|LES PETITS MEURTRES D'AGATHA CHRISTIE
fiction|science fiction|VTM2|STAR WARS, THE LAST JEDI
sport|cycling (road)|EEN|WIELRENNEN. VUELTA - RIT 7 GANDIA>BALCON DE ALICANTE
sport|cycling (road)|Canvas|WIELRENNEN. VUELTA - RIT 7 GANDIA>BALCON DE ALICANTE
information|special event|EEN|EXTRA JOURNAAL - BELGISCHE EVACUATIE AFGHANISTAN
information|general news|VTM|NIEUWS 18U VTM
knowledge|nature/environment|Canvas|CLIMATE CHANGE, THE FACTS
knowledge|economy/politics/society affairs|Canvas|DE EEUWIGE OORLOG - AFGHANISTAN TALIBAN, TERREUR OF VERZET?
sport|cycling (road)|EEN|WIELRENNEN. VUELTA - RIT 6 REQUENA>ALTO DE LA MONTANA DE CULL
lifestyle|travel/tourism|EEN|MY NEW GREEK LIFE
knowledge|humanities/history|EEN|TEN OORLOG, DE BEVRIJDING VAN VLAANDEREN
sport|cycling (road)|EEN|WIELRENNEN. VUELTA - RIT 5 TARANCON>ALBACETE
entertainment|humour|VTM|...VOOR DUMMIES - HET JAAR 2014
fiction|popular drama/comedy|EEN|ALBATROS
knowledge|economy/politics/society affairs|Canvas|WISSEL VAN DE MACHT - DE VLOEDGOLF VAN N-VA
sport|cycling (road)|EEN|WIELRENNEN. VUELTA - RIT 4 EL BURGO DE OSMAMOLINA DE ARAGON
sport|cycling (road)|EEN|WIELRENNEN. VUELTA - RIT 3 SANTO DOMINGO DE SILOS>ESPINOSA DE
entertainment|variety|VTM|...VOOR DUMMIES - HET JAAR 2013
knowledge|human interest/society|Canvas|WHAT EVER HAPPENED TO ROSEMARY KENNEDY?
information|economy/politics/society affairs|Canvas|DE EUROPESE RAAD, ACHTER DE SCHERMEN - KLIMAAT, TIJD VOOR ACTIE
entertainment|music|EEN|ZOMERHIT 2021
entertainment|music|VTM|TIEN OM TE ZIEN - DE ZOMER VAN 1999
knowledge|nature/environment|EEN|THE PLAYGROUND OF THE SEALS
sport|cycling (road)|EEN|WIELRENNEN. VUELTA - RIT 2 CALERUEGA. VIII CENTENARIO DE SANT
sport|cycling (road)|EEN|WIELRENNEN. GP. JEF SCHERENS
knowledge|nature/environment|Canvas|EARTH'S TROPICAL ISLANDS - MADAGASCAR
sport|rally|EEN|AUTO. RALLY IEPER
sport|football|ELEVEN PRO LEAGUE 1 NL|VB. BK - CE.BRUGGE/ANDERLECHT
knowledge|human interest/society|EEN|HET VARKEN VAN MADONNA
fiction|adventure|VTM|BAYWATCH
sport|cycling (road)|Canvas|WIELRENNEN. VUELTA - RIT 1 BURGOS CATEDRAL VIII CENTENARIO 20
sport|football|ELEVEN PRO LEAGUE 1 NL|VB. BK - GENK/LEUVEN
sport|rally|EEN|AUTO. RALLY BK. IEPER (S.)
fiction|popular drama/comedy|Canvas|GOOD BYE, LENIN!
fiction|popular drama/comedy|VTM|TEAM SPIRIT, DE SERIE
knowledge|nature/environment|Canvas|GREAT BARRIER REEF - CORAL SEA
knowledge|humanities/history|EEN|TEN OORLOG, DE BEVRIJDING VAN VLAANDEREN - DE ROES VAN DE BEVRIJDING
entertainment|variety|VTM|...VOOR DUMMIES - HET JAAR 2012
sport|football|VTM2|VB. SUPER BB - CHELSEA/VILLARREAL
sport|football|VTM2|VB. C1 UEFA - SHAKHTAR/GENK
knowledge|human interest/society|Canvas|PRISON - DE VROUWENGEVANGENIS
entertainment|variety|VTM|...VOOR DUMMIES - HET JAAR 2011
knowledge|humanities/history|Canvas|NIKITA CHROESJTSJOV, DE RODE TSAAR
information|current affair|Canvas|AMERICAN INSURRECTION
sport|all sports|EEN|STUDIO TOKIO
entertainment|music|VTM|TIEN OM TE ZIEN - DE ZOMER VAN 1998
sport|all sports|EEN|VAN HIER TOT IN TOKIO
sport|all sports|EEN|OS. SLUITINGSCEREMONIE
fiction|popular drama/comedy|VTM|GASTON EN LEO IN HONG KONG
sport|athletics (track/piste)|EEN|O.S. 2021 ATLETIEK
fiction|police|EEN|MAIGRET
sport|athletics (track/piste)|EEN|O.S. 2021 ATLETIEK - ABDI - KERSTEN - NAERT
sport|handball|EEN|O.S. 2021 HANDBAL D.
sport|athletics (track/piste)|EEN|O.S. 2021 ATLETIEK - BORLEE D. - BORLEE K. - COUCKUYT - DOOM
lifestyle|travel/tourism|EEN|REIZEN WAES JAPAN
sport|equestrian sports|EEN|O.S. 2021 PAARDENSPORT. JUMPING - DEVOS - GUERY - WATHELET
knowledge|nature/environment|EEN|DE WILDERNIS HERSTELD
sport|volleyball|EEN|O.S. 2021 VOLLEYBAL H.
sport|basketball|EEN|O.S. 2021 BASKETBAL H.
sport|cycling (track/piste)|EEN|O.S. 2021 WIELRENNEN. BAAN H. - DE KETELE - GHYS
sport|jumping|Canvas|O.S. 2021 PAARDENSPORT. JUMPING - DEVOS - GUERY - WATHELET
sport|cycling (track/piste)|EEN|O.S. 2021 WIELRENNEN. BAAN
sport|hockey|EEN|O.S. 2021 HOCKEY D.
sport|cycling (track/piste)|EEN|O.S. 2021 WIELRENNEN. BAAN D. - D'HOORE - KOPECKY
sport|basketball|EEN|O.S. 2021 BASKETBAL D.
sport|hockey|EEN|O.S. 2021 HOCKEY H. - AUSTRALIE/BELGIE
sport|athletics (track/piste)|EEN|O.S. 2021 ATLETIEK - THIAM - VIDTS
sport|cycling (track/piste)|EEN|O.S. 2021 WIELRENNEN. BAAN H.
sport|hockey|EEN|O.S. 2021 HOCKEY (S.) - AUSTRALIE/BELGIE
sport|table tennis|EEN|O.S. 2021 TAFELTENNIS D.
sport|basketball|EEN|O.S. 2021 BASKETBAL D. - JAPAN/BELGIE
sport|jumping|EEN|O.S. 2021 PAARDENSPORT. JUMPING H.
sport|gymnastic|EEN|O.S. 2021 RITMISCHE GYMNASTIEK
sport|football|VTM2|VB. C1 UEFA SCHIFT - GENK/SHAKHTAR
sport|volleyball|EEN|O.S. 2021 VOLLEY H.
sport|gymnastic|EEN|O.S. 2021 RITMISCHE GYMNASTIEK H.
sport|basketball|EEN|O.S. 2021 BASKETBAL D. - CHINA/BELGIE
sport|athletics (track/piste)|EEN|O.S. 2021 ATLETIEK D.
sport|athletics (track/piste)|EEN|O.S. 2021 ATLETIEK (S.)
sport|other racquet sports|EEN|O.S. 2021 BADMINTON H.
sport|gymnastic|EEN|O.S. 2021 RITMISCHE GYMNASTIEK D. - DERWAEL
sport|hockey|EEN|O.S. 2021 HOCKEY H. - BELGIE/SPANJE
entertainment|music|VTM|TIEN OM TE ZIEN - DE ZOMER VAN 1997
sport|gymnastic|EEN|O.S. 2021 RITMISCHE GYMNASTIEK D.
sport|athletics (track/piste)|EEN|O.S. 2021 ATLETIEK H.
fiction|popular drama/comedy|VTM|PANIEKZAAIERS
sport|tennis|EEN|O.S. 2021 TENNIS H.
sport|swimming|EEN|O.S. 2021 ZWEMMEN
sport|motorcross|EEN|O.S. 2021 MOTORCROSS. MXGP
sport|athletics (track/piste)|EEN|O.S. 2021 ATLETIEK - BORLEE D. - BORLEE K. - LAUS - VERVAET
sport|athletics (track/piste)|EEN|O.S. 2021 ATLETIEK - BROEDERS - CLAES - COUCKUYT - CRESTAN -
sport|rugby|EEN|O.S. 2021 RUGBY D.
sport|hockey|EEN|O.S. 2021 HOCKEY H. - BELGIE/GROOT-BRITTANNIE
sport|athletics (track/piste)|EEN|O.S. 2021 ATLETIEK - KIMELI
sport|table tennis|EEN|O.S. 2021 TAFELTENNIS H.
sport|basketball|EEN|O.S. 2021 BASKETBAL D. - BELGIE/PUERTO RICO
fiction|popular drama/comedy|EEN|IT COULD HAPPEN TO YOU
sport|cycling (cross)|EEN|O.S. 2021 WIELRENNEN. BMX D.
sport|gymnastic|Canvas|O.S. 2021 RITMISCHE GYMNASTIEK D.
sport|cycling (road)|EEN|O.S. 2021 WIELRENNEN H.
sport|other water sports|EEN|O.S. 2021 ROEIEN
sport|basketball|EEN|O.S. 2021 BASKETBAL 3X3 - SERVIE/BELGIE
sport|basketball|EEN|O.S. 2021 BASKETBAL 3X3 - BELGIE/LETLAND
sport|rugby|EEN|O.S. 2021 RUGBY H.
sport|basketball|EEN|O.S. 2021 BASKETBAL 3X3
sport|basketball|EEN|O.S. 2021 BASKETBAL D. - AUSTRALIE/BELGIE
sport|cycling (cross)|EEN|O.S. 2021 MOUNTAINBIKE D.
sport|other water sports|EEN|O.S. 2021 SCHOONSPRINGEN D.
sport|martial arts|EEN|O.S. 2021 JUDO - MATTHIAS CASSE
sport|cycling (cross)|EEN|O.S. 2021 MOUNTAINBIKE
sport|adventure/mountain sports|EEN|O.S. 2021 SKATEBOARDEN D.
sport|hockey|EEN|O.S. 2021 HOCKEY H. - DUITSLAND/BELGIE
sport|basketball|EEN|O.S. 2021 BASKETBAL 3X3 - NEDERLAND/BELGIE
sport|basketball|EEN|O.S. 2021 BASKETBAL 3X3 - BELGIE/CHINA
entertainment|music|VTM|TIEN OM TE ZIEN - DE ZOMER VAN 1996
sport|basketball|EEN|O.S. 2021 BASKETBAL 3X3 - RUSLAND/BELGIE
sport|basketball|EEN|O.S. 2021 BASKETBAL
fiction|comedy|VTM|ZWARE JONGENS
sport|cycling (road)|EEN|O.S. 2021 WIELRENNEN D.
sport|basketball|EEN|O.S. 2021 BASKETBAL 3X3 - LETLAND/BELGIE
sport|basketball|EEN|O.S. 2021 BASKETBAL 3X3 - BELGIE/JAPAN
fiction|action|VTM|KINGSMAN, THE SECRET SERVICE
fiction|police|Canvas|MALTESE
lifestyle|show business/variety/stars|EEN|THE AMERICAN DREAM XL
information|special event|EEN|OS. OPENINGSCEREMONIE
information|special event|Canvas|OS. OPENINGSCEREMONIE
sport|gymnastic|EEN|TEAM BELGYM, 2021 EEN EVENWICHTSOEFENING
lifestyle|love/dating|EEN|MARRY ME, MARRY MY FAMILY
information|special event|EEN|NATIONALE FEESTDAG 21 JULI
sport|basketball|EEN|ANN WAUTERS, FINAL STOP TOKYO
knowledge|travel/tourism|EEN|DWARS DOOR BELGIE
lifestyle|pets|VTM|...VOOR DUMMIES - DIEREN IN HUIS HEBBEN
knowledge|human interest/society|Canvas|MISDAADDOKTERS - IN HET HOOFD VAN DE DADER
entertainment|talk|EEN|HET HUIS - ELODIE OUEDRAOGO
lifestyle|human interest/society|VTM|ZIJ ZIJN DE HELPENDE HANDEN
lifestyle|home/decorating|EEN|ESCAPE TO THE CHATEAU, THE GREAT OUTDOORS
information|special event|EEN|EXTRA JOURNAAL - NATIONALE ROUWDAG
knowledge|humanities/history|Canvas|KINDEREN VAN HET VERZET
entertainment|talk|EEN|DIE HUIS - NAFI THIAM
lifestyle|leisure/hobby|VTM|...VOOR DUMMIES - FEESTPLEZIER
sport|cycling (road)|EEN|WIELRENNEN. RONDE VAN FRANKRIJK - RIT 21 CHATOU>PARIS CHAMPS-ELYSEES
entertainment|music|VTM|TIEN OM TE ZIEN - DE ZOMER VAN 1995
knowledge|humanities/history|Canvas|KINDEREN VAN DE ZON, DE MAYA'S
knowledge|travel/tourism|Canvas|MICHAEL PALIN, TRAVELS OF A LIFETIME
knowledge|human interest/society|Canvas|THREE IDENTICAL STRANGERS
fiction|thriller|PLAY4|RED DRAGON
sport|cycling (road)|EEN|WIELRENNEN. RONDE VAN FRANKRIJK - RIT 20 LIBOURNE>SAINT-EMILION
knowledge|nature/environment|EEN|WILD TOKYO
entertainment|humour|VTM|ALLEMAAL CHRIS
sport|football|ELEVEN PRO LEAGUE 1 NL|VB. BK - CL.BRUGES/ANDERLECHT
information|special event|EEN|VRT NIEUWS LIVE - PERSCONFERENTIE NOODWEER
sport|cycling (road)|EEN|WIELRENNEN. RONDE VAN FRANKRIJK - RIT 19 MOURENX>LIBOURNE
entertainment|music|EEN|DE TOOTS-SESSIES
fiction|action|Canvas|THE GOOD, THE BAD AND THE UGLY
sport|cycling (road)|EEN|WIELRENNEN. RONDE VAN FRANKRIJK - RIT 18 PAU>LUZ-ARDIDEN
information|special event|VTM|EXTRA NIEUWS - NOODWEER ZOMER 21
sport|cycling (road)|Canvas|WIELRENNEN. RONDE VAN FRANKRIJK - RIT 18 PAU>LUZ-ARDIDEN
sport|cycling (road)|EEN|WIELRENNEN. RONDE VAN FRANKRIJK - RIT 17 MURET>SAINT-LARY-SOULAN/COL DU PO
lifestyle|cooking/food/drink|VTM|...VOOR DUMMIES - LEKKER ETEN
fiction|psychologic drama/melodrama|Canvas|THE PIANIST
knowledge|human interest/society|Canvas|MISDAADDOKTERS - GETUIGEN VAN LEVEN EN DOOD
sport|cycling (road)|EEN|WIELRENNEN. RONDE VAN FRANKRIJK - RIT 16 PAS DE LA CASE>SAINT-GAUDENS
lifestyle|home/decorating|EEN|ESCAPE TO THE CHATEAU, RESTORING THE DREAM
fiction|popular drama/comedy|EEN|OP KOT
lifestyle|leisure/hobby|VTM|...VOOR DUMMIES - SPORTIEF SUCCES
knowledge|nature/environment|EEN|A WORLD OF COLOURS - FRANCE IN GREEN
sport|football|EEN|VB. EK. FIN - ITALIE/ENGELAND
sport|cycling (road)|EEN|WIELRENNEN. RONDE VAN FRANKRIJK - RIT 15 CERET>ANDORRA-LA-VEILLE
entertainment|music|VTM|TIEN OM TE ZIEN - DE ZOMER VAN 1994
fiction|thriller|VTM2|ONTVOERD
fiction|popular drama/comedy|VTM3|TOSCAANSE BRUILOFT
knowledge|science/geography|Canvas|THE PLANETS - INTO THE DARKNESS, THE OUTER SOLAR SYSTE
sport|cycling (road)|EEN|WIELRENNEN. RONDE VAN FRANKRIJK - RIT 14 CARCASSONNE>QUILLIAN
knowledge|nature/environment|EEN|AFRICA'S WILD ROOMMATES - HOW ANIMALS SHARE BED AND BOARD
fiction|popular drama/comedy|VTM|BRIDGET JONES'S BABY
fiction|comedy|VTM3|TAXI V
sport|cycling (road)|EEN|WIELRENNEN. RONDE VAN FRANKRIJK - RIT 13 NIMES>CARCASSONNE
fiction|popular drama/comedy|VTM|TEAM SPIRIT
fiction|psychologic drama/melodrama|Canvas|FESTEN
fiction|science fiction|PLAY4|JOHN CARTER
sport|cycling (road)|EEN|WIELRENNEN. RONDE VAN FRANKRIJK - RIT 12 SAINT-PAUL-TROIS-CHATEAUX>NIMES
knowledge|nature/environment|Canvas|OKAVANGO, RIVER OF DREAMS - INFERNO
sport|football|EEN|VB. EK. 1/2F - ENGELAND/DENEMARKEN
sport|cycling (road)|EEN|WIELRENNEN. RONDE VAN FRANKRIJK - RIT 11 SORGUES>MALAUCENE
lifestyle|human interest/society|VTM|...VOOR DUMMIES - FAMILIAAL GELUK
knowledge|human interest/society|Canvas|MISDAADDOKTERS - OP MISSIE
sport|football|EEN|VB. EK. 1/2F - ITALIE/SPANJE
sport|cycling (road)|EEN|WIELRENNEN. RONDE VAN FRANKRIJK - RIT 10 ALBERTVILLE>VALENCE
knowledge|humanities/history|Canvas|DE GROTE LEUGEN
lifestyle|travel/tourism|VTM|COSTA BELGICA
lifestyle|human interest/society|VTM|...VOOR DUMMIES - ROMANTIEK
fiction|police|EEN|RECHT OP RECHT
sport|cycling (road)|EEN|WIELRENNEN. RONDE VAN FRANKRIJK - RIT 9 CLUSES>TIGNES
fiction|popular drama/comedy|EEN|KAMPIOEN ZIJN BLIJFT PLEZANT
entertainment|music|VTM|TIEN OM TE ZIEN - DE ZOMER VAN 1993
entertainment|classical arts|EEN|SCHONBRUNN CONCERT
knowledge|science/geography|Canvas|THE PLANETS - LIFE BEYOND THE SUN, SATURN
fiction|popular drama/comedy|VTM3|PRETTY WOMAN
knowledge|classical arts|Canvas|MARY BEARD'S SHOCK OF THE NUDE - THE BODY BEAUTIFUL
knowledge|human interest/society|VTM|DE WERELD ROND MET 80-JARIGEN
sport|cycling (road)|EEN|WIELRENNEN. RONDE VAN FRANKRIJK - RIT 8 OYONNAX>LE GRAND BORNAND
sport|football|EEN|VB. EK. 1/4F - OEKRAINE/ENGELAND
sport|football|Canvas|VB. EK. 1/4F - TSJECHIE/DENEMARKEN
knowledge|nature/environment|EEN|A SONG FOR LOVE, AN APE WITH AN APP
fiction|adventure|VTM|THE ADVENTURES OF TINTIN, THE SECRET OF THE UNICORN
fiction|action|PLAY4|POMPEII
fiction|popular drama/comedy|VTM|LOS FLAMENCOS
sport|football|EEN|VB. EK. 1/4F - BELGIE/ITALIE
sport|football|Canvas|VB. EK. 1/4F - ZWITSERLAND/SPANJE
sport|cycling (road)|EEN|WIELRENNEN. RONDE VAN FRANKRIJK - RIT 7 VIERZON>LE CREUSOT
sport|cycling (road)|Canvas|WIELRENNEN. RONDE VAN FRANKRIJK - RIT 7 VIERZON>LE CREUSOT
sport|cycling (road)|EEN|WIELRENNEN. RONDE VAN FRANKRIJK - RIT 6 TOURS>CHATEAUROUX
knowledge|humanities/history|Canvas|HITLER JEUGD, DE LAATSTE VERDEDIGERS
knowledge|nature/environment|Canvas|OKAVANGO, RIVER OF DREAMS - LIMBO
sport|cycling (road)|EEN|WIELRENNEN. RONDE VAN FRANKRIJK - RIT 5 CHANGE>LAVAL ESPACE MAYENNE
entertainment|talk|EEN|HET HUIS - SVEN NYS
information|general news|EEN|EXTRA JOURNAAL - LICHAAM JURGEN CONINGS GEVONDEN
information|general news|VTM|EXTRA NIEUWS - LICHAAM VAN JURGEN CONINGS GEVONDEN
information|general news|VTM|VTM NIEUWS FLASH
information|current affair|Canvas|ROLKRANT
knowledge|human interest/society|Canvas|MISDAADDOKTERS - VAN SNIJTAFEL TOT RECHTBANK
knowledge|human interest/society|Canvas|MISDAADDOKTERS - PLAATS DELICT
knowledge|human interest/society|Canvas|HET ZAAD VAN KARBAAT
knowledge|human interest/society|Canvas|THOMAS MEUNIER, TOT OU TARD
knowledge|humanities/history|Canvas|HITLER JEUGD, HET KINDERLEGER VAN DE NAZI'S
knowledge|humanities/history|Canvas|LUCY WORSLEY'S ROYAL MYTHS & SECRETS - ELIZABETH, THE WARRIOR QUEEN
knowledge|humanities/history|Canvas|DE WERELD VAN DE CHINEZEN
knowledge|humanities/history|Canvas|TRUMP TAKES ON THE WORLD
knowledge|science/geography|Canvas|THE PLANETS - THE GODFATHER, JUPITER
knowledge|science/geography|Canvas|THE PLANETS
knowledge|nature/environment|EEN|INDIA'S WILD KARNATAKA
knowledge|nature/environment|Canvas|NORTH AMERICA WITH SIMON REEVE
knowledge|nature/environment|Canvas|OKAVANGO, RIVER OF DREAMS - PARADISE
knowledge|nature/environment|EEN|JAPAN FROM ABOVE - THE CRADLE OF TRADITIONS
knowledge|nature/environment|EEN|JAPAN FROM ABOVE - JOURNEY TO TOKYO
knowledge|nature/environment|EEN|DE AARDE VANUIT DE HEMEL - TERRA VANDAAG
knowledge|nature/environment|Canvas|GRETA THUNBERG, A YEAR TO CHANGE THE WORLD
knowledge|nature/environment|EEN|UN MONDE SAUVAGE AU COEUR DE L'AUVERGNE
sport|football|EEN|VB. EK. 1/8F - ZWEDEN/OEKRAINE
sport|football|Canvas|VB. EK. 1/8F - ENGELAND/DUITSLAND
sport|football|EEN|VB. EK. 1/8F - FRANKRIJK/ZWITSERLAND
sport|football|Canvas|VB. EK. 1/8F - KROATIE/SPANJE
sport|football|EEN|VB. EK. 1/8F - BELGIE/PORTUGAL
sport|football|Canvas|VB. EK. 1/8F - NEDERLAND/TSJECHIE
sport|football|EEN|VB. EK. 1/8F - ITALIE/OOSTENRIJK
sport|football|Canvas|VB. EK. 1/8F - WALES/DENEMARKEN
sport|football|EEN|VB. EK. SCHIFT - PORTUGAL/FRANKRIJK
sport|football|EEN|VB. EK. SCHIFT - SLOVAKIJE/SPANJE
sport|football|KETNET|VB. EK. SCHIFT - DUITSLAND/HONGARIJE
sport|football|Canvas|VB. EK. SCHIFT - ZWEDEN/POLEN
sport|football|EEN|VB. EK. SCHIFT - TSJECHIE/ENGELAND
sport|football|EEN|VB. EK. SCHIFT - FINLAND/BELGIE
sport|football|EEN|VB. EK. SCHIFT - OEKRAINE/OOSTENRIJK
sport|football|Canvas|VB. EK. SCHIFT - NOORD-MACEDONIE/NEDERLAND
sport|football|EEN|VB. EK. SCHIFT - ITALIE/WALES
sport|football|EEN|VB. EK. SCHIFT - SPANJE/POLEN
sport|football|Canvas|VB. EK. SCHIFT - PORTUGAL/DUITSLAND
sport|football|EEN|VB. EK. SCHIFT - HONGARIJE/FRANKRIJK
sport|football|EEN|VB. EK. SCHIFT - ENGELAND/SCHOTLAND
sport|football|Canvas|VB. EK. SCHIFT - KROATIE/TSJECHIE
sport|football|EEN|VB. EK. SCHIFT - ZWEDEN/SLOVAKIJE
sport|football|EEN|VB. EK. SCHIFT - DENEMARKEN/BELGIE
sport|football|EEN|VB. EK. SCHIFT - NEDERLAND/OOSTENRIJK
sport|football|EEN|VB. EK. SCHIFT - OEKRAINE/NOORD-MACEDONIE
sport|football|EEN|VB. EK. SCHIFT - ITALIE/ZWITSERLAND
sport|football|Canvas|VB. EK. SCHIFT - TURKIJE/WALES
sport|football|EEN|VB. EK. SCHIFT - FINLAND/RUSLAND
sport|football|EEN|VB. EK. SCHIFT - FRANKRIJK/DUITSLAND
sport|football|Canvas|VB. EK. SCHIFT - HONGARIJE/PORTUGAL
sport|football|EEN|VB. EK. SCHIFT - SPANJE/ZWEDEN
sport|football|Canvas|VB. EK. SCHIFT - POLEN/SLOVAKIJE
sport|football|EEN|VB. EK. SCHIFT - SCHOTLAND/TSJECHIE
sport|football|EEN|VB. EK. SCHIFT - NEDERLAND/OEKRAINE
sport|football|EEN|VB. EK. SCHIFT - ENGELAND/KROATIE
sport|football|Canvas|VB. EK. SCHIFT - OOSTENRIJK/NOORD-MACEDONIE
sport|football|EEN|VB. EK. SCHIFT - BELGIE/RUSLAND
sport|football|Canvas|VB. EK. SCHIFT - DENMARK/FINLAND
sport|football|EEN|VB. EK. SCHIFT - WALES/ZWITSERLAND
sport|football|EEN|VB. EK. SCHIFT - TURKIJE/ITALIE
sport|football|EEN|ROAD TO UEFA EURO 2020
sport|cycling (road)|EEN|WIELRENNEN. RONDE VAN FRANKRIJK - RIT 4 REDON>FOUGERES
sport|cycling (road)|EEN|WIELRENNEN. RONDE VAN FRANKRIJK - RIT 3 LORIENT>PONTIVY
sport|cycling (road)|EEN|WIELRENNEN. RONDE VAN FRANKRIJK - RIT 2 PERROS-GUIREC>MUR-DE-BRETAGNE/GUER
sport|cycling (road)|EEN|WIELRENNEN. RONDE VAN FRANKRIJK - RIT 1 BREST>LANDERNEAU
sport|cycling (road)|Canvas|WIELRENNEN. RONDE VAN FRANKRIJK - RIT 1 BREST>LANDERNEAU
sport|cycling (road)|EEN|LA COURSE, RONDE VAN FRANKRIJK
sport|cycling (road)|EEN|WIELRENNEN. BK. WAREGEM. H.
sport|cycling (road)|Canvas|WIELRENNEN. BK. WAREGEM. D.
sport|cycling (road)|Canvas|WIELRENNEN. BK. WAREGEM. H.
sport|cycling (road)|Canvas|WIELRENNEN. BK. TIJDRIJDEN INGELMUNSTER
sport|cycling (road)|EEN|WIELRENNEN. BALOISE BELGIUM TOUR - RIT 5 TURNHOUT>BERINGEN
sport|cycling (road)|EEN|WIELRENNEN. BALOISE BELGIUM TOUR - RIT 4 HAMOIR>HAMOIR
sport|cycling (road)|Canvas|WIELRENNEN. BALOISE BELGIUM TOUR - RIT 4 HAMOIR>HAMOIR
sport|cycling (road)|EEN|WIELRENNEN. BALOISE BELGIUM TOUR - RIT 3 GINGELOM>SCHERPENHEUVEL-ZICHEM
sport|cycling (road)|EEN|WIELRENNEN. BALOISE BELGIUM TOUR - RIT 2 KNOKKE-HEIST>KNOKKE-HEIST
sport|cycling (road)|EEN|WIELRENNEN. BALOISE BELGIUM TOUR - RIT 1 BEVEREN>MAARKEDAL
sport|basketball|KETNET|BASKET. EK. D. - WIT-RUSLAND/BELGIE
sport|basketball|Canvas|BASKET. EK. 1/2F D. - SERVIE/BELGIE
sport|basketball|Canvas|BASKET. EK. 1/4F D. - BELGIE/RUSLAND
sport|equestrian sports|EEN|PAARDENSPORT. JUMPING. KNOKKE
sport|hockey|EEN|HOCKEY. EK. H. (S.)
fiction|adventure|VTM4|THE TRANSPORTER
fiction|adventure|VTM2|DIE HARD 4.0
fiction|police|EEN|MURDOCH MYSTERIES
fiction|police|Canvas|DARK HEART
fiction|thriller|PLAY4|THE DEPARTED
fiction|thriller|PLAY4|MAN ON FIRE
fiction|drama/comedy|VTM|ANNIE (2014)
fiction|drama/comedy|PLAY4|MEN OF HONOR
fiction|drama/comedy|Canvas|A PASSAGE TO INDIA
fiction|fantasy/fairy tale|EEN|ASTERIX AUX JEUX OLYMPIQUES
entertainment|music|VTM|TIEN OM TE ZIEN - DE ZOMER VAN 1992
entertainment|music|VTM|TIEN OM TE ZIEN - DE ZOMER VAN 1991
entertainment|music|VTM|TIEN OM TE ZIEN - DE ZOMER VAN 1990
entertainment|talk|EEN|DIE HUIS - IMKE COURTOIS
entertainment|humour|EEN|PHILIPPE GEUBELS, BEDANKT VOOR ALLES
sport|football|Canvas|HET EK VAN DE DUIVELS
sport|football|VTM|VB. VRIEND - BELGIE/KROATIE
entertainment|variety|EEN|MAX
sport|cycling (road)|EEN|WIELRENNEN. DAUPHINE LIBERE - RIT 8 LA LECHERE-LES-BAINS>LES GETS
lifestyle|show business/variety/stars|VTM|DE PFAFFS
sport|basketball|EEN|BASKET. BK (S.)
knowledge|nature/environment|Canvas|CHEETAH FAMILY & ME
knowledge|philosophy/religion|EEN|EUCHARISTIEVIERING
sport|cycling (road)|EEN|WIELRENNEN. DAUPHINE LIBERE - RIT 7 SAINT-MARTIN-LE-VINOUX>LA PLAGNE
fiction|action|EEN|SAVING PRIVATE RYAN
fiction|other fiction|Canvas|PETRA
fiction|action|VTM|DIE HARD WITH A VENGEANCE
sport|cycling (road)|EEN|WIELRENNEN. DAUPHINE LIBERE - RIT 6 LORIOL-SUR-DROME>LE SAPPEY-EN-CHAR
fiction|action|VTM2|TAKEN 3
sport|football|VTM|VB. VRIEND - BELGIE/GRIEKENLAND
knowledge|modern music/dance|Canvas|THE BEE GEES, HOW CAN YOU MEND A BROKEN HEART
sport|cycling (road)|EEN|WIELRENNEN. DAUPHINE LIBERE - RIT 5 SAINT-CHAMOND>SAINT-VALLIER
sport|football|VTM|DEVILTIME, AAN TAFEL MET DE DUIVELS
knowledge|humanities/history|EEN|FILIP VAN BELGIE, DE LANGE WEG NAAR DE TROON
entertainment|game|VTM|POPQUIZ
entertainment|variety|PLAY4|FRIENDS, THE REUNION
lifestyle|travel/tourism|EEN|DWARS DOOR DE MIDDELLANDSE ZEE
entertainment|variety|EEN|JACQUES 70
sport|cycling (road)|EEN|WIELRENNEN. DAUPHINE LIBERE - RIT 1 ISSOIRE>ISSOIRE
entertainment|variety|VTM|BANG VAN DENDONCKER
sport|cycling (road)|EEN|SPORZA GIRO
sport|football|VTM|VB. C1 UEFA FIN - MANCHESTER CITY/CHELSEA
fiction|comedy|EEN|RIEN A DECLARER
fiction|adventure|PLAY4|JOURNEY 2, THE MYSTERIOUS ISLAND
entertainment|classical arts|Canvas|KONINGIN ELISABETH WEDSTRIJD - FINALE
sport|football|Canvas|VB. C3 UEFA FIN - VILLARREAL/MANCHESTER
entertainment|talk|VTM|ALLOO BIJ... - JACQUES VERMEIRE
lifestyle|show business/variety/stars|VTM|CAMPING COPPENS, OP WEG NAAR ZWEDEN
fiction|popular drama/comedy|VTM|CLAN
entertainment|talk|EEN|DE INZICHTEN VAN... - LIEN VAN DE KELDER
fiction|other fiction|VTM2|KLEINE JONGEN
fiction|other fiction|EEN|RIVIERA
entertainment|music|EEN|SONGFESTIVAL AHOY!
entertainment|music|EEN|EUROVISIE SONGFESTIVAL
entertainment|music|EEN|DE WEG NAAR ROTTERDAM
sport|football|ELEVEN PRO LEAGUE 1 NL|VB. BK - CL.BRUGGE/ANTWERPEN
fiction|comedy|EEN|EUROVISION SONG CONTEST, THE STORY OF FIRE SAGA
fiction|adventure|VTM|JUMANJI, WELCOME TO THE JUNGLE
information|special event|VTM|09/01/2001
knowledge|humanities/history|Canvas|ROYALS AT WAR
fiction|action|EEN|VALKYRIE
entertainment|love/dating|PLAY4|DE BACHELORETTE
sport|football|Canvas|VB. C3 UEFA 1/2F - ARSENAL/VILLARREAL
sport|football|VTM2|VB. C1 UEFA 1/2F - CHELSEA/R.MADRID
entertainment|talk|VTM|ALLOO - DONKERE GEDACHTEN NA PESTERIJEN
sport|football|PLAY4|VB. C1 UEFA 1/2F - MANCHESTER CITY/PARIS-ST-G.
fiction|police|VTM|ASPE, DE MIDASMOORDEN
sport|football|ELEVEN PRO LEAGUE 1 NL|VB. BK - STUDIO
fiction|popular drama/comedy|EEN|DEAR FRANKIE
sport|football|Canvas|VB. C3 UEFA 1/2F - MANCHESTER/AS.ROMA
sport|football|VTM2|VB. C1 UEFA 1/2F - PARIS-ST-G./MANCHESTER C.
entertainment|talk|VTM|ALLOO - OUD MAAR NIET OUT!
sport|football|PLAY4|VB. C1 UEFA 1/2F - REAL MADRID/CHELSEA
entertainment|game|EEN|TWEE TOT DE ZESDE MACHT
sport|football|VTM2|VB. BB. FIN - STANDARD/GENK
sport|gymnastic|EEN|GYM. ART. EK. BASEL
sport|gymnastic|EEN|GYM. ART. EK. BASEL H.
sport|football|VTM2|VB. BB. FIN
fiction|popular drama/comedy|EEN|LES CHORISTES
fiction|police|EEN|PROFESSOR T.
fiction|thriller|VTM|RED SPARROW
fiction|popular drama/comedy|VTM3|THE MOUNTAIN BETWEEN US
information|special event|VTM|EXTRA NIEUWS - CORONACRISIS, PERSCONFERENTIE OVERLEGCOM
sport|gymnastic|EEN|GYM. ART. EK. BASEL D.
fiction|action|VTM2|TAKEN 2
entertainment|talk|VTM|ALLOO - DWANGMATIGE VERZAMELAARS
information|special event|Canvas|HRH THE DUKE OF EDINBURGH 1921-2021
knowledge|human interest/society|EEN|BADLANDS, HARD ROCK, TOUGH LIVES
information|special event|VTM|EXTRA NIEUWS - PRINS PHILIP, 1921-2021
fiction|popular drama/comedy|EEN|MARLEY & ME
information|special event|EEN|EXTRA JOURNAAL - BEGRAFENIS PRINS PHILIP
fiction|action|PLAY4|KING ARTHUR, LEGEND OF THE SWORD
fiction|action|PLAY4|INGLORIOUS BASTERDS
fiction|popular soap|EEN|NEIGHBOURS
fiction|popular soap|VTM|STURM DER LIEBE
sport|football|Canvas|VB. C3 UEFA 1/4F - AS.ROMA/AJAX
sport|football|VTM2|VB. C1 UEFA 1/4F - DORTMUND/MANCHESTER C.
sport|football|PLAY4|VB. C1 UEFA 1/4F - PARIS-ST-G./BAYERN
entertainment|talk|VTM|LATER ALS IK GROOT BEN
sport|football|PLAY4|VB. C1 UEFA 1/4F - STUDIO
knowledge|human interest/society|EEN|THE DUKE IN HIS OWN WORDS
lifestyle|travel/tourism|VTM|SERGIO & AXEL, VAN DE KAART
entertainment|variety|PLAY4|KAT ZONDER GRENZEN
sport|cycling (road)|EEN|DE RONDE 104
entertainment|talk|EEN|DE INZICHTEN VAN... - JONATHAN HOLSLAG
knowledge|nature/environment|EEN|ONE WILD DAY
fiction|popular drama/comedy|PLAY4|A STAR IS BORN
knowledge|nature/environment|Canvas|PARADIJS CANADA - BOOMING VANCOUVER
fiction|action|VTM2|2 GUNS
sport|football|VTM2|VB. C1 UEFA 1/4F - BAYERN/PARIS-ST-G
entertainment|talk|VTM|ALLOO - VERLOREN LIEFDE
sport|football|PLAY4|VB. C1 UEFA 1/4F - MANCHESTER C./DORTMUND
fiction|police|VTM|FAIR TRADE
fiction|thriller|EEN|BEAU SEJOUR
sport|cycling (road)|EEN|WIELRENNEN. RONDE VAN VLAANDEREN (D.)
fiction|adventure|EEN|CAST AWAY
lifestyle|show business/variety/stars|VTM|ALLOO - TE VROEG AFSCHEID
knowledge|medecin/health|PLAY4|DAG DOKTER
sport|football|VTM|VB. WK. KWALIF - BELGIE/WIT-RUSLAND
sport|football|VTM|VB. WK. KWALIF - STUDIO
knowledge|human interest/society|EEN|SALAH - BRIEF AAN MIJN MOEDER
knowledge|human interest/society|EEN|EN TOEN WAS HET STIL
lifestyle|mode/lifestyle|PLAY4|LEEF!
sport|cycling (road)|EEN|WIELRENNEN. GENT-WEVELGEM
knowledge|culture/folklore/tradition|Canvas|PLANET OF TREASURES - SOUTHEAST ASIA
sport|football|VTM|VB. WK. KWALIF - TSJECHIE/BELGIE
fiction|psychologic drama/melodrama|EEN|A UNITED KINGDOM
fiction|popular drama/comedy|EEN|FATHER BROWN
entertainment|game|VTM|GAME OF TALENTS
knowledge|technology/computing|Canvas|PRIVACY & IK
sport|football|VTM|VB. WK. KWALIF - BELGIE/WALES
sport|cycling (road)|EEN|WIELRENNEN. OXYCLEAN CLASSIC BRUGGE-DE PANNE
knowledge|human interest/society|EEN|SALAH - LIJN 11
lifestyle|travel/tourism|EEN|GRIFF'S GREAT AUSTRALIAN RAIL TRIP
fiction|popular drama/comedy|EEN|CHEF
fiction|action|VTM2|MISSION IMPOSSIBLE ROGUE NATION
sport|football|Canvas|VB. C3 UEFA 1/8F - AC.MILAAN/MANCHESTER
knowledge|human interest/society|EEN|RADIO GAGA
sport|cycling (road)|EEN|WIELRENNEN. NOKERE KOERSE
lifestyle|show business/variety/stars|VTM|ALLOO - ONDANKS ALLES POSITIEF
sport|cycling (road)|EEN|WIELRENNEN. NOKERE KOERSE (S.)
sport|football|VTM2|VB. C1 UEFA 1/8F - CHELSEA/AT.MADRID
knowledge|human interest/society|EEN|SALAH - BREAKING NEWS
sport|football|PLAY4|VB. C1 UEFA 1/8F - R.MADRID/ATALANTA
fiction|psychologic drama/melodrama|Canvas|ALBATROS
sport|football|VTM2|VB. BB. 1/2F - ANDERLECHT/GENK
entertainment|game|PLAY4|DE MOL, DE KANDIDATEN
sport|football|VTM2|VB. BB. 1/2F
sport|football|EEN|VB. BB. 1/2F - EUPEN/STANDARD
knowledge|nature/environment|EEN|CHINA, NATURE'S ANCIENT KINGDOM - EAST, THE LAST REFUGE
sport|cycling (road)|EEN|WIELRENNEN. PARIJS-NICE - RIT 7 NICE>VALDEBLORE LA COLMIANE
fiction|popular drama/comedy|VTM|THE OTHER WOMAN
fiction|action|VTM3|ATOMIC BLONDE
sport|cycling (road)|EEN|WIELRENNEN. PARIJS-NICE - RIT 6 BRIGNOLES>BIOT
information|current affair|VTM|TELEFACTS NU
lifestyle|show business/variety/stars|VTM|ALLOO - LEVEN IN HET VERLEDEN
sport|cycling (road)|EEN|WIELRENNEN. PARIJS-NICE - RIT 4 CHALON-SUR-SAONE>CHIROUBLES
sport|football|VTM2|VB. C1 UEFA 1/8F - PARIS-ST-G./FC.BARCELONA
knowledge|human interest/society|EEN|SALAH - DE AFSCHEIDSKUS
entertainment|talk|EEN|OPRAH WITH MEGHAN & HARRY
knowledge|medecin/health|EEN|KINDERZIEKENHUIS 24/7
sport|cycling (road)|EEN|WIELRENNEN. PARIJS-NICE - RIT 1 SAINT-CYR-L'ECOLE>SAINT-CYR-L'ECOL
sport|athletics (track/piste)|EEN|ATLETIEK. EK. INDOOR TORUN
sport|athletics (track/piste)|Canvas|ATLETIEK. EK. INDOOR TORUN
sport|cycling (road)|EEN|WIELRENNEN. STRADE BIANCHE D. (S.)
knowledge|nature/environment|EEN|CHINA, NATURE'S ANCIENT KINGDOM - CENTRAL, A BALANCING ACT
fiction|popular drama/comedy|EEN|JUNO
fiction|action|PLAY4|KONG, SKULL ISLAND
fiction|psychologic drama/melodrama|Canvas|NEBEL IM AUGUST
sport|football|Canvas|VB. BB. 1/4F - STUDIO
sport|football|Canvas|VB. BB. 1/4F - STANDARD/CL.BRUGGE
sport|football|VTM2|VB. BB. 1/4F - ANDERLECHT/CE.BRUGGE
lifestyle|show business/variety/stars|VTM|ALLOO, PSYCHISCHE TRAUMA'S
information|current affair|PLAY4|BYE BYE BELGIUM
knowledge|medecin/health|VTM|WETSDOKTERS
information|current affair|PLAY4|DE RECHERCHE
sport|athletics (field/cross)|EEN|VELDLOPEN. BK. BRUSSEL
entertainment|lifestyle|VTM2|BLIJVEN SLAPEN
sport|cycling (road)|EEN|WIELRENNEN. OMLOOP HET NIEUWSBLAD
knowledge|nature/environment|EEN|CHINA, NATURE'S ANCIENT KINGDOM - WEST, A FRAGILE PARADISE
entertainment|love/dating|VTM|DA'S LIEFDE!
fiction|popular drama/comedy|EEN|FRANKIE AND JOHNNY
fiction|thriller|Canvas|TRUST ME
fiction|action|VTM2|THE SPY WHO DUMPED ME
fiction|thriller|PLAY4|THE ACCOUNTANT
sport|football|Canvas|VB. C3 UEFA 1/16F - CL.BRUGGE/KIEV
entertainment|talk|EEN|BDW
sport|football|VTM2|VB. C1 UEFA 1/8F - ATALANTA/R.MADRID
fiction|action|EEN|WINDKRACHT 10
sport|football|PLAY4|VB. C1 UEFA 1/8F - ATLETICO DE MADRID/CHELSEA
entertainment|lifestyle|VTM|BLIJVEN SLAPEN
entertainment|music|EEN|WEEK VAN DE BELGISCHE MUZIEK
sport|cycling (cross)|PLAY SPORTS OPEN|VELDRIJDEN. OOSTMALLE - H.
sport|cycling (cross)|PLAY SPORTS OPEN|VELDRIJDEN. OOSTMALLE - D.
knowledge|culture/folklore/tradition|Canvas|PLANET OF TREASURES - AFRICA
knowledge|nature/environment|EEN|LONDEN ZOO
knowledge|nature/environment|EEN|WILD ARCTIC - DESERT OF ICE
fiction|psychologic drama/melodrama|EEN|ABOUT SCHMIDT
fiction|action|VTM|NON-STOP
fiction|thriller|EEN|KEEPING FAITH
sport|football|EEN|VB. C3 UEFA 1/16F - KIEV/CL.BRUGGE
sport|football|Canvas|VB. C3 UEFA 1/16F - ANTWERPEN/RANGERS
fiction|popular drama/comedy|VTM|WEG MET ONS MA
sport|football|PLAY4|VB. C1 UEFA 1/8F - FC.BARCELONA/PARIS ST-G.
entertainment|variety|EEN|DE NACHT VAN VLAANDEREN
sport|cycling (cross)|VTM|VELDRIJDEN. EEKLO H.
knowledge|nature/environment|EEN|WILD ARCTIC - THE FROZEN FOREST
fiction|psychologic drama/melodrama|EEN|DAENS
sport|cycling (cross)|VTM|VELDRIJDEN. EEKLO D.
sport|cycling (cross)|VTM|VELDRIJDEN. EEKLO
fiction|thriller|Canvas|BEFORE WE DIE
sport|football|Canvas|VB. BB. 1/8F - UNION ST-GILLOISE/ANDERLECHT
sport|football|Canvas|VB. BB. 1/8F - STUDIO
sport|football|VTM2|VB. BB. 1/8F - CL.BRUGGE/ANTWERPEN
entertainment|music|Canvas|WILL TURA, HOOP DOET LEVEN
lifestyle|leisure/hobby|PLAY4|BOERENJAAR
entertainment|variety|VIER|OVER DE OCEAAN
lifestyle|consumer advice|VIER|STUKKEN VAN MENSEN
lifestyle|travel/tourism|EEN|GREAT CONTINENTAL RAILWAY JOURNEYS
fiction|science fiction|VTM|THE MARTIAN
sport|basketball|EEN|BASKET. BB. 1/2F - LEUVEN/MECHELEN
fiction|police|VIJF|FBI, MOST WANTED
sport|all sports|VIER|SPORTS LATE NIGHT
fiction|comedy|VTM|VIDANGE PERDUE
fiction|popular soap|VTM|LILI EN MARLEEN
knowledge|nature/environment|EEN|WILD ARCTIC - ISLANDS OF ICE & FIRE
fiction|popular drama/comedy|EEN|FOUR WEDDINGS AND A FUNERAL
fiction|drama|VTM|ROCKETMAN
sport|cycling (cross)|EEN|VELDRIJDEN. MIDDELKERKE (S.)
sport|cycling (cross)|PLAY SPORTS OPEN|VELDRIJDEN. MIDDELKERKE H.
sport|cycling (road)|EEN|WIELRENNEN. STER VAN BESSEGES - RIT 4 ROUSSON>SAINT-SIFFRET
sport|cycling (cross)|PLAY SPORTS OPEN|VELDRIJDEN. MIDDELKERKE D.
sport|cycling (road)|EEN|WIELRENNEN. STER VAN BESSEGES - RIT 3 BESSEGES>BESSEGES
entertainment|variety|VIER|DE VERHULSTJES
entertainment|variety|VIER|BIG BROTHER
lifestyle|show business/variety/stars|EEN|DNA NYS
entertainment|game|VIER|JUNIOR BAKE OFF
information|current affair|VIER|BYE BYE BELGIUM
sport|football|Canvas|VB. BB. 1/16F - LUIK/ANDERLECHT
knowledge|human interest/society|EEN|RAISED BY THE VILLAGE
sport|football|VTM2|VB. BK - CL.BRUGGE/OLSA BRAKEL
entertainment|humour|EEN|ERHAN DEMIRCI, WA MAKE?
entertainment|humour|VIER|GEUBELS EN DE BELGEN
lifestyle|leisure/hobby|VIER|BOERENJAAR
sport|cycling (cross)|EEN|VELDRIJDEN. WK. OOSTENDE H.
sport|cycling (cross)|EEN|VELDRIJDEN. WK. OOSTENDE D.
sport|football|ELEVEN PRO LEAGUE 1 NL|VB. BK - CL.BRUGGE/STANDARD
fiction|thriller|EEN|CHANGELING
knowledge|nature/environment|EEN|SPY IN THE SNOW
entertainment|game|VIER|HET RAD
fiction|drama|Canvas|FAR FROM THE MADDING CROWD
fiction|adventure|VTM|INCREDIBLES 2
knowledge|human interest/society|EEN|SHAQ
knowledge|humanities/history|Canvas|DE NACHT VAN DE LANGE MESSEN
knowledge|human interest/society|Canvas|STRAFRECHTERS - LAATSTE OORDEEL
fiction|thriller|EEN|BLACK-OUT
sport|cycling (cross)|EEN|VELDRIJDEN. OVERIJSE (S.)
knowledge|nature/environment|EEN|NATURE'S NURSERIES
knowledge|human interest/society|EEN|SPRAKELOOS
fiction|action|VIER|AMERICAN SNIPER
fiction|thriller|EEN|LIAR
information|current affair|EEN|LOCKDOWN
information|special event|VTM|EXTRA NIEUWS - VS, INAUGURATIE JOE BIDEN
information|special event|Canvas|TER ZAKE - PRESIDENT VS, INAUGURATIE JOE BIDEN
knowledge|humanities/history|Canvas|39/45, LES RESISTANTES ALLEMANDES
sport|football|ELEVEN PRO LEAGUE 1 NL|VB. BK - BEERSCHOT/CL.BRUGGE
knowledge|nature/environment|EEN|MAGICAL ICELAND
fiction|drama|EEN|THE KING'S SPEECH
fiction|action|VIER|SHERLOCK HOLMES, A GAME OF SHADOWS
fiction|thriller|Canvas|EYE IN THE SKY
fiction|drama|EEN|LEEF
knowledge|humanities/history|Canvas|LES ENFANTS DE LA COLLABORATION
knowledge|nature/environment|EEN|THE POLAR BEAR CUB
sport|cycling (cross)|EEN|VELDRIJDEN. MEULEBEKE H.
sport|cycling (cross)|EEN|VELDRIJDEN. MEULEBEKE D.
fiction|action|VTM|SHOOTER
entertainment|variety|VTM|RIP 2020
knowledge|nature/environment|EEN|LOST KINGS OF BIOKO
fiction|popular drama/comedy|EEN|ABOUT A BOY
fiction|thriller|VTM2|MURDER ON THE ORIENT EXPRESS (2017)
fiction|fantasy/fairy tale|VTM|MALEFICENT
fiction|drama|Canvas|I, TONYA
knowledge|human interest/society|EEN|WE MOETEN EENS PRATEN
information|special event|EEN|EXTRA JOURNAAL - AANHANGERS TRUMP BEZETTEN HET PARLEMENT
information|special event|VTM|EXTRA NIEUWS - BESTORMING VAN HET CAPITOOL
knowledge|human interest/society|Canvas|STRAFRECHTERS - IN EER EN GEWETEN
sport|cycling (road)|EEN|WIELERJAAR 2020
sport|gymnastic|EEN|TEAM BELGYM, HET JAAR 2020
knowledge|nature/environment|EEN|WILD ALPINE RIVERS
fiction|popular drama/comedy|VTM|HOME ALONE III
information|current affair|EEN|2020, HET NIEUWE NORMAAL
sport|other sports|VTM4|DARTS. WK
entertainment|variety|EEN|30 JAAR SAMSON & GERT
entertainment|variety|EEN|FC DE KAMPIOENEN, ACHTER DE SCHERMEN
knowledge|nature/environment|EEN|L'ODYSSEE DU LOUP
knowledge|humanities/history|EEN|HAPPY BIRTHDAY BURGENLAND, 1921-2021
knowledge|nature/environment|EEN|MOROCCO, LANDS OF COLORS - WHITE
entertainment|variety|EEN|AFTELLEN NAAR 2021
entertainment|music|EEN|DE PLAYLIST
entertainment|variety|VTM|DE 20 VAN 2020
entertainment|music|VTM|NIELS DESTADSBADER, BOVEN DE WOLKEN
entertainment|variety|Canvas|CIRQUE DU SOLEIL, LUZIA
sport|cycling (cross)|VTM|VELDRIJDEN. BREDENE D.
entertainment|variety|VTM|MAKE BELGIUM GREAT AGAIN
sport|cycling (road)|EEN|WIELERJAAROVERZICHT
sport|all sports|EEN|60 JAAR SPORTWEEKEND
fiction|fantasy/fairy tale|VTM|BEAUTY & THE BEAST
knowledge|humanities/history|Canvas|VATICAN, LA CITE QUI VOULAIT DEVENIR ETERNELLE
knowledge|philosophy/religion|EEN|DE INZICHTEN VAN... - JEAN PAUL VAN BENDEGEM
fiction|comedy|EEN|URBANUS, DE VUILNISHELD
entertainment|music|EEN|ANDRE RIEU, KERSTMIS IN LONDON
lifestyle|cooking/food/drink|EEN|DE SMAAK VAN JOEL
fiction|fantasy/fairy tale|EEN|THE BFG
entertainment|music|EEN|SCALETTA & FRIENDS, JINGLE ALL THE WAY
knowledge|humanities/history|Canvas|HAAR NAAM WAS GRACE KELLY
knowledge|nature/environment|Canvas|SNOW CATS AND ME
entertainment|variety|EEN|KERST MET 11 MILJOEN
entertainment|variety|VTM|KERST MET 11 MILJOEN
information|special event|VIER|14-18
knowledge|nature/environment|Canvas|EPIC YELLOWSTONE - DOWN THE RIVER WILD
entertainment|game|VIER|BAKE OFF VLAANDEREN
information|human interest/society|EEN|HET HUIS - MATHIEU TERRYN
sport|cycling (cross)|VTM|VELDRIJDEN. ESSEN
information|current affair|VIER|OOIT VRIJ
information|special event|VTM|DE LUCHTPOLITIE
knowledge|nature/environment|Canvas|EPIC YELLOWSTONE - FIRE AND ICE
fiction|science fiction|VTM|JURASSIC WORLD
information|general news|VTM|EXTRA NIEUWS - CORONAVIRUS, VACCINATIE
fiction|adventure|VTM|CARS 3
fiction|action|VTM|DE BUURTPOLITIE, OPERATIE RUDOLF
knowledge|nature/environment|EEN|IT'S A WILD CHRISTMAS
fiction|comedy|EEN|MR. POPPER'S PENGUINS
fiction|popular drama/comedy|VTM2|CHRISTMAS HOMECOMING
fiction|adventure|VTM|THE GREATEST SHOWMAN
fiction|adventure|VIER|INDIANA JONES AND THE KINGDOM OF THE CRYSTAL SKULL
fiction|psychologic drama/melodrama|Canvas|THE GODFATHER III
entertainment|game|VIER|DE SLIMSTE MENS TER WERELD
information|current affair|VTM|ALLOO BIJ DE WEGPOLITIE
fiction|thriller|VIER|JUSTICE FOR ALL
lifestyle|show business/variety/stars|VTM|WOUT, WAAR EEN WIL IS
entertainment|talk|VIER|'T IS GEBEURD
information|human interest/society|EEN|HET HUIS - MARC COUCKE
sport|cycling (cross)|EEN|VELDRIJDEN. GAVERE H.
sport|cycling (cross)|EEN|VELDRIJDEN. GAVERE D.
entertainment|variety|VTM|THE VOICE SENIOR
information|human interest/society|EEN|HET HUIS - MARC VAN RANST
information|human interest/society|Canvas|LOUIS THEROUX - LIFE ON THE EDGE
sport|cycling (cross)|EEN|VELDRIJDEN. SCHELDECROSS H.
knowledge|human interest/society|EEN|BABIES DIARY - THE PATH TO INDEPENDENCE
sport|cycling (cross)|EEN|VELDRIJDEN. SCHELDECROSS D.
sport|cycling (cross)|EEN|VELDRIJDEN. SCHELDECROSS
fiction|popular drama/comedy|EEN|ABOUT TIME
fiction|thriller|EEN|DEADWATER FELL
sport|football|Canvas|VB. C3 UEFA SCHIFT - TOTTENHAM/ANTWERPEN
sport|football|VTM2|VB. C1 UEFA SCHIFT - R.MADRID/MONCHENGLADBACH
lifestyle|home/decorating|EEN|HOME FREE
sport|football|VIER|VB. C1 UEFA SCHIFT - LAZIO/CL.BRUGGE
lifestyle|cooking/food/drink|VIER|JA, CHEF!
sport|football|VIER|UEFA CHAMPIONS LEAGUE
information|current affair|CANVAS|DE AFSPRAAK
information|medecin/health|CANVAS|BESMET
entertainment|variety|VTM|THE VOICE SENIOR - THE KNOCKOUTS
knowledge|human interest/society|EEN|BABIES DIARY - SCHOOL OF LIFE
fiction|thriller|CANVAS|THE VALHALLA MURDERS
fiction|action|VIER|SAN ANDREAS
fiction|popular drama/comedy|VTM2|CHRISTMAS AT THE PALACE
information|current affair|CANVAS|TER ZAKE
fiction|psychologic drama/melodrama|EEN|THE MINIATURIST
lifestyle|cooking/food/drink|VTM|MIJN KEUKEN, MIJN RESTAURANT
sport|football|Canvas|VB. C3 UEFA SCHIFT - RANGERS/STANDARD
sport|football|VTM2|VB. C1 UEFA SCHIFT - CL.BRUGGE/ZENIT
sport|football|VTM2|VB. C1 UEFA SCHIFT - STUDIO
information|human interest/society|EEN|ZELFDE DEUR, 20 JAAR LATER
knowledge|human interest/society|EEN|BILLY CONNOLLY'S GREAT AMERICAN TRAIL
sport|cycling (cross)|EEN|VELDRIJDEN. TABOR D. (S.)
entertainment|variety|VTM|THE VOICE SENIOR - THE BLIND AUDITIONS
fiction|action|VTM|KINGSMAN, THE GOLDEN CIRCLE
information|human interest/society|EEN|HET HUIS - ANDRE HAZES
lifestyle|show business/variety/stars|VTM2|LATEM LEVEN
sport|cycling (cross)|EEN|VELDRIJDEN. KORTRIJK H.
knowledge|human interest/society|EEN|BABIES DIARY - A WORLD FULL OF DANGERS
fiction|popular drama/comedy|EEN|AS GOOD AS IT GETS
fiction|thriller|Canvas|THE VALHALLA MURDERS
entertainment|music|VTM|LEE & CINDY C.
information|general news|VTM|NIEUWS 19U VTM - CORONACRISIS
fiction|action|VTM3|DEN OF THIEVES
sport|football|Canvas|VB. C3 UEFA SCHIFT - STANDARD/LECH
information|human interest/society|EEN|OVER 5 JAAR
sport|football|VTM2|VB. C1 UEFA SCHIFT - INT.MILAAN/R.MADRID
knowledge|human interest/society|EEN|TWO SISTERS, ONE BODY
sport|football|ZES|VB. C1 UEFA SCHIFT - DORTMUND/CL.BRUGGE
knowledge|nature/environment|EEN|LET'S GO WILD
sport|cycling (cross)|EEN|VELDRIJDEN. SUPERPRESTIGE. MERKSPLAS H.
fiction|action|VTM|THE A-TEAM
sport|cycling (cross)|EEN|VELDRIJDEN. SUPERPRESTIGE. MERKSPLAS D.
knowledge|nature/environment|EEN|WILDLIFE IN THE CANTABRIAN MOUNTAINS
fiction|action|VTM|THE BOURNE LEGACY
fiction|action|VTM3|CENTRAL INTELLIGENCE
information|general news|EEN|VANDAAG
sport|football|VTM|VB. NATIONS LEAGUE UEFA - BELGIE/DENEMARKEN
sport|football|VTM|VB. NATIONS LEAGUE UEFA - STUDIO
entertainment|humour|VIER|DE ANDERHALVE METER SHOW
lifestyle|human interest/society|VTM|BOER ZKT VROUW, HOME SWEET HOME
entertainment|talk|VIER|#HETISINGEWIKKELD
sport|football|VTM|VB. NATIONS LEAGUE UEFA - BELGIE/ENGELAND
sport|football|VTM|VB. NATIONS LEAGUE UEFA - PAUSE
fiction|psychologic drama/melodrama|EEN|VELE HEMELS BOVEN DE ZEVENDE
entertainment|music|VTM|LIEFDE VOOR MUZIEK, DE REUNIE
other|other|223.772|00:25:58
information|special event|EEN|HET GROOTSTE LICHTPUNT TEGEN KANKER
knowledge|nature/environment|EEN|ANIMAL AIRPORT
sport|cycling (road)|VTM|WIELRENNEN.
fiction|adventure|EEN|SLUMDOG MILLIONAIRE
fiction|action|VIER|KNIGHT AND DAY
sport|football|VTM|VB. VRIEND - BELGIE/ZWITSERLAND
sport|football|VTM|VB. VRIEND - STUDIO
entertainment|talk|EEN|HET HUIS - RIK VERHEYE
sport|cycling (cross)|EEN|VELDRIJDEN. EK. 'S-HERTOGENBOSCH H.
sport|cycling (road)|EEN|WIELRENNEN. VUELTA - RIT 18 HIPODROMO DE LA ZARZUELA>MADRID
sport|cycling (road)|EEN|WIELRENNEN. MADRID CHALLENGE D.
information|special event|EEN|EXTRA JOURNAAL - AMERIKA KIEST
knowledge|nature/environment|EEN|SNOW ANIMALS
information|special event|VTM|EXTRA NIEUWS - VS 2020
sport|cycling (road)|EEN|WIELRENNEN. VUELTA - RIT 17 SEQUEROS>ALTO DE LA COVATILLA
sport|cycling (cross)|EEN|VELDRIJDEN. EK. 'S-HERTOGENBOSCH D.
fiction|adventure|VIER|THE LEGEND OF TARZAN
fiction|action|VTM|WHITE HOUSE DOWN
sport|cycling (road)|EEN|WIELRENNEN. VUELTA - RIT 16 SALAMANCA>CIUDAD RODRIGO
entertainment|music|EEN|BART PEETERS DELUXE
sport|cycling (road)|EEN|WIELRENNEN. VUELTA - RIT 15 MOS>PUEBLA DE SANABRIA
sport|football|Canvas|VB. C3 UEFA SCHIFT - ANTWERPEN/LASK (2HT)
sport|cycling (road)|EEN|WIELRENNEN. VUELTA - RIT 14 LUGO>OURENSE
sport|cycling (road)|EEN|WIELRENNEN. VUELTA - RIT 13 MUROS>MIRADOR DE EZARO
knowledge|modern music/dance|Canvas|BELPOP - THE RADIOS
sport|cycling (road)|EEN|WIELRENNEN. VUELTA - RIT 12 LA POLA LLAVIANA>ALTO DE L'ANGLIR
information|economy/politics/society affairs|Canvas|THE CHOICE 2020 TRUMP VS BIDEN
information|economy/politics/society affairs|Canvas|TRUMP, THE WHITE HOUSE YEARS - THE RECKONING
knowledge|nature/environment|EEN|NATURE'S BIGGEST BEASTS
sport|cycling (road)|EEN|WIELRENNEN. VUELTA - RIT 11 VILLAVICIOSA>ALTO DE LA FARRAPONA
sport|cycling (cross)|EEN|VELDRIJDEN. KOPPENBERG H.
fiction|drama/comedy|EEN|MEET JOE BLACK
fiction|science fiction|VTM|ROGUE ONE, A STAR WARS STORY
fiction|action|VTM2|KINGSMAN, THE SECRET SERVICE
sport|cycling (road)|EEN|WIELRENNEN. VUELTA - RIT 10 CASTRO URDIALES>SUANCES
fiction|thriller|EEN|THE DECEIVED
entertainment|talk|EEN|OP DE MAN AF
sport|cycling (road)|EEN|WIELRENNEN. VUELTA - RIT 9 CASTRILLO DEL VAL>AGUILAR DE CAMPO
sport|football|KETNET|VB. C3 UEFA SCHIFT - ANTWERPEN/TOTTENHAM (2HT)
sport|football|VTM2|VB. C1 UEFA SCHIFT - CL.BRUGGE/LAZIO
sport|cycling (road)|EEN|WIELRENNEN. VUELTA - RIT 8 LOGRONO>ALTO DE MONCALVILLO
sport|cycling (road)|EEN|WIELRENNEN. VUELTA - RIT 7 VITORIA-GASTEIZ>VILLANUEVA DE VALD
information|current affair|VIER|DE RECHTBANK
lifestyle|home/decorating|VIER|HUIZENJAGERS
sport|cycling (road)|EEN|WIELRENNEN. VUELTA - RIT 6 BIESCAS>SALLENT DE GALLEGO
sport|motorcross|EEN|MOTORCROSS. MXGP. LOMMEL
sport|tennis|EEN|TENNIS. EUROPEAN OPEN
information|economy/politics/society affairs|Canvas|TRUMP, THE WHITE HOUSE YEARS - A DIRTY BUSINESS
fiction|psychologic drama/melodrama|EEN|AUTUMN IN NEW YORK
sport|cycling (cross)|EEN|VELDRIJDEN. RUDDERVOORDE (S.)
sport|cycling (road)|EEN|WIELRENNEN. VUELTA - RIT 5 HUESCA>SABINANIGO
sport|football|ELEVEN PRO LEAGUE 1 NL|VB. BK - LEUVEN/CL.BRUGGE
knowledge|education|VIER|OPVOEDEN DOE JE ZO
sport|football|Canvas|VB. C3 UEFA SCHIFT - LUDOGORETS/ANTWERPEN
sport|cycling (road)|EEN|WIELRENNEN. VUELTA - RIT 3 LODOSA>LA LAGUNA NEGRA
information|current affair|VIER|NIVEAU 4
sport|cycling (road)|EEN|WIELRENNEN. VUELTA - RIT 2 PAMPLONA>LEKUNBERRI
sport|football|VIER|VB. C1 UEFA - ZENIT/CL.BRUGGE
sport|cycling (road)|EEN|WIELRENNEN. VUELTA - RIT 1 IRUN>ALTO DE ARRATE
sport|football|VIER|VB. C1 UEFA
sport|cycling (road)|Canvas|WIELRENNEN. RONDE VAN VLAANDEREN
information|economy/politics/society affairs|Canvas|TRUMP, THE WHITE HOUSE YEARS - THE EXPERIMENT
fiction|drama/comedy|EEN|THE DEVIL WEARS PRADA
knowledge|nature/environment|EEN|UNCHARTED AMAZON
fiction|drama/comedy|VTM|INSTANT FAMILY
sport|cycling (cross)|VTM|VELDRIJDEN. GP. BERINGEN H.
fiction|thriller|Canvas|THIN ICE
sport|cycling (cross)|VTM|VELDRIJDEN. GP. BERINGEN D.
entertainment|music|EEN|A DAY TO REMEMBER
sport|football|VTM|VB. NATIONS LEAGUE UEFA - IJSLAND/BELGIE
knowledge|human interest/society|EEN|MIJN KANKER, PORTRET VAN GEBROKEN JONGE LEVENS
sport|football|VTM|VB. NATIONS LEAGUE UEFA - ENGELAND/BELGIE
sport|cycling (cross)|EEN|VELDRIJDEN. GIETEN H. (S.)
fiction|adventure|VTM|PIRATES OF THE CARIBBEAN, SALAZAR'S REVENGE
fiction|police|VIJF|FBI
knowledge|nature/environment|EEN|THE MEADOW, PARADISE LOST?
fiction|thriller|EEN|THE ADJUSTMENT BUREAU
fiction|action|VTM3|COLD PURSUIT
fiction|action|VIER|BATMAN V SUPERMAN, DAWN OF JUSTICE
fiction|comedy|Canvas|THE DEATH OF STALIN
sport|football|VTM|VB. VRIEND - BELGIE/IVOORKUST
entertainment|talk|VIER|GERT LATE NIGHT
entertainment|variety|VTM|VEEL TAMTAM
knowledge|human interest/society|Canvas|EEN ZOMER ALS GEEN ANDERE
sport|cycling (road)|EEN|WIELRENNEN. LUIK-BASTENAKEN-LUIK (S.)
sport|basketball|EEN|BASKET. BB. FIN D.
sport|cycling (road)|EEN|WIELRENNEN. BINCKBANK TOUR - RIT 5 OTTIGNIES-LOUVAIN-LA-NEUVE>GERAARD
fiction|drama/comedy|EEN|ERIN BROCKOVICH
knowledge|nature/environment|EEN|PRIMATES - PROTECTING PRIMATES
fiction|science fiction|VTM|BUMBLEBEE
sport|cycling (road)|EEN|WIELRENNEN. BINCKBANK TOUR - RIT 4 RIEMST>RIEMST
sport|cycling (road)|EEN|WIELRENNEN. BINCKBANK TOUR - RIT 3 AALTER>AALTER
sport|cycling (road)|EEN|WIELRENNEN. BINCKBANK TOUR - RIT 1 BLANKENBERGE>ARDOOIE
knowledge|humanities/history|Canvas|FILIP VAN BELGIE - DE LANGE WEG NAAR DE TROON
sport|cycling (road)|EEN|WIELRENNEN. WK. IMOLA H.
sport|formula 1|EEN|F1. WK. GP. RUSLAND (S.)
knowledge|culture/folklore/tradition|EEN|MONTY DON'S JAPANESE GARDENS
sport|cycling (road)|Canvas|WIELRENNEN. WK. IMOLA H.
entertainment|humour|Canvas|JAN JAAP VAN DER WAL, HUIDHONGER
sport|cycling (road)|EEN|WIELRENNEN. WK. IMOLA D.
fiction|drama/comedy|EEN|BRIDGET JONES'S BABY
knowledge|nature/environment|EEN|PRIMATES - FAMILY MATTERS
sport|cycling (cross)|VTM|VELDRIJDEN. LOKEREN
fiction|action|VIER|KONG, SKULL ISLAND
sport|football|VTM2|VB. SUPER EB - BAYERN/SEVILLA
sport|football|VTM2|VB. C1 UEFA SCHIFT - GENT/KIEV
information|special event|EEN|EXTRA JOURNAAL - NATIONALE VEILIGHEIDSRAAD
sport|cycling (road)|EEN|WIELRENNEN. BK. ANZEGEM. H.
fiction|psychologic drama/melodrama|EEN|DUBBELLEVEN
sport|cycling (road)|EEN|WIELRENNEN. RONDE VAN FRANKRIJK - RIT 21 MANTES-LA-JOLIE>PARIS CHAMPS-ELYS
sport|cycling (road)|Canvas|WIELRENNEN. RONDE VAN FRANKRIJK - RIT 21 MANTES-LA-JOLIE>PARIS CHAMPS-ELYS
sport|cycling (road)|EEN|WIELRENNEN. GOOIKSE PIJL (S.)
fiction|adventure|VTM|PIRATES OF THE CARIBBEAN, DEAD MAN'S CHEST
sport|cycling (road)|EEN|WIELRENNEN. RONDE VAN FRANKRIJK - RIT 20 LURE>LA PLANCHE DES BELLES FILLES
fiction|thriller|Canvas|BLOOD
fiction|police|EEN|FLIKKEN ROTTERDAM
sport|cycling (road)|EEN|WIELRENNEN. RONDE VAN FRANKRIJK - RIT 19 BOURG-EN-BRESSE>CHAMPAGNOLE
sport|cycling (road)|EEN|WIELRENNEN. RONDE VAN FRANKRIJK - RIT 18 MERIBEL>LA ROCHE-SUR-FORON
sport|cycling (road)|EEN|WIELRENNEN. RONDE VAN FRANKRIJK - RIT 17 GRENOBLE>MERIBEL COL DE LA LOZE
sport|cycling (road)|EEN|WIELRENNEN. RONDE VAN FRANKRIJK - RIT 16 LA TOUR-DU-PIN>VILLARD-DE-LANS
sport|football|VTM2|VB. EB. SCHIFT. - GENT/RAPID WIEN
sport|cycling (road)|EEN|WIELRENNEN. RONDE VAN FRANKRIJK - RIT 15 LYON>GRAND COLOMBIER
knowledge|architecture/urbanism|Canvas|ANCIENT CATHEDRAL RESCUE
lifestyle|miscellaneous|VIER|HELP, MIJN BORSTEN STAAN ONLINE
sport|cycling (road)|EEN|WIELRENNEN. RONDE VAN FRANKRIJK - RIT 14 CLERMONT-FERRAND>LYON
knowledge|nature/environment|EEN|PRIMATES
fiction|action|VTM|FAST & FURIOUS 8
fiction|action|VIER|JUSTICE LEAGUE
sport|cycling (road)|EEN|WIELRENNEN. RONDE VAN FRANKRIJK - RIT 13 CHATEL-GUYON>PUY MARY CANTAL
entertainment|humour|VTM|DE POSITIVO'S
sport|cycling (road)|EEN|WIELRENNEN. RONDE VAN FRANKRIJK - RIT 12 CHAUVIGNY>SARRAN CORREZE
sport|cycling (road)|EEN|WIELRENNEN. RONDE VAN FRANKRIJK - RIT 11 CHATELAILLON-PLAGE>POITIERS
sport|football|VTM|VB. NATIONS LEAGUE UEFA - BELGIE/IJSLAND
sport|cycling (road)|EEN|WIELRENNEN. RONDE VAN FRANKRIJK - RIT 10 ILE D'OLERON LE CHATEAU-D'OLERON>
sport|cycling (road)|EEN|WIELRENNEN. RONDE VAN FRANKRIJK - RIT 9  PAU>LARUNS
sport|jumping|EEN|PAARDENSPORT. BK. JUMPING LANAKEN
knowledge|architecture/urbanism|Canvas|ANCIENT SUPERSTRUCTURES - MACHU PICCHU
sport|football|VTM|VB. NATIONS LEAGUE UEFA - DENEMARKEN/BELGIE
sport|cycling (road)|EEN|WIELRENNEN. RONDE VAN FRANKRIJK - RIT 8 CAZERES-SUR-GARONNE>LOUDENVIELLE
entertainment|love/dating|VIJF|NAKED ATTRACTION
sport|cycling (road)|EEN|WIELRENNEN. RONDE VAN FRANKRIJK - RIT 7 MILLAU>LAVAUR
fiction|action|VIER|THE COMMUTER
sport|cycling (road)|EEN|WIELRENNEN. RONDE VAN FRANKRIJK - RIT 6 LE TEIL>MONT AIGOUAL
sport|cycling (road)|EEN|WIELRENNEN. RONDE VAN FRANKRIJK - RIT 5 GAP>PRIVAS
sport|cycling (road)|EEN|WIELRENNEN. RONDE VAN FRANKRIJK - RIT 4 SISTERON>ORCIERES-MERLETTE
sport|cycling (road)|EEN|WIELRENNEN. RONDE VAN FRANKRIJK - RIT 3 NICE>SISTERON
sport|cycling (road)|EEN|WIELRENNEN. RONDE VAN FRANKRIJK - RIT 2 NICE HAUT PAYS>NICE
knowledge|nature/environment|Canvas|EXPEDITION WITH STEVE BACKSHALL
entertainment|variety|VTM|DE ZOMER VAN
knowledge|nature/environment|EEN|DWARS DOOR OCEANIE
sport|cycling (road)|EEN|WIELRENNEN. RONDE VAN FRANKRIJK - RIT 1 NICE MOYEN PAYS>NICE
sport|cycling (road)|Canvas|WIELRENNEN. RONDE VAN FRANKRIJK - RIT 1 NICE MOYEN PAYS>NICE
fiction|fantasy/fairy tale|VTM|MIRROR MIRROR
fiction|thriller|VIER|THE ACCOUNTANT
fiction|science fiction|VTM|WAR FOR THE PLANET OF THE APES
lifestyle|cooking/food/drink|EEN|THE CHEFS' BRIGADE
sport|cycling (road)|EEN|WIELRENNEN. TIJDRIJDEN. EK. PLOUAY
fiction|adventure|VIER|A KNIGHT'S TALE
fiction|popular soap|VITAYA|STURM DER LIEBE
entertainment|talk|EEN|GENTBRUGGE
knowledge|medecin/health|VIER|TOPDOKTERS
lifestyle|cooking/food/drink|EEN|PLAT PREFERE
sport|cycling (road)|EEN|WIELRENNEN. TIJDRIJDEN. EK. PLOUAY H.
entertainment|talk|EEN|HET HUIS - PHILIPPE GEUBELS
fiction|popular drama/comedy|EEN|DAYS OF SUMMER
sport|cycling (road)|EEN|WIELRENNEN. GP. BRETAGNE CLASSIC
lifestyle|travel/tourism|EEN|OP WEG MET JAN - MADAGASKAR
sport|football|VTM|VB. C1 UEFA FIN - PARIS-ST-G./BAYERN
fiction|thriller|EEN|DE BLACKLIST
knowledge|nature/environment|EEN|DRUKTE IN DE DIERENTUIN
fiction|popular drama/comedy|EEN|DE WITTE VAN SICHEM
sport|football|VTM|VB. C1 UEFA FIN - STUDIO
entertainment|music|EEN|MARINA
knowledge|nature/environment|EEN|ANIMAL RESCUE SCHOOL
sport|athletics (track/piste)|EEN|ATLETIEK. STOCKHOLM (S.)
knowledge|nature/environment|EEN|WILD WAYS OF THE THE COAST
fiction|fantasy/fairy tale|VTM|SING
fiction|science fiction|EEN|DAWN OF THE PLANET OF THE APES
fiction|adventure|VIJF|SIX DAYS, SEVEN NIGHTS
fiction|adventure|Q2|THE LONE RANGER
fiction|action|VIER|OCEAN'S THIRTEEN
sport|football|Canvas|VB. C3 UEFA FIN - SEVILLA/INT.MILAAN
sport|football|Canvas|VB. C3 UEFA FIN - STUDIO
fiction|adventure|VTM|ONLY THE BRAVE
entertainment|game|VTM|CODE VAN COPPENS - UNLOCK VTM
information|special event|VTM|EXTRA NIEUWS - CORONACRISIS, PERSCONFERENTIE NATIONALE
sport|cycling (road)|EEN|WIELRENNEN. BK. TIJDRIJDEN KOKSIJDE
sport|football|Q2|VB. C1 UEFA 1/2F - LYON/BAYERN
sport|football|Q2|VB. C1 UEFA 1/2F - STUDIO
sport|football|VIER|VB. C1 UEFA 1/2F - LEIPZIG/PARIS-ST-G.
lifestyle|home/decorating|VIJF|CHATEAU MEILAND
lifestyle|travel/tourism|EEN|OP WEG MET JAN - EL SALVADOR
knowledge|humanities/history|Canvas|MAGDA GOEBBELS
entertainment|music|EEN|ZOMERHIT 2020
sport|cycling (road)|EEN|WIELRENNEN. DAUPHINE LIBERE - RIT 5 MEGEVE>MEGEVE
lifestyle|travel/tourism|EEN|GRIFF'S GREAT KIWI ROAD TRIP
sport|cycling (road)|EEN|WIELRENNEN. RONDE VAN WALLONIE - RIT 1 SOIGNIES>TEMPLEUVE
sport|athletics (track/piste)|EEN|ATLETIEK. MONACO (S.)
lifestyle|travel/tourism|EEN|WEG ZIJN WIJ
sport|football|Canvas|VB. C3 UEFA 1/2F - SEVILLA/MANCHESTER
fiction|science fiction|VTM|WAR OF THE WORLDS
fiction|thriller|Q2|HOSTAGE
fiction|psychologic drama/melodrama|VIER|THE SHAWSHANK REDEMPTION
sport|football|Q2|VB. C1 UEFA 1/4F - MANCHESTER C./LYON
sport|cycling (road)|EEN|WIELRENNEN. DAUPHINE LIBERE - RIT 4 UGINE>MEGEVE
knowledge|nature/environment|EEN|SOUTH AFRICA - KILLERS OF THE KALAHARI
fiction|science fiction|EEN|RISE OF THE PLANET OF THE APES
fiction|science fiction|VIER|THE DAY AFTER TOMORROW
sport|football|VIER|VB. C1 UEFA 1/4F - FC.BARCELONA/BAYERN
sport|cycling (road)|EEN|WIELRENNEN. DAUPHINE LIBERE - RIT 3 CORENC>SAINT-MARTIN-DE-BELLEVILLE
fiction|psychologic drama/melodrama|VTM|THE WOLF OF WALL STREET
sport|cycling (road)|EEN|WIELRENNEN. DAUPHINE LIBERE - RIT 2 VIENNE>COL DE PORTE
sport|cycling (road)|EEN|WIELRENNEN. DAUPHINE LIBERE - RIT 1 CLERMONT-FERRAND>SAINT-CHRISTO-EN-
fiction|thriller|EEN|SALAMANDER
entertainment|talk|EEN|HET HUIS - ERIK VAN LOOY
sport|football|Canvas|VB. C3 UEFA 1/4F - WOLVERHAMPTON/SEVILLA
lifestyle|travel/tourism|EEN|OP WEG MET JAN - MONGOLIE
knowledge|nature/environment|EEN|DE SLAPENDE REUS TUSSEN NETE EN AA
fiction|action|VTM|3 DAYS TO KILL
knowledge|humanities/history|EEN|DE ZOMER VAN '69
knowledge|humanities/history|Canvas|ANCIENT SUPERSTRUCTURES - DE MONT SAINT-MICHEL
fiction|adventure|CAZ|ONCE UPON A TIME IN THE WEST
fiction|fantasy/fairy tale|VIER|THE LORD OF THE RINGS III
sport|football|Q2|VB. C1 UEFA 1/8F - FC.BARCELONA/NAPELS
fiction|popular drama/comedy|EEN|WIJ, HEREN VAN ZICHEM
knowledge|nature/environment|EEN|SOUTH AFRICA - LAND OF THE GIANTS
sport|football|VIER|VB. C1 UEFA 1/8F - MANCHESTER C./R.MADRID
sport|football|VIER|VB. C1 UEFA 1/8F - STUDIO
sport|football|EEN|EUROPA LEAGUE MAGAZINE
sport|football|Canvas|VB. C3 UEFA 1/8F - INTERNAZIONALE/GETAFE
sport|football|Canvas|VB. C3 UEFA 1/8F - STUDIO
entertainment|talk|EEN|DIE HUIS - SABINE HAGEDOREN
fiction|police|VIER|NAVY NCIS
lifestyle|travel/tourism|EEN|OP WEG MET JAN - VIETNAM
entertainment|music|VTM|WILL TURA 80 JAAR
fiction|fantasy/fairy tale|VIER|THE LORD OF THE RINGS II
entertainment|variety|Q2|BRITAIN'S GOT TALENT
fiction|fantasy/fairy tale|VTM|PERCY JACKSON & THE LIGHTNING THIEF
sport|football|EEN|VB. BB. FIN - CL.BRUGGE/ANTWERPEN
sport|football|EEN|VB. BB. FIN - STUDIO
fiction|fantasy/fairy tale|VTM|FROZEN
fiction|adventure|VIER|THE MASK OF ZORRO
fiction|police|EEN|DEATH IN PARADISE
fiction|police|CAZ|ASPE
fiction|police|EEN|UNFORGOTTEN
fiction|action|VTM|2012
fiction|action|Q2|THE LAST STAND
fiction|police|VIER|VERMIST
knowledge|nature/environment|Canvas|DE AMAZONE - WEG MET HET BOS
lifestyle|human interest/society|VIER|SCHATTEN VAN MENSEN
fiction|thriller|VTM|DODE HOEK
knowledge|nature/environment|Canvas|DE AMAZONE - GOUDKOORTS
entertainment|talk|EEN|HET HUIS - STEFAAN DEGAND
lifestyle|travel/tourism|EEN|OP WEG MET JAN - PERU
information|special event|VTM|EXTRA NIEUWS - NATIONALE VEILIGHEIDSRAAD
knowledge|humanities/history|Canvas|STRAFPLEITERS - BEDREIGDE RECHTSTAAT
fiction|fantasy/fairy tale|VIER|THE LORD OF THE RINGS
knowledge|culture/folklore/tradition|Canvas|SICILY, WONDER OF THE MEDITERRANEAN
fiction|adventure|CAZ|THE MAGNIFICENT SEVEN
fiction|popular drama/comedy|EEN|GROETEN UIT BALEN
knowledge|nature/environment|EEN|SOUTH AFRICA - CLASH OF CURRENTS
fiction|adventure|VIER|BEN-HUR
fiction|fantasy/fairy tale|VTM|PADDINGTON 2
fiction|action|Q2|RIDE ALONG 2
fiction|thriller|Canvas|INFORMER
fiction|action|Q2|SECURITY
fiction|science fiction|Canvas|TWELVE MONKEYS
knowledge|human interest/society|Canvas|CORPS DIPLOMATIQUE
knowledge|nature/environment|Canvas|SEVEN WORLDS ONE PLANET - NORTH AMERICA
entertainment|talk|VIER|DE BARAK VAN BARTEL
fiction|popular drama/comedy|EEN|A MILLION LITTLE THINGS
lifestyle|travel/tourism|EEN|OP WEG MET JAN
entertainment|music|Canvas|BELPOP CLASSICS - CLEMENT PEERENS
fiction|popular drama/comedy|VITAYA|ROYAL HEARTS
knowledge|humanities/history|Canvas|STRAFPLEITERS - TERREUR
sport|formula 1|EEN|F1. WK. GP. HONGARIJE (S.)
fiction|fantasy/fairy tale|VIER|THE HOBBIT, THE BATTLE OF THE FIVE ARMIES
fiction|fantasy/fairy tale|VTM|RAPUNZEL
lifestyle|human interest/society|VITAYA|OBESE
fiction|popular drama/comedy|EEN|LA FAMILLE BELIER
fiction|adventure|VIER|THE MAGNIFICENT SEVEN
fiction|action|Q2|AMERICAN ASSASSIN
lifestyle|travel/tourism|EEN|THE CRUISE
fiction|popular comedy/drama|Q2|FLODDER III
fiction|popular comedy/drama|VIER|POLICE ACADEMY, MISSION TO MOSCOU
fiction|popular drama/comedy|EEN|UN HOMME A LA HAUTEUR
entertainment|humour|EEN|VIVE LA VIE!
entertainment|humour|VTM|ALLERBESTE KIJKERS
fiction|thriller|VTM|THE INTERPRETER
fiction|popular comedy/drama|Q2|LA GRANDE VADROUILLE
knowledge|humanities/history|Canvas|STRAFPLEITERS - DE ARENA
fiction|thriller|VIJF|AN OFFICER AND A MURDERER
lifestyle|cooking/food/drink|EEN|RICK STEIN'S SECRET FRANCE
fiction|action|VTM|MISSION IMPOSSIBLE, GHOST PROTOCOL
knowledge|nature/environment|EEN|BEARS ABOUT THE HOUSE
fiction|fantasy/fairy tale|VIER|THE HOBBIT, THE DESOLATION OF SMAUG
sport|formula 1|EEN|F1. WK. GP. OOSTENRIJK (S.)
knowledge|science/geography|Canvas|QUI A TUE NEANDERTAL?
knowledge|medecin/health|VITAYA|DR CHRISTIAN WILL SEE YOU NOW
knowledge|nature/environment|EEN|HIPPOS, AFRICA'S RIVER GIANTS
fiction|action|Q2|THE HURRICANE HEIST
fiction|thriller|Q2|THE HUNT FOR RED OCTOBER
fiction|popular comedy/drama|Q2|FLODDER IN AMERIKA!
fiction|popular drama/comedy|VTM|LA LA LAND
fiction|psychologic drama/melodrama|Canvas|RAISE THE RED LANTERN
fiction|popular drama/comedy|EEN|BIENVENUE CHEZ LES CH'TIS
information|current affair|Canvas|OPLICHTERS GESPOT
fiction|adventure|VIER|DE KUST IS VEILIG
fiction|action|VTM|THE EXPENDABLES 2
knowledge|economy/business|Canvas|DE GEHEIMEN VAN AMAZON
knowledge|nature/environment|Canvas|SEVEN WORLDS ONE PLANET - AUSTRALIA
knowledge|humanities/history|Canvas|KINDEREN VAN DE KOLONIE
entertainment|game|Q2|SURVIVOR
fiction|adventure|VTM|THE BEACH
sport|all sports|EEN|SPORZA RETRO
fiction|fantasy/fairy tale|VIER|THE HOBBIT, AN UNEXPECTED JOURNEY
fiction|popular drama/comedy|VTM|LE PETIT BAIGNEUR
sport|cycling (road)|EEN|WIELRENNEN. RONDE VAN FRANKRIJK. VIRTUEEL H. - RIT 2 WATOPIA>WATOPIA
sport|cycling (road)|EEN|WIELRENNEN. RONDE VAN FRANKRIJK. VIRTUEEL D. - RIT 2 WATOPIA>WATOPIA
fiction|popular drama/comedy|EEN|MY BIG FAT GREEK WEDDING
knowledge|nature/environment|EEN|MY FAMILY AND THE GALAPAGOS
sport|cycling (road)|EEN|WIELRENNEN. RONDE VAN FRANKRIJK. VIRTUEEL H. - RIT 1 WATOPIA>WATOPIA
fiction|popular drama/comedy|VTM|THE DESCENDANTS
fiction|fantasy/fairy tale|VTM|THE HUNTSMAN, WINTER'S WAR
fiction|popular drama/comedy|Q2|FLODDER
knowledge|human interest/society|Canvas|STACEY DOOLEY - BIJ DE LEVENSLANG GESTRAFTEN
fiction|psychologic drama/melodrama|Canvas|THE BREAKFAST CLUB
entertainment|variety|VIER|THE WORLD'S BEST
fiction|action|Q2|THE TRANSPORTER REFUELED
fiction|thriller|Canvas|PRISONERS
lifestyle|home/decorating|VIER|BLIND GEKOCHT
fiction|action|VTM|MISSION IMPOSSIBLE II
entertainment|music|Canvas|BELPOP CLASSICS
fiction|thriller|Q2|I.T.
fiction|action|VTM|TAKEN 2
fiction|police|EEN|POIROT
information|current affair|EEN|IN DE GREEP VAN HET VIRUS
knowledge|human interest/society|Canvas|KING OF THE CRUISE
entertainment|variety|EEN|BLOED, ZWEET & TRANEN
entertainment|young amusement|VTM|DISNEY PROJECT T
fiction|thriller|Q2|BLACK WATER
fiction|popular drama/comedy|VIJF|THE HORSE WHISPERER
knowledge|nature/environment|Canvas|WILD
fiction|action|Q2|PEARL HARBOR
fiction|fantasy/fairy tale|VIER|CHARLIE AND THE CHOCOLATE FACTORY
entertainment|game|Canvas|CAMPUS CUP
fiction|action|VTM|BASTILLE DAY
sport|all sports|Canvas|SPORZA RETRO
entertainment|variety|VTM|HET BESTE UIT BELGIUM'S GOT TALENT
lifestyle|cooking/food/drink|VIER|BAKE OFF @HOME
knowledge|nature/environment|Canvas|SEVEN WORLDS ONE PLANET - ASIA
knowledge|culture/folklore/tradition|EEN|TUSSEN EUPEN EN OOSTENDE
knowledge|medecin/health|Canvas|HOSPITAL, FIGHTING COVID-19
sport|cycling (road)|Canvas|BELGA SPORT - LANCE ARMSTRONG, TEGEN DE HELE WERELD
fiction|psychologic drama/melodrama|EEN|VERSAILLES
fiction|popular drama/comedy|EEN|HOU ME NOG EENS VAST
sport|other cycling|EEN|VELDRIJDEN. BAAL
knowledge|culture/folklore/tradition|Canvas|RITUALS - THE POWER OF NATURE
knowledge|human interest/society|Canvas|WHAT'S MY NAME, MOHAMMED ALI
fiction|popular drama/comedy|EEN|DEMAIN TOUT COMMENCE
fiction|fantasy/fairy tale|VTM|ZOOTROPOLIS
fiction|action|Q2|JASON BOURNE
fiction|popular drama/comedy|VTM|SISTER ACT II
fiction|psychologic drama/melodrama|VIER|THANK YOU FOR YOUR SERVICE
entertainment|game|VIER|IT TAKES TWO
fiction|action|VTM|THE HUNGER GAMES, CATCHING FIRE
fiction|popular drama/comedy|Q2|TED 2
fiction|popular drama/comedy|Canvas|MEDECIN DE CAMPAGNE
entertainment|humour|EEN|KAMAL KHARMACH, DE SCHAAMTE VOORBIJ
fiction|action|Q2|I AM WRATH
knowledge|nature/environment|Canvas|SEVEN WORLDS ONE PLANET - ANTARTICA
fiction|science fiction|VIJF|MANIFEST
knowledge|human interest/society|EEN|TWEE TINTEN GRIJS
sport|cycling (road)|Canvas|BELGA SPORT - JAN ULLRICH, HET WONDERKIND WACHT
fiction|action|Q2|DIE HARD II
fiction|thriller|VTM|SHUTTER ISLAND
fiction|popular drama/comedy|VTM|THE PACIFIER
knowledge|medecin/health|VITAYA|PEOPLE LIKE PUS
entertainment|humour|Q2|KOMT EEN MAN BIJ DE DOKTER
fiction|popular drama/comedy|EEN|THE DUCHESS
fiction|action|Q2|FURIOUS 7
fiction|popular drama/comedy|VTM|SISTER ACT
fiction|thriller|VTM|MURDER ON THE ORIENT EXPRESS (2017)
fiction|thriller|Canvas|THE GIFT
fiction|popular drama/comedy|VIER|BRUCE ALMIGHTY
fiction|fantasy/fairy tale|Q2|MINIONS
entertainment|humour|EEN|ERHAN DEMIRCI, KOMT GOED!
entertainment|humour|EEN|ER WORDT NAAR U GELUISTERD, WIM HELSEN
knowledge|nature/environment|Canvas|EARTH'S GREAT RIVERS - MISSISSIPPI
knowledge|humanities/history|Canvas|KINDEREN VAN DE HOLOCAUST
fiction|popular drama/comedy|EEN|KOMEN TE GAAN
fiction|action|Q2|THE FOREIGNER
sport|football|Canvas|BELGA SPORT - HET LAATSTE WK AFSCHEID VAN EEN DUIVELS
fiction|popular drama/comedy|VTM|THE PROPOSAL
knowledge|human interest/society|Canvas|INSIDE THE USA GYMNASTICS SCANDAL
fiction|fantasy/fairy tale|VTM|ICE AGE 3, DAWN OF THE DINOSAURS
knowledge|nature/environment|EEN|SPY IN THE WILD - THE POLES
fiction|action|VIER|DEATH WISH
fiction|popular drama/comedy|EEN|PAY IT FORWARD
fiction|action|Q2|ACTS OF VIOLENCE
entertainment|love/dating|VIJF|TEMPTATION ISLAND
fiction|action|VTM|SPIDER-MAN, HOMECOMING
fiction|action|Q2|THE MECHANIC
fiction|action|VIER|RUN ALL NIGHT
fiction|psychologic drama/melodrama|Canvas|WHIPLASH
fiction|thriller|EEN|THE NEXT THREE DAYS
entertainment|variety|EEN|ADRIAAN VAN DEN HOOF
fiction|thriller|VTM|KISS THE GIRLS
entertainment|variety|VTM|THE BEST OF HOLLAND'S GOT TALENT
information|special event|VTM|EXTRA NIEUWS - CORONACRISIS, FASE 3, VRAGEN EN ANTWOORD
entertainment|humor|EEN|ELS DE SCHEPPER HEEFT BESLOTEN ER GEEN EIND AAN TE MAKEN...
information|special event|EEN|EXTRA JOURNAAL - VEILIGHEIDSRAAD
fiction|action|EEN|BAND OF BROTHERS
lifestyle|show business/variety/stars|VIER|WORLD'S MOST LUXURIOUS
fiction|thriller|Q2|ABDUCTION
knowledge|medecin/health|Canvas|HET ANTI VACCIN
knowledge|human interest/society|EEN|MICHAEL PALIN IN NORTH KOREA
knowledge|humanities/history|Canvas|LOST KINGDOMS OF THE BLACK PHARAOHS
fiction|psychologic drama/melodrama|EEN|PHILADELPHIA
knowledge|nature/environment|EEN|SPY IN THE WILD - THE ISLANDS
fiction|action|Q2|ANT-MAN AND THE WASP
fiction|comedy/drama|VTM|THE BOSS
information|current affair|Canvas|NACHTWACHT
fiction|adventure|VTM|BAD TRIP
information|special event|VTM|EXTRA NIEUWS - CORONACRISIS, UPDATE
fiction|action|Q2|DIE ANOTHER DAY
fiction|action|VTM|ALLIED
entertainment|game|VIER|DE CONTAINER CUP
entertainment|talk|VIER|GERT LATE NIGHT - LOCKDOWN
fiction|thriller|EEN|DOSSIER K.
sport|athletics (track/piste)|Canvas|BELGA SPORT - 4X100 METER, DE LANGE WEG NAAR GOUD
information|special event|EEN|DE 1000 KM VOOR KOM OP TEGEN KANKER
sport|cycling (road)|EEN|SPORZA, THE CHALLENGE OF THE STARS
knowledge|nature/environment|EEN|SPY IN THE WILD - THE NORTH
fiction|action|VIER|KING ARTHUR, LEGEND OF THE SWORD
fiction|action|Q2|DEADPOOL 2
fiction|thriller|VTM|NOW YOU SEE ME 2
fiction|psychologic drama/melodrama|VTM|LE FIDELE
fiction|action|Q2|THE WORLD IS NOT ENOUGH
information|general news|VTM|NIEUWS ACCESS VTM
fiction|science fiction|VIER|PACIFIC RIM
knowledge|human interest/society|VIER|DE AMBASSADE
fiction|comedy/drama|VTM|WILD HOGS
information|current affair|VIER|HET PARKET
knowledge|human interest/society|EEN|REIZEN WAES BLIJFT THUIS
fiction|police|VIJF|THE ROOKIE
entertainment|music|EEN|EUROVISION, EUROPE, SHINE A LIGHT
knowledge|nature/environment|EEN|SPY IN THE WILD - THE TROPICS
fiction|thriller|Canvas|THE INTERROGATION
fiction|fantasy/fairy tale|Q2|INCREDIBLES 2
fiction|action|VIER|THE DARK KNIGHT RISES
fiction|action|VTM|THE HUNGER GAMES
fiction|psychologic drama/melodrama|Canvas|THE BEGUILED
lifestyle|cooking/food/drink|VTM|LOIC, ZOT VAN KOKEN
information|special event|VTM|NIEUWS 13U VTM - CORONACRISIS, PERSCONFERENTIE NATIONALE
information|special event|VTM|EXTRA NIEUWS - CORONACRISIS, DE VERSOEPELDE MAATREGELEN
knowledge|human interest/society|VTM|HELDEN VAN HIER, CORONA
fiction|comedy/drama|VTM|HITCH
knowledge|medecin/health|VIER|TOPDOKTERS CORONA
fiction|action|VTM|FURIOUS 6
fiction|fantasy/fairy tale|Q2|THOR, RAGNAROK
fiction|fantasy/fairy tale|VIER|HARRY POTTER AND THE DEATHLY HALLOWS - PART 2
fiction|action|Q2|GOLDENEYE
fiction|thriller|EEN|DE ZAAK ALZHEIMER
information|special event|VTM|EXTRA NIEUWS - CORONAVIRUS, DE VERSOEPELDE MAATREGELEN
information|special event|EEN|EXTRA JOURNAAL - CORONACRISIS/VEILIGHEIDSRAAD
information|current affair|Canvas|VRANCKX - CORONA, DE NIEUWE FRONTLIJN
entertainment|game|VIER|DE MOL
knowledge|human interest/society|Canvas|MEDITERRANEAN WITH SIMON REEVE
knowledge|media|VIER|INFLUENCERS
fiction|psychologic drama/melodrama|EEN|THE FAULT IN OUR STARS
knowledge|nature/environment|EEN|NATURE'S GREATEST TALENTS - MASTERS OF DISGUISE
fiction|action|VTM|UNSTOPPABLE
fiction|fantasy/fairy tale|Q2|DOCTOR STRANGE
information|current affair|Canvas|CORONA IN DE VS
fiction|fantasy/fairy tale|VIER|HARRY POTTER AND THE DEATHLY HALLOWS
fiction|psychologic drama/melodrama|Canvas|SAGE FEMME
entertainment|game|VIER|EXPEDITIE ROBINSON
knowledge|nature/environment|Canvas|IN DE BAN VAN TSJERNOBYL
fiction|psychologic drama/melodrama|Canvas|CHERNOBYL
entertainment|game|VIER|CONTAINER CUP
entertainment|talk|VIER|CAFE DE MOL
fiction|comedy/drama|VTM|WHAT WOMEN WANT
knowledge|human interest/society|EEN|SCHIPPER NAAST MATHILDE
knowledge|nature/environment|EEN|NATURE'S GREATEST TALENTS - THE ART OF SEDUCTION
fiction|thriller|Canvas|FORHORET
fiction|action|VTM|DIE HARD 4.0
information|special event|VTM|EXTRA NIEUWS - CORONACRISIS, DE LAATSTE UPDATES VAN DE
fiction|fantasy/fairy tale|Q2|VAIANA
knowledge|human interest/society|Canvas|CHINESE DROMEN
knowledge|human interest/society|EEN|EVIVA ESPANA IN TIJDEN VAN CORONA
knowledge|human interest/society|EEN|KINDERWENS
knowledge|humanities/history|EEN|TEN OORLOG
fiction|comedy/drama|VTM|AMIGO'S
entertainment|music|EEN|ONE WORLD, TOGETHER AT HOME
knowledge|nature/environment|EEN|NATURE'S GREATEST TALENTS - SMART & SMARTER
fiction|adventure|VIER|INDIANA JONES AND THE LAST CRUSADE
fiction|action|Q2|12 STRONG
fiction|fantasy/fairy tale|VIER|HARRY POTTER AND THE ORDER OF THE PHOENIX
lifestyle|travel/tourism|EEN|TOM FIETST
information|special event|EEN|EXTRA JOURNAAL - CORONACRISIS
knowledge|human interest/society|EEN|21 KIDS AND COUNTING
information|special event|VTM|EXTRA NIEUWS - CORONACRISIS, BELGIE VERLENGT LOCKDOWN T
information|special event|VTM|EXTRA NIEUWS - CORONACRISIS, LOCKDOWN VERLENGING EN AAN
knowledge|philosophy/religion|EEN|PAASBOODSCHAP VAN DE PAUS
knowledge|nature/environment|EEN|MYSTERIOUS PLANET - THE FORGOTTEN FOREST
fiction|adventure|EEN|LIFE OF PI
fiction|action|Q2|LOGAN
fiction|psychologic drama/melodrama|VTM|CAFE DERBY
fiction|adventure|VIER|INDIANA JONES AND THE TEMPLE OF DOOM
fiction|action|VTM|OLYMPUS HAS FALLEN
fiction|popular drama/comedy|EEN|MEDICI, THE MAGNIFICIENT
fiction|fantasy/fairy tale|VIER|HARRY POTTER AND THE GOBLET OF FIRE
fiction|psychologic drama/melodrama|Canvas|WOMAN IN GOLD
entertainment|variety|VTM|BLIJF IN UW KOT!
sport|cycling (road)|EEN|DE RONDE 2020
sport|cycling (road)|EEN|DE RONDE 103
entertainment|variety|VTM|BLIJF IN UW KOT! - DE RONDE TEGEN CORONA
fiction|action|VTM|JACK REACHER, NEVER GO BACK
knowledge|nature/environment|EEN|MYSTERIOUS PLANET - ROOF OF AFRICA
fiction|psychologic drama/melodrama|EEN|PRIDE & PREJUDICE
fiction|action|Q2|MAZE RUNNER, THE DEATH CURE
fiction|adventure|VIER|INDIANA JONES AND THE RAIDERS OF LOST ARK
knowledge|human interest/society|Canvas|GENTBRUGGE
entertainment|variety|EEN|DE STIG
information|current affair|VIER|TOPDOKTERS CORONA SPECIAL
knowledge|nature/environment|EEN|MYSTERIOUS PLANET - MOUNTAINS OF FIRE AND ICE
fiction|action|VTM|CON AIR
information|special event|VTM|EXTRA NIEUWS - CORONACRISIS
information|special event|VTM|EXTRA NIEUWS - CORONAVIRUS, HELDEN VAN HIER
sport|other sports|Canvas|DE KLEEDKAMER - PEKING
lifestyle|gardening|EEN|MONTY DON'S AMERICAN GARDENS
knowledge|nature/environment|EEN|DUBLIN ZOO
entertainment|variety|EEN|RAYMOND!
knowledge|nature/environment|EEN|MYSTERIOUS PLANET - GIANTS OF THE CARIBBEAN
fiction|science fiction|VTM|SOLO, A STAR WARS STORY
fiction|psychologic drama/melodrama|EEN|BENNY AND JOON
fiction|thriller|Canvas|DARKNESS, THOSE WHO KILL
fiction|action|VIER|INGLOURIOUS BASTERDS
information|special event|VTM|EXTRA NIEUWS - DE BESTRIJDING VAN HET CORONAVIRUS
fiction|popular drama/comedy|EEN|F.C. DE KAMPIOENEN 3, FOREVER
lifestyle|show business/variety/stars|VIER|THE SKY IS THE LIMIT
information|special event|EEN|EXTRA JOURNAAL - CORONAVIRUS
information|special event|VTM|EXTRA NIEUWS - CORONAVIRUS, PERSCONFERENTIE
information|special event|VTM|EXTRA NIEUWS - CORONAVIRUS, LOCKDOWN IN BELGIE
entertainment|game|VTM|BEAT VTM
fiction|popular drama/comedy|EEN|OVER WATER
fiction|psychologic drama/melodrama|EEN|BROER
entertainment|variety|VTM|PLAN BART
knowledge|nature/environment|EEN|MYSTERIOUS PLANET - ISLANDS OF THE DRAGON KING
information|special event|VTM|EXTRA NIEUWS - CORONAVIRUS
fiction|thriller|EEN|WITNESS
fiction|action|VTM|AMERICAN MADE
information|special event|VTM|EXTRA NIEUWS - CORONAVIRUS, VRAGEN EN ANTWOORDEN
sport|cycling (road)|EEN|WIELRENNEN. PARIJS-NICE - RIT 6 SORGUES>APT
fiction|psychologic drama/melodrama|Canvas|THE IMITATION GAME
information|special event|VTM|EXTRA NIEUWS - CORONAVIRUS, DE MAATREGELEN VAN DE NATIO
sport|cycling (road)|EEN|WIELRENNEN. PARIJS-NICE - RIT 5 GANNAT>LA COTE-SAINT-ANDRE
sport|football|Q2|VB. C1 UEFA 1/8F - LIVERPOOL/AT. MADRID
sport|football|Q2|VB. C1 UEFA 1/8F - STUDIO
sport|cycling (road)|EEN|WIELRENNEN. PARIJS-NICE - RIT 3 CHALETTE-SUR-LOING>LA CHATRE
sport|football|VIER|VB. C1 UEFA 1/8F - LEIPZIG/TOTTENHAM
sport|cycling (road)|EEN|WIELRENNEN. PARIJS-NICE - RIT 1 PLAISIR>PLAISIR
sport|basketball|EEN|BASKET. BB. FIN - ANTWERPEN/CHARLEROI
sport|cycling (road)|Canvas|BELGA SPORT - JEAN-PIERRE MONSERE, VOOR ALTIJD WERELDK
knowledge|human interest/society|Canvas|NI JUGE, NI SOUMISE
knowledge|nature/environment|EEN|LIFE AT THE LIMITS - HIGH & LOW
fiction|action|VTM|AVENGERS, INFINITY WAR
fiction|action|VIER|DUNKIRK
fiction|science fiction|Q2|STAR TREK BEYOND
entertainment|humour|VIER|AUWCH
knowledge|human interest/society|EEN|100 DAGEN
sport|cycling (track/piste)|EEN|WIELRENNEN. BAAN WK. BERLIJN
lifestyle|travel/tourism|VTM|WEEKEND AAN ZEE
knowledge|nature/environment|EEN|JUDI DENCH'S WILD BORNEO ADVENTURE
knowledge|nature/environment|EEN|LIFE AT THE LIMITS - HOT & COLD
fiction|popular drama/comedy|EEN|ONE FINE DAY
fiction|science fiction|VTM|PASSENGERS
fiction|action|Q2|CENTRAL INTELLIGENCE
entertainment|variety|EEN|VANDAAG OVER EEN JAAR
sport|football|Canvas|VB. C3 UEFA 1/16F - MANCHESTER/CL.BRUGGE
sport|football|KETNET|VB. C3 UEFA 1/16F - GENT/AS.ROMA (2HT)
sport|football|Canvas|VB. C3 UEFA 1/16F - GENT/AS.ROMA (1HT)
knowledge|human interest/society|EEN|OP EEN - GOED LEVEN
information|current affair|EEN|DE VERDWIJNING VAN BRITTA CLOETENS
sport|football|Q2|VB. C1 UEFA 1/8F - R.MADRID/MANCHESTER C.
sport|football|VIER|VB. C1 UEFA 1/8F - NAPOLI/ FC. BARCELONA
information|current affair|VTM|TELEFACTS WINTER
knowledge|human interest/society|VIER|HELP! MIJN KIND KIJKT PORNO
sport|cycling (cross)|EEN|VELDRIJDEN. OOSTMALLE (S.)
knowledge|humanities/history|Canvas|GEHEIMEN VAN HET LAM GODS
knowledge|human interest/society|EEN|OP EEN - WATER
sport|cycling (cross)|EEN|VELDRIJDEN. LEUVEN H.
sport|cycling (cross)|EEN|VELDRIJDEN. LEUVEN D.
knowledge|nature/environment|EEN|LIFE AT THE LIMITS - WET & DRY
fiction|psychologic drama/melodrama|EEN|REGARDING HENRY
fiction|action|VIER|TOMB RAIDER
entertainment|young amusement|VTM|DESPICABLE ME 3
fiction|thriller|Canvas|BANCROFT
fiction|action|Q2|JOHN WICK, CHAPTER 2
sport|football|Canvas|VB. C3 UEFA 1/16F - CL.BRUGGE/MANCHESTER (1HT)
sport|football|Canvas|VB. C3 UEFA 1/16F - AS.ROMA/GENT
sport|football|KETNET|VB. C3 UEFA 1/16F - CL.BRUGGE/MANCHESTER (2HT)
sport|football|Canvas|VB. C3 UEFA 1/16F - CL.BRUGGE/MANCHESTER (2HT)
sport|football|Q2|VB. C1 UEFA 1/8F - TOTTENHAM/LEIPZIG
sport|football|VIER|VB. C1 UEFA 1/8F - DORTMUND/PARIS-ST-G.
sport|cycling (cross)|VTM|VELDRIJDEN. HULST H.
sport|cycling (cross)|VTM|VELDRIJDEN. HULST D.
sport|cycling (cross)|VTM|VELDRIJDEN. HULST
knowledge|travel/tourism|EEN|FLYING TO THE ENDS OF THE EARTH
fiction|comedy|VTM|WAT MANNEN WILLEN
knowledge|humanities/history|Canvas|ANCIENT INVISIBLE CITIES - CAIRO
knowledge|nature/environment|EEN|MEET THE BEARS
fiction|action|VTM|GHOSTBUSTERS (2016)
fiction|action|Q2|THE HITMAN'S BODYGUARD
fiction|thriller|EEN|THE NAME OF THE ROSE
knowledge|medecin/health|EEN|OP EEN - GEZONDE LUCHT
sport|basketball|EEN|BASKET. WK. KWALIF D. - BELGIE/ZWEDEN
sport|rugby|EEN|RUGBY. BRUSSEL (S.)
sport|athletics (field/cross)|EEN|VELDLOPEN. ROTSELAAR (S.)
knowledge|nature/environment|EEN|BABY CHIMP RESCUE
fiction|thriller|Canvas|BELOW THE SURFACE
fiction|police|EEN|WALLANDER
fiction|adventure|Canvas|SPARTACUS
sport|basketball|Q2|VB. BB. 1/2F - KORTRIJK/ANTWERPEN
information|current affair|VTM|ALLOO IN DE POLITIERECHTBANK
knowledge|medecin/health|EEN|OP EEN - BEWEGEN
sport|basketball|Canvas|VB. BB. 1/2F - ZULTE WAREGEM/CL.BRUGGE
sport|cycling (cross)|EEN|VELDRIJDEN. WK. DUBENDORF H.
sport|cycling (cross)|Canvas|VELDRIJDEN. WK. DUBENDORF - JUNIOREN H.
sport|cycling (cross)|EEN|VELDRIJDEN. WK. DUBENDORF D.
fiction|thriller|VTM|SAFE HOUSE
sport|cycling (cross)|EEN|VELDRIJDEN. WK. DUBENDORF - BELOFTEN H.
fiction|action|VTM|BLACK PANTHER
sport|cycling (cross)|Canvas|VELDRIJDEN. WK. DUBENDORF - BELOFTEN H.
fiction|fantasy/fairy tale|VTM|THE SECRET LIFE OF PETS
knowledge|human interest/society|Canvas|PROCUREURS - BESCHERMER EN BOEMAN
fiction|thriller|EEN|DARK MONEY
lifestyle|cooking/food/drink|EEN|OP EEN - VLESS
lifestyle|travel/tourism|EEN|REIZEN WAES
information|special event|EEN|WE LATEN DE VRT NIET LOS
knowledge|human interest/society|EEN|GOED VOLK
sport|football|Canvas|DE KLEEDKAMER - RSC ANDERLECHT
lifestyle|travel/tourism|EEN|GREAT AUSTRALIAN RAILWAY JOURNEYS
knowledge|humanities/history|Canvas|MADE IN AUSCHWITZ
sport|cycling (cross)|EEN|VELDRIJDEN. HOOGERHEIDE H. (S.)
fiction|police|VIER|DE RECHERCHE
fiction|action|Q2|MOMENTUM
sport|cycling (cross)|EEN|VELDRIJDEN. ZONNEBEKE (S.)
entertainment|humour|VIER|FAIL ARMY
fiction|comedy|Q2|DOWNSIZING
sport|basketball|Q2|VB. BB. 1/2F - ANTWERPEN/KORTRIJK
information|traffic/transport|EEN|OP EEN - VERKEER
sport|basketball|Canvas|VB. BB. 1/2F - CL.BRUGGE/ZULTE WAREGEM
sport|basketball|Canvas|VB. BB. 1/2F
information|current affair|VTM|TELEFACTS - HARRY AND MEGHAN, A ROYAL CRISIS
knowledge|humanities/history|EEN|TUSSEN OORLOG EN LEVEN - AFGHANISTAN
knowledge|human interest/society|Canvas|PROCUREURS - MISDAADEXPERT
fiction|action|VTM|LONDON HAS FALLEN
sport|swimming|EEN|ZWEMMEN. ANTWERPEN
fiction|drama/comedy|VITAYA|SUITE FRANCAISE
fiction|action|Q2|DEADPOOL
fiction|drama/comedy|VTM|NICHOLAS
lifestyle|show business/variety/stars|VTM|ALLOO BIJ... - GUGA BAUL
fiction|action|Q2|JOHN WICK
knowledge|human interest/society|EEN|OP EEN - OUDER WORDEN
knowledge|humanities/history|EEN|TUSSEN OORLOG EN LEVEN - SOMALIE
knowledge|human interest/society|Canvas|PROCUREURS - STRAFPROCES
sport|cycling (cross)|EEN|VELDRIJDEN. OTEGEM (S.)
sport|cycling (cross)|EEN|VELDRIJDEN. BK. ANTWERPEN H.
knowledge|nature/environment|EEN|LOBSTERS, THE KNIGHTS OF THE DEEP
fiction|action|VTM|XXX, RETURN OF XANDER CAGE
fiction|thriller|Q2|NOW YOU SEE ME
knowledge|nature/environment|EEN|TATRA MOUNTAINS
fiction|action|VTM|CAPTAIN AMERICA, CIVIL WAR
lifestyle|home/decorating|VTM|EEN FRISSE START MET VTWONEN
fiction|comedy|VIER|ZOOKEEPER
fiction|comedy|VTM|ANNIE
fiction|science fiction|Q2|ALLEGIANT
fiction|fantasy/fairy tale|VIER|THE CHRONICLES OF NARNIA - PRINCE CASPIAN
entertainment|humour|VIER|ALEX AGNEW, UNFINISHED BUSINESS - DEEL 2
knowledge|medecin/health|EEN|OP EEN - ALCOHOL
other|tele-shopping|VIER|PUBLIREPORTAGE
knowledge|science/geography|Canvas|BRAIN MAN
knowledge|humanities/history|EEN|TUSSEN OORLOG EN LEVEN - IRAK
knowledge|human interest/society|Canvas|PROCUREURS - DOSSIERKOORTS
fiction|thriller|EEN|DE TWAALF
knowledge|nature/environment|EEN|PETIT PANDA
lifestyle|cooking/food/drink|EEN|DAGELIJKSE WINTERKOST
knowledge|nature/environment|EEN|ALPINE WHISTLEBLOWERS, ON THE PLAYGROUND OF THE MARMOTS
fiction|action|VTM|MISSION IMPOSSIBLE ROGUE NATION
fiction|action|VTM|DE BUURTPOLITIE, DE TUNNEL
sport|cycling (cross)|EEN|VELDRIJDEN. GULLEGEM (S.)
fiction|fantasy/fairy tale|VIER|THE CHRONICLES OF NARNIA, THE LION, THE WITCH AND THE WARDRO
fiction|romance|VITAYA|CHRISTMAS WITH A PRINCE, BECOMING ROYAL
lifestyle|show business/variety/stars|VTM|ALLOO BIJ... - NIELS DESTADSBADER
entertainment|humour|VIER|ALEX AGNEW, UNFINISHED BUSINESS - DEEL 1
sport|cycling (road)|EEN|VIVE LE VELO, WIELERJAAR 2019
sport|cycling (cross)|Canvas|VELDRIJDEN. GP. SVEN NYS
information|special event|EEN|LIVE VUURWERK
knowledge|nature/environment|EEN|DOWN THE SNOW
entertainment|humour|CANVAS|KAMAL KHARMACH, MAG IK EVEN?
entertainment|humour|EEN|LOSLOPEND WILD & GEVOGELTE
information|special event|VTM|RODE NEUZEN DAG, THE BEST OF
sport|cycling (cross)|EEN|VELDRIJDEN. DIEGEM H.
sport|cycling (cross)|EEN|VELDRIJDEN. DIEGEM D.
fiction|fantasy/fairy tale|VTM|SNOW WHITE AND THE SEVEN DWARFS
knowledge|nature/environment|EEN|THE WONDER OF ANIMALS
knowledge|humanities/history|CANVAS|NORTH AMERICA WITH SIMON REEVE
entertainment|humour|EEN|IS ER EEN KERSTMAN IN DE ZAAL?
fiction|fantasy/fairy tale|VTM|MICKEY, DONALD, GOOFY, THE THREE MUSKETEERS
fiction|adventure|EEN|KUNG FU PANDA
knowledge|human interest/society|CANVAS|I AM PATRICK SWAYZE
fiction|comedy|VTM|LA GRANDE VADROUILLE
fiction|other fiction|EEN|ARRIVALS
fiction|police|CANVAS|A CONFESSION
fiction|science fiction|EEN|E.T. - THE EXTRA-TERRESTRIAL
fiction|comedy|Q2|BAD MOMS 2
fiction|thriller|VTM|DERAILED
information|current affair|CANVAS|VRANCKX
sport|cycling (cross)|EEN|VELDRIJDEN. HEUSDEN-ZOLDER H.
sport|cycling (cross)|EEN|VELDRIJDEN. HEUSDEN-ZOLDER D.
lifestyle|show business/variety/stars|VTM|ALLOO BIJ... - HERMAN BRUSSELMANS
entertainment|game|VTM|BINGO
knowledge|nature/environment|CANVAS|SEVEN WORLDS ONE PLANET
entertainment|music|EEN|NOT THE ROBBIE WILLIAMS CHRISTMAS SHOW
entertainment|circus/magic & paranormal|CANVAS|CIRQUE DU SOLEIL KURIOS, CABINET OF CURIOSITIES
fiction|comedy|VTM|PAUL BLART, MALL COP
information|current affair|VTM|DOSSIER X
sport|all sports|CANVAS|EXTRA TIME
knowledge|nature/environment|EEN|SNOW BEARS
entertainment|music|VTM|THE SOUND OF MUSIC
knowledge|nature/environment|EEN|THE SNOW WOLF - A WINTER'S TALE
fiction|comedy|EEN|MRS. DOUBTFIRE
fiction|other fiction|CANVAS|DEN DOENDE DETEKTIVEN
fiction|drama|EEN|POLDARK
sport|football|EEN|VB. BB. 1/4F - ANDERLECHT/CL.BRUGGE
sport|football|EEN|VB. BB. 1/4F - PAUSE
sport|football|EEN|VB. BB. 1/4F
lifestyle|mode/lifestyle|VIER|ZO MAN, ZO VROUW
lifestyle|show business/variety/stars|VTM|ALLOO BIJ... - DINA TERSAGO
sport|football|Q2|VB. BB. 1/4F - STANDARD/ANTWERPEN
sport|football|Q2|VB. BB. 1/4F
knowledge|human interest/society|EEN|HET HUIS - LYNN WESENBEEK
sport|football|Q2|VB. BB. 1/4F - ZULTE WAREGEM/CHARLEROI
fiction|comedy|EEN|BEVERGEM
information|current affair|EEN|MIJ OVERKOMT HET NIET
entertainment|music|EEN|BELPOP - BART PEETERS
knowledge|humanities/history|CANVAS|WISSEL VAN DE MACHT
sport|cycling (cross)|EEN|VELDRIJDEN. OVERIJSE H.
sport|cycling (cross)|EEN|VELDRIJDEN. OVERIJSE D.
sport|basketball|EEN|BASKET. BB. 1/4F - OOSTENDE/CHARLEROI
knowledge|humanities/history|CANVAS|RUSSIA WITH SIMON REEVE
sport|cycling (cross)|EEN|VELDRIJDEN. RONSE H.
sport|cycling (cross)|EEN|VELDRIJDEN. RONSE D.
fiction|drama|EEN|OLIVER TWIST
fiction|popular soap|VTM|WITTEKERKE
sport|football|CANVAS|VB. C3 UEFA SCHIFT - GENT/OLEKSANDRIA (2HT)
sport|football|OP 12|VB. C3 UEFA SCHIFT - STANDARD/ARSENAL (2HT)
sport|football|Q2|VB. C1 UEFA SCHIFT - CL.BRUGGE/R.MADRID
lifestyle|mode/lifestyle|VIER|FOREVER YOUNG
sport|football|Q2|VB. C1 UEFA SCHIFT
knowledge|human interest/society|EEN|HET HUIS - MARC HERREMANS
sport|football|VIER|VB. C1 UEFA SCHIFT - NAPELS/GENK
knowledge|human interest/society|EEN|HET HUIS - DINA TERSAGO
sport|athletics (field/cross)|EEN|VELDLOPEN. EK. LISSABON H.
sport|athletics (field/cross)|EEN|VELDLOPEN. EK. LISSABON
knowledge|nature/environment|EEN|LE SOMMEIL DES ANIMAUX
entertainment|game|VIER|DE BATTLE
fiction|adventure|EEN|EVEREST
fiction|thriller|CANVAS|CARDINAL
information|current affair|EEN|APPEL D'URGENCE
sport|football|Q2|VB. BB. 1/8F - MOUSCRON/ANDERLECHT
sport|football|Q2|VB. BB. 1/8F
sport|football|Q2|VB. BB. 1/8F - OOSTENDE/CL.BRUGGE
information|special event|EEN|20 ANS DEJA! PHILIPPE ET MATHILDE
sport|football|CANVAS|VB. BB. 1/8F - ANTWERP/GENK
sport|football|CANVAS|VB. BB. 1/8F
sport|football|CANVAS|VB. BB. 1/8F - PAUSE
knowledge|human interest/society|EEN|DONDEREN IN KEULEN
knowledge|travel/tourism|EEN|FLYING TO THE ENDS OF THE EARTH - PERU
sport|cycling (cross)|EEN|VELDRIJDEN. MOL (S.)
fiction|action|VTM|FURIOUS 7
knowledge|human interest/society|EEN|HET HUIS - WILLY SOMMERS
fiction|drama|EEN|LES MISERABLES
sport|football|EEN|VB. EK. LOTING
fiction|science fiction|VTM|STAR WARS, THE FORCE AWAKENS
information|special event|VTM|RODE NEUZEN DAG, DE LIVESHOW
entertainment|music|CANVAS|BELPOP - LUC DE VOS
lifestyle|love/dating|VTM|BOER ZKT VROUW, DE WERELD ROND
sport|football|CANVAS|VB. C3 UEFA SCHIFT - VITORIA/STANDARD
sport|football|OP 12|VB. C3 UEFA SCHIFT - ST-ETIENNE/GENT (2HT)
sport|football|CANVAS|VB. C3 UEFA SCHIFT - ST-ETIENNE/GENT (1HT)
sport|football|Q2|VB. C1 UEFA SCHIFT - GENK/SALZBURG
knowledge|human interest/society|CANVAS|EENZAAM
sport|football|VIER|VB. C1 UEFA SCHIFT - GALATASARAY/CL.BRUGGE
entertainment|talk|CANVAS|DE IDEALE WERELD
knowledge|travel/tourism|EEN|FLYING TO THE ENDS OF THE EARTH - THE SOUTH PACIFIC
sport|athletics (field/cross)|EEN|VELDLOPEN. ROESELARE (S.)
sport|tennis|EEN|TENNIS. DAVIS CUP - CANADA/SPANJE
sport|cycling (cross)|EEN|VELDRIJDEN. WACHTEBEKE H.
sport|cycling (cross)|EEN|VELDRIJDEN. WACHTEBEKE D.
knowledge|nature/environment|EEN|LE CLAN DES RENARDS
fiction|comedy|EEN|NIGHT AT THE MUSEUM
entertainment|variety|VTM|WAT EEN DAG
sport|police|EEN|ROOKIE COPS
sport|football|VTM|VB. EK. KWALIF - BELGIE/CYPRUS
knowledge|human interest/society|CANVAS|POULIDOR PREMIER
knowledge|travel/tourism|EEN|FLYING TO THE ENDS OF THE EARTH - SIBERIA
sport|other cycling|EEN|WIELRENNEN. 6-DAAGSE VAN GENT
fiction|action|Q2|POWER RANGERS
sport|football|VTM|VB. EK. KWALIF - RUSLAND/BELGIE
sport|football|VTM|VB. EK. KWALIF - STUDIO
fiction|adventure|EEN|UN SAC DE BILLES
fiction|police|CANVAS|SILENT WITNESS
knowledge|nature/environment|EEN|BIG CATS
sport|cycling (cross)|EEN|VELDRIJDEN. WB. TABOR (S.)
fiction|fantasy/fairy tale|Q2|FROZEN
fiction|thriller|CANVAS|THE GHOST WRITER
entertainment|classical arts|EEN|DE PARELVISSERS
knowledge|human interest/society|EEN|HET HUIS - THEO FRANCKEN
knowledge|humanities/history|CANVAS|KINDEREN VAN HET VERZET
sport|cycling (cross)|EEN|VELDRIJDEN. NIEL
entertainment|dance|VIER|DANCING WITH THE STARS
sport|cycling (cross)|EEN|VELDRIJDEN. EK. SILVELLE H.
sport|cycling (cross)|EEN|VELDRIJDEN. EK. SILVELLE - BELOFTEN H.
sport|cycling (cross)|EEN|VELDRIJDEN. EK. SILVELLE D.
knowledge|travel/tourism|EEN|JOANNA LUMLEY'S SILK ROAD ADVENTURE
fiction|action|VIER|MAD MAX, FURY ROAD
sport|football|CANVAS|VB. C3 UEFA SCHIFT - WOLFSBURG/GENT
sport|football|OP 12|VB. C3 UEFA SCHIFT - STANDARD/FRANKFURT (2HT)
sport|football|CANVAS|VB. C3 UEFA SCHIFT - STANDARD/FRANKFURT (1HT)
sport|football|Q2|VB. C1 UEFA SCHIFT - PARIS-ST-G./CL.BRUGGE
sport|football|Q2|VB. C1 UEFA SCHIFT - STUDIO
sport|football|Q2|VB. C1 UEFA SCHIFT. (S.)
sport|football|ZES|VB. C1 UEFA SCHIFT - LIVERPOOL/GENK
fiction|action|Q2|THE EQUALIZER
sport|basketball|EEN|BASKET. BB. FIN - AALSTAR/CHARLEROI
fiction|action|Q2|TAKEN 2
knowledge|humanities/history|CANVAS|TOUTANKHAMON, LE TRESOR REDECOUVERT
fiction|drama/comedy|EEN|ONE IN A THOUSAND
fiction|action|EEN|ALLIED
lifestyle|cooking/food/drink|EEN|NIGELLA, AT MY TABLE
knowledge|human interest/society|EEN|HET GEZIN
knowledge|science/geography|EEN|WHY BRIDGES COLLAPSE
knowledge|human interest/society|EEN|HET HUIS - JAMES COOKE
information|current affair|CANVAS|STACEY DOOLEY - OOG IN OOG MET IS-BRUIDEN
fiction|thriller|EEN|GRENSLANDERS
sport|cycling (cross)|EEN|VELDRIJDEN. GAVERE (S.)
knowledge|humanities/history|CANVAS|KING ARTHUR'S LOST KINGDOM, THE TRUTH UNEARTHED
fiction|drama/comedy|EEN|IN GOOD COMPANY
sport|cycling (cross)|VTM|VELDRIJDEN. GP. BERINGEN
fiction|adventure|VIER|KING ARTHUR
fiction|drama/comedy|EEN|VICTORIA
information|special event|EEN|VRT NIEUWS LIVE - KROONPRINSES 18 JAAR
information|special event|VTM|EXTRA NIEUWS - ELISABETH 18
sport|football|CANVAS|VB. C3 UEFA SCHIFT - FRANKFURT/STANDARD
sport|football|OP 12|VB. C3 UEFA SCHIFT - GENT/WOLFSBURG (2HT)
sport|football|Q2|VB. C1 UEFA SCHIFT - GENK/LIVERPOOL
sport|football|ZES|VB. C1 UEFA SCHIFT - CL.BRUGGE/PARIS-ST-G.
entertainment|humour|EEN|GEUB
sport|cycling (cross)|EEN|VELDRIJDEN. WB. BERN (S.)
sport|cycling (track/piste)|EEN|WIELRENNEN. BAAN EK. APELDOORN (S.)
sport|cycling (cross)|EEN|VELDRIJDEN. SUPERPRESTIGE. BOOM H.
sport|cycling (cross)|EEN|VELDRIJDEN. SUPERPRESTIGE. BOOM D.
fiction|drama/comedy|EEN|AWAKENINGS
fiction|action|Q2|JACK REACHER, NEVER GO BACK
fiction|thriller|VITAYA|HER SON'S SECRET
fiction|drama/comedy|VIER|CALLBOYS
fiction|action|Q2|BASTILLE DAY
sport|football|VTM|VB. EK. KWALIF - KAZACHSTAN/BELGIE
knowledge|travel/tourism|EEN|GREAT INDIAN RAILWAY JOURNEYS
fiction|fantasy/fairy tale|Q2|THE HUNTSMAN, WINTER'S WAR
sport|gymnastic|CANVAS|GYM. WK. STUTTGART
sport|gymnastic|EEN|GYM. WK. STUTTGART
fiction|drama/comedy|EEN|YES MAN
fiction|thriller|CANVAS|THE HUNTERS
fiction|action|Q2|MECHANIC, RESURRECTION
fiction|thriller|VIER|UNKNOWN
sport|football|VTM|VB. EK. KWALIF - BELGIE/SAN MARINO
entertainment|talk|VIER|GERT LATE NIGHT, DE MOVIE
fiction|drama/comedy|CANVAS|DE SLAPELOZEN
entertainment|talk|VTM|STUDIO STAN
fiction|thriller|Q2|SAFE HOUSE
sport|cycling (cross)|EEN|VELDRIJDEN. PELT (S.)
fiction|drama/comedy|VTM|GREASE
fiction|drama/comedy|EEN|KOMT EEN VROUW BIJ DE DOKTER
knowledge|nature/environment|EEN|AUTUMN, WORLD OF COLOURS
fiction|action|VIER|SULLY
sport|cycling (cross)|VTM|VELDRIJDEN. MEULEBEKE
fiction|thriller|EEN|CHEAT
fiction|fantasy/fairy tale|Q2|GODS OF EGYPT
sport|football|CANVAS|VB. C3 UEFA SCHIFT - ARSENAL/STANDARD
sport|athletics (track/piste)|EEN|ATLETIEK. WK. DOHA
sport|football|CANVAS|VB. C3 UEFA SCHIFT - OLEKSANDRIA/GENT (1HT)
sport|football|Q2|VB. C1 UEFA SCHIFT - GENK/NAPOLI
entertainment|variety|VTM|(H)ALLOOMEDIA
sport|football|VIER|VB. C1 UEFA SCHIFT - R.MADRID/CL.BRUGGE
knowledge|nature/environment|CANVAS|LES ANIMAUX DANS LA GUERRE
fiction|science fiction|Q2|FANTASTIC FOUR
knowledge|nature/environment|EEN|CIRCLE OF LIFE - MANNEN EN VROUWEN
knowledge|human interest/society|CANVAS|BELGA SPORT - ROLAND LIBOTON, ALLES GEWONNEN EN TOCH T
sport|cycling (road)|EEN|WIELRENNEN. WK. HARROGATE H.
sport|formula 1|EEN|F1. WK. GP. RUSLAND
sport|all sports|CANVAS|SPORZA
sport|athletics (track/piste)|CANVAS|ATLETIEK. WK. DOHA
fiction|other fiction|EEN|SOMMERSBY
sport|cycling (road)|EEN|WIELRENNEN. WK. HARROGATE D.
knowledge|nature/environment|EEN|AMUR, ASIA'S AMAZON
fiction|science fiction|VIER|INTERSTELLAR
sport|cycling (road)|CANVAS|WIELRENNEN. WK. HARROGATE H.
fiction|psychologic drama/melodrama|CANVAS|DARKEST HOUR
fiction|action|Q2|THE EXPENDABLES 2
sport|all sports|VTM|OVER WINNAARS
sport|football|Q2|VB. BB. 1/16F - ANTWERPEN/LOKEREN
sport|football|CANVAS|VB. BB. 1/16F - BEERSCHOT/ANDERLECHT
sport|football|CANVAS|VB. BB. 1/16F - PAUSE
sport|football|CANVAS|VB. BB. 1/16F
fiction|adventure|Q2|THE MOUNTAIN BETWEEN US
knowledge|philosophy/religion|EEN|CIRCLE OF LIFE - GELOOF
sport|cycling (road)|EEN|WIELRENNEN. WK. HARROGATE
fiction|adventure|VTM|PIRATES OF THE CARIBBEAN, ON STRANGER TIDES
fiction|psychologic drama/melodrama|EEN|THE ZOOKEEPER'S WIFE
fiction|thriller|CANVAS|BLOOD
fiction|fantasy/fairy tale|VIER|FANTASTIC BEASTS AND WHERE TO FIND THEM
fiction|police|EEN|DCI BANKS
sport|football|CANVAS|VB. C3 UEFA SCHIFT - GENT/ST-ETIENNE
sport|football|Q2|VB. C1 UEFA SCHIFT - CL.BRUGGE/GALATASARAY
fiction|action|Q2|RAMBO IV
information|current affair|Q2|TELEFACTS
sport|football|VIER|VB. C1 UEFA SCHIFT - SALZBURG/GENK
sport|football|VIER|VB. C1 UEFA SCHIFT
fiction|thriller|Q2|THE CALL
knowledge|human interest/society|EEN|CIRCLE OF LIFE - ARM & RIJK
sport|other sports|CANVAS|BELGA SPORT - RAYMOND GOETHALS, DE LAATSTE TRUC VAN DE
fiction|adventure|VTM|PIRATES OF THE CARIBBEAN, AT WORLD'S END
sport|cycling (road)|EEN|WIELRENNEN. VUELTA - RIT 21 FUENLABRADA>MADRID
sport|cycling (cross)|EEN|VELDRIJDEN. IOWA (S.)
sport|volleyball|EEN|VOLLEY. EK. H. - SPANJE/BELGIE
fiction|psychologic drama/melodrama|EEN|WHAT'S EATING GILBERT GRAPE
sport|cycling (road)|EEN|WIELRENNEN. VUELTA - RIT 20 ARENAS DE SAN PEDRO>PLATAFORMA DE
sport|cycling (road)|EEN|WIELRENNEN. VUELTA - RIT 19 AVILA>TOLEDO
fiction|erotica|Q2|FIFTY SHADES OF GREY
sport|cycling (road)|EEN|WIELRENNEN. VUELTA - RIT 18 COLMENAR VIEJO>BECERRIL DE LA SIE
sport|cycling (road)|EEN|WIELRENNEN. VUELTA - RIT 17 ARANDA DE DUERO>GUADALAJARA
sport|football|VTM|VB. EK. KWALIF - SCHOTLAND/BELGIE
knowledge|culture/folklore/tradition|EEN|CIRCLE OF LIFE - TRADITIES
sport|cycling (road)|EEN|WIELRENNEN. VUELTA - RIT 16 PRAVIA>ALTO DE LA CUBILLA LENA
sport|cycling (road)|EEN|WIELRENNEN. VUELTA - RIT 15 TINEO>SANTUARIO DEL ACEBO
entertainment|variety|Q2|THE VOICE UK
knowledge|science/geography|CANVAS|THE PLANETS
sport|cycling (road)|EEN|WIELRENNEN. VUELTA - RIT 14 SAN VICENTE DE LA BARQUERA>OVIEDO
fiction|science fiction|EEN|JURASSIC WORLD
knowledge|nature/environment|EEN|BEBE BABOUIN ET SON DROLE DE CLAN
fiction|fantasy/fairy tale|VIER|HARRY POTTER AND THE DEATHLY HALLOWS - PART 1
sport|football|VTM|VB. EK. KWALIF - SAN MARINO/BELGIE
sport|cycling (road)|EEN|WIELRENNEN. VUELTA - RIT 13 BILBAO>LOS MACHUCOS. MONUMENTO VA
sport|athletics (track/piste)|CANVAS|ATLETIEK. MEMORIAL IVO VAN DAMME
fiction|other fiction|CANVAS|JEUNE ET JOLIE
sport|cycling (road)|EEN|WIELRENNEN. VUELTA - RIT 12 CIRCUITO DE NAVARRA>BILBAO
information|current affair|CANVAS|TER ZAKE 25
sport|cycling (road)|EEN|WIELRENNEN. VUELTA - RIT 11 SAINT PALAIS>URDAX-DANTXARINEA
sport|football|Q2|VB. EK. KWALIF. D. - BELGIE/KROATIE
sport|cycling (road)|EEN|WIELRENNEN. VUELTA - RIT 10 JURANCON>PAU
knowledge|philosophy/religion|EEN|CIRCLE OF LIFE - LIEFDE
sport|football|CANVAS|BELGA SPORT - KRC GENK, HET DECENNIUM VAN DE FENIKS
sport|cycling (road)|EEN|WIELRENNEN. VUELTA - RIT 9 ANDORRA LA VELLA>CORTALS D'ENCAMP
sport|volleyball|EEN|VOLLEY. EK. D. - RUSLAND/BELGIE
sport|cycling (cross)|EEN|MOUNTAINBIKE. WK. MONT-SAINT-ANNE
sport|athletics (track/piste)|EEN|VOORUITBLIK MEMORIAL VAN DAMME
information|special event|EEN|HOSPITAL, THE WESTMINSTER TERROR ATTACK
sport|formula 1|CANVAS|F1. WK. GP. BELGIE
lifestyle|travel/tourism|EEN|YORKSHIRE AIRPORT
sport|cycling (road)|EEN|WIELRENNEN. VUELTA - RIT 8 VALLS>IGUALADA
fiction|thriller|CANVAS|DARK HEART
knowledge|nature/environment|EEN|MEMOIRES D'ELEPHANT
fiction|science fiction|EEN|JURASSIC PARK III
fiction|fantasy/fairy tale|VIER|HARRY POTTER AND THE HALF-BLOOD PRINCE
sport|formula 1|EEN|F1. WK. GP. BELGIE (KWALIF.)
sport|cycling (road)|EEN|WIELRENNEN. VUELTA - RIT 7 ONDA>MAS DE LA COSTA
knowledge|medecin/health|VTM|DE KLINIEK
sport|football|CANVAS|VB. C3 UEFA SCHIFT - ANTWERPEN/AZ
lifestyle|travel/tourism|VTM|GOED VERLOF
sport|cycling (road)|EEN|WIELRENNEN. VUELTA - RIT 6 MORA DE RUBIELOS>ARES DEL MAESTRAT
sport|football|Q2|VB. C1 UEFA SCHIFT - CL.BRUGGE/LASK
sport|cycling (road)|EEN|WIELRENNEN. VUELTA - RIT 5 L'ELIANA>OBSERVATORIO ASTROFISICO
lifestyle|home/decorating|VIER|BLIND GEKOCHT NL
sport|cycling (road)|EEN|WIELRENNEN. VUELTA - RIT 4 CULLERA>EL PUIG
lifestyle|travel/tourism|EEN|ESCAPE TO COSTA RICA
sport|football|VIER|VB. C1 UEFA SCHIFT - FK.CRVENA ZVEZDA/BSC.YOUNG BOYS
information|current affair|VTM|BORDER SECURITY (CAN)
fiction|popular drama/comedy|Q2|THE UGLY TRUTH
sport|cycling (road)|EEN|WIELRENNEN. VUELTA - RIT 3 IBI>ALICANTE
knowledge|nature/environment|CANVAS|TRIBES, ANIMALS AND ME
knowledge|nature/environment|EEN|HELDEN VAN DE WILDERNIS
sport|cycling (road)|EEN|WIELRENNEN. VUELTA - RIT 2 BENIDORM>CALPE
sport|cycling (road)|EEN|WIELRENNEN. SCHAAL SELS
sport|athletics (track/piste)|EEN|ATLETIEK. PARIJS (S.)
knowledge|medecin/health|EEN|SUPERHOSPITAL
fiction|science fiction|Q2|THE 5TH WAVE
fiction|police|VIJF|INSTINCT
fiction|popular drama/comedy|VTM|CHEZ BOMPA LAWIJT
knowledge|culture/folklore/tradition|CANVAS|TREASURES OF THE INDUS - THE OTHER SIDE OF THE TAJ MAHAL
sport|hockey|CANVAS|HOCKEY. EK. FIN. H. - BELGIE/SPANJE
fiction|science fiction|EEN|THE LOST WORLD, JURASSIC PARK
fiction|adventure|Q2|A MILLION WAYS TO DIE IN THE WEST
sport|cycling (road)|CANVAS|WIELRENNEN. VUELTA - RIT 1 SALINAS DE TORREVIEJA>TORREVIEJA
lifestyle|travel/tourism|EEN|JAMES MARTIN'S AMERICAN ADVENTURE
fiction|science fiction|VTM|I, ROBOT
fiction|action|CANVAS|MARATHON MAN
knowledge|architecture/urbanism|CANVAS|THE LIFE SIZED CITY - TOKIO
sport|football|Q2|VB. C3 UEFA SCHIFT - AZ/ANTWERPEN
sport|football|Q2|VB. C3 UEFA SCHIFT - STUDIO
knowledge|nature/environment|EEN|ANIMAL BABIES
sport|hockey|CANVAS|HOCKEY. EK. H. - BELGIE/DUITSLAND
fiction|thriller|VTM|D'ARDENNEN
sport|hockey|CANVAS|HOCKEY. EK. D. - BELGIE/SPANJE
sport|football|Q2|VB. C1 UEFA SCHIFT - OLYMPIAKOS/KRASNODAR
sport|football|VIER|VB. C1 UEFA - LASK/FC.BRUGES
sport|hockey|CANVAS|HOCKEY. EK. H. - BELGIE/WALES
sport|cycling (road)|EEN|WIELRENNEN. BINCKBANK TOUR - RIT 7 SINT-PIETERS-LEEUW>GERAARDSBERGEN
knowledge|human interest/society|EEN|WORLD'S BUSIEST
sport|cycling (cross)|EEN|CITY MOUNTAINBIKE. WK. WAREGEM (S.)
entertainment|humour|VTM|TEGEN DE STERREN OP
sport|athletics (track/piste)|EEN|ATLETIEK. BIRMINGHAM
knowledge|culture/folklore/tradition|CANVAS|WOODSTOCK
fiction|adventure|EEN|JURASSIC PARK
sport|cycling (road)|EEN|WIELRENNEN. BINCKBANK TOUR - RIT 6 DEN HAAG>DEN HAAG
fiction|action|VTM|BEVERLY HILLS COP
fiction|psychologic drama/melodrama|VIJF|SAVING MR. BANKS
sport|cycling (road)|EEN|WIELRENNEN. BINCKBANK TOUR - RIT 4 HOUFFALIZE>HOUFFALIZE
sport|football|CANVAS|VB. C3 UEFA SCHIFT - GENT/LARNACA (2HT)
information|current affair|VTM|DE LAATSTE 24 UUR
sport|football|CANVAS|VB. C3 UEFA SCHIFT - GENT/LARNACA (1HT)
sport|football|Q2|VB. C1 UEFA SCHIFT - CL.BRUGGE/KIEV
sport|cycling (road)|EEN|WIELRENNEN. BINCKBANK TOUR - RIT 2 BLANKENBERGE>ARDOOIE
sport|cycling (road)|EEN|WIELRENNEN. BINCKBANK TOUR - RIT 1 BEVEREN>HULST
fiction|psychologic drama/melodrama|EEN|SCHELLEBELLE 1919
sport|cycling (road)|EEN|WIELRENNEN. EK. TIJDRIJDEN ALKMAAR
knowledge|humanities/history|CANVAS|KINDEREN VAN DE COLLABORATIE
fiction|thriller|VITAYA|ONTVOERD
fiction|popular drama/comedy|EEN|HOW TO LOSE A GUY IN 10 DAYS
sport|cycling (road)|EEN|WIELRENNEN. EK. TIJDRIJDEN ALKMAAR D.
fiction|fantasy/fairy tale|VTM|INTO THE WOODS
fiction|thriller|CANVAS|BANCROFT
fiction|fantasy/fairy tale|VIER|HARRY POTTER AND THE PRISONER OF AZKABAN
sport|volleyball|EEN|VOLLEY. EK. KWALIF. H. - BELGIE/NEDERLAND
fiction|adventure|VITAYA|I DREAMED OF AFRICA
entertainment|music|VTM|THE BEST OF THE VOICE WORLDWIDE
fiction|action|CANVAS|APOCALYPSE NOW
sport|cycling (road)|CANVAS|WIELRENNEN. EK. TIJDRIJDEN ALKMAAR
fiction|popular drama/comedy|VTM|I GIVE IT A YEAR
knowledge|human interest/society|CANVAS|CUBA NA CASTRO
sport|football|Q2|VB. C3 UEFA SCHIFT - ANTWERPEN/PLZEN
information|economy/politics/society affairs|EEN|VOETBALMAFFIA
sport|football|Q2|VB. C1 UEFA SCHIFT - CL.BRUGGE/DYNAMO KIEV
knowledge|nature/environment|EEN|OUTBACK
fiction|popular drama/comedy|EEN|LE GENDARME DE SAINT-TROPEZ
fiction|action|VTM|DIE ANOTHER DAY
sport|cycling (road)|EEN|WIELRENNEN. CLASSICA SAN SEBASTIAN
fiction|popular drama/comedy|EEN|THE SCHOOL OF ROCK
fiction|fantasy/fairy tale|VIER|HARRY POTTER AND THE CHAMBER OF SECRETS
fiction|police|EEN|MAIGRET'S DEAD MAN
fiction|action|CANVAS|DAS BOOT
fiction|popular drama/comedy|Q2|TITANIC
entertainment|love/dating|VITAYA|MARRIED AT FIRST SIGHT
sport|football|EEN|VB. C3 UEFA SCHIFT - FC VIITORUL CONSTANTA/AA GENT (2HT)
fiction|thriller|CANVAS|NO COUNTRY FOR OLD MEN
sport|football|EEN|VB. C3 UEFA SCHIFT - FC VIITORUL CONSTANTA/AA GENT (1HT)
knowledge|nature/environment|CANVAS|ISLANDS IN TIME, A WILDLIFE ODYSSEY
knowledge|modern music/dance|CANVAS|BELPOP - NEW BEAT
sport|cycling (road)|EEN|WIELRENNEN. RONDE VAN FRANKRIJK - RIT 21 RAMBOUILLET>PARIS CHAMPS-ELYSEES
fiction|action|VTM|THE WORLD IS NOT ENOUGH
information|special event|EEN|DIT WAS YASMINE
sport|formula 1|EEN|F1. WK. GP. DUITSLAND (S.)
sport|other cycling|EEN|WIELRENNEN. BMX. WK. ZOLDER
fiction|action|VTM|THE GUARDIAN
sport|cycling (road)|EEN|WIELRENNEN. RONDE VAN FRANKRIJK - RIT 20 ALBERTVILLE>VAL THORENS
fiction|action|Q2|MALAVITA
sport|cycling (road)|EEN|WIELRENNEN. RONDE VAN FRANKRIJK - RIT 19 SAINT-JEAN-DE MAURIENNE>TIGNES
fiction|popular drama/comedy|VTM|27 DRESSES
fiction|fantasy/fairy tale|Q2|THE SORCERER'S APPRENTICE
sport|cycling (road)|EEN|WIELRENNEN. RONDE VAN FRANKRIJK - RIT 18 EMBRUN>VALLOIRE
knowledge|nature/environment|EEN|LEEUWENLAND
sport|cycling (road)|CANVAS|WIELRENNEN. RONDE VAN FRANKRIJK - RIT 18 EMBRUN>VALLOIRE
sport|cycling (road)|EEN|WIELRENNEN. RONDE VAN FRANKRIJK - RIT 17 PONT DU GARD>GAP
knowledge|nature/environment|CANVAS|GREEN WARRIORS - INDONESIE, DE SMERIGSTE RIVIER TER WEREL
sport|cycling (road)|EEN|WIELRENNEN. RONDE VAN FRANKRIJK - RIT 16 NIMES>NIMES
knowledge|modern music/dance|CANVAS|BELPOP - LOUIS NEEFS
sport|cycling (road)|EEN|WIELRENNEN. RONDE VAN FRANKRIJK - RIT 15 LIMOUX>FOIX PRAT D'ALBIS
sport|athletics (track/piste)|EEN|ATLETIEK. NACHT HEUSDEN-ZOLDER (S.)
knowledge|nature/environment|EEN|MANTISES, MASTERS OF DECEPTION
information|special event|CANVAS|NATIONAAL DEFILE
knowledge|human interest/society|EEN|WORLD'S BUSIEST - CITIES
sport|cycling (road)|EEN|WIELRENNEN. RONDE VAN FRANKRIJK - RIT 14 TARBES>TOURMALET BAREGES
fiction|fantasy/fairy tale|VTM|PETE'S DRAGON
fiction|action|Q2|3 DAYS TO KILL
fiction|action|VIER|THE SPECIALIST
knowledge|nature/environment|VTM|BORN IN CHINA
sport|cycling (road)|EEN|WIELRENNEN. RONDE VAN FRANKRIJK - RIT 13 PAU>PAU
sport|cycling (road)|CANVAS|WIELRENNEN. RONDE VAN FRANKRIJK - RIT 13 PAU>PAU
information|economy/politics/society affairs|CANVAS|UNDERCOVER OP DE BRITSE ZWARTE MARKT - WIE VERKOOPT AL DIE NAMAAKSPULLEN
sport|cycling (road)|EEN|WIELRENNEN. RONDE VAN FRANKRIJK - RIT 12 TOULOUSE>BAGNERES-DE-BIGORRE
entertainment|variety|VTM|HET GROOTSTE LICHT
sport|cycling (road)|EEN|WIELRENNEN. RONDE VAN FRANKRIJK - RIT 11 ALBI>TOULOUSE
lifestyle|home/decorating|EEN|WORLD'S WEIRDEST HOMES
sport|athletics (field/cross)|EEN|ATLETIEK. NAIMETTE (S.)
lifestyle|travel/tourism|CANVAS|ERSIN IN WONDERLAND
knowledge|nature/environment|EEN|EVENAAR, EEN LIJN VOL LEVEN
knowledge|nature/environment|CANVAS|WILD METROPOLIS
sport|cycling (road)|EEN|WIELRENNEN. RONDE VAN FRANKRIJK - RIT 10 SAINT-FLOUR>ALBI
knowledge|human interest/society|EEN|TERUG NAAR SIBERIE
sport|cycling (road)|EEN|WIELRENNEN. RONDE VAN FRANKRIJK - RIT 9 SAINT-ETIENNE>BRIOUDE
fiction|action|VTM|GOLDENEYE
fiction|action|VIER|HOT PURSUIT
sport|cycling (road)|EEN|WIELRENNEN. RONDE VAN FRANKRIJK - RIT 8 MACON>SAINT-ETIENNE
fiction|drama/comedy|VTM|WATER FOR ELEPHANTS
fiction|action|VTM|SPEED
fiction|adventure|EEN|HOOTEN & THE LADY
fiction|horror|Q2|THE EXORCISM OF MOLLY HARTLEY
sport|cycling (road)|EEN|WIELRENNEN. RONDE VAN FRANKRIJK - RIT 7 BELFORT>CHALON-SUR-SAONE
knowledge|human interest/society|CANVAS|TERUG NAAR SAUDI-ARABIE
fiction|popular drama/comedy|VTM|BRIDGET JONES, THE EDGE OF REASON
fiction|popular drama/comedy|VIER|WE'RE THE MILLERS
sport|cycling (road)|EEN|WIELRENNEN. RONDE VAN FRANKRIJK - RIT 6 MULHOUSE>LA PLANCHE DES BELLES FIL
sport|cycling (road)|CANVAS|WIELRENNEN. RONDE VAN FRANKRIJK - RIT 6 MULHOUSE>LA PLANCHE DES BELLES FIL
entertainment|talk|VTM|LANG LEVE
fiction|thriller|Q2|BLACKHAT
sport|cycling (road)|EEN|WIELRENNEN. RONDE VAN FRANKRIJK - RIT 5 SAINT-DIE-DES-VOSGES>COLMAR
sport|tennis|EEN|TENNIS. WIMBLEDON (S.)
lifestyle|cooking/food/drink|VIER|GRILLMASTERS
sport|cycling (road)|EEN|WIELRENNEN. RONDE VAN FRANKRIJK - RIT 4 REIMS>NANCY
fiction|adventure|Q2|THE LIBRARIAN, QUEST FOR THE SPEAR
sport|cycling (road)|EEN|WIELRENNEN. RONDE VAN FRANKRIJK - RIT 3 BINCHE>EPERNAY
sport|cycling (road)|EEN|WIELRENNEN. RONDE VAN FRANKRIJK - RIT 2 BRUSSEL KONINKLIJK PALEIS>BRUSSEL
sport|football|CANVAS|VB. WK. D. FIN. - USA/NEDERLAND
fiction|science fiction|VTM|DAWN OF THE PLANET OF THE APES
entertainment|love/dating|VIER|LOVE ISLAND - FINALE
sport|cycling (road)|EEN|WIELRENNEN. RONDE VAN FRANKRIJK - RIT 1 BRUSSEL>BRUSSEL
sport|cycling (road)|CANVAS|WIELRENNEN. RONDE VAN FRANKRIJK - RIT 1 BRUSSEL>BRUSSEL
fiction|fantasy/fairy tale|VTM|NIGHT AT THE MUSEUM, SECRET OF THE TOMB
knowledge|sports|EEN|MERCI MERCKX
fiction|thriller|VIER|THE DEPARTED
fiction|popular drama/comedy|VTM|THE LOVE PUNCH
fiction|popular drama/comedy|VTM|BRIDGET JONES'S DIARY
entertainment|love/dating|VIER|LOVE ISLAND
fiction|thriller|Q2|ANGELS & DEMONS
sport|cycling (road)|EEN|WIELRENNEN. RONDE VAN FRANKRIJK - PLOEGENVOORSTELLING
entertainment|game|CANVAS|CAMPUS CUP
knowledge|human interest/society|CANVAS|SAHARA - TERUG NAAR AGADEZ
entertainment|variety|EEN|OP NAAR DE 100!
knowledge|nature/environment|CANVAS|SAHARA - HET KRAAMBED VAN AFRIKA
knowledge|humanities/history|CANVAS|HITLER JEUGD, HET KINDERLEGER VAN DE NAZI'S
sport|cycling (road)|EEN|WIELRENNEN. BK. GENT. H.
knowledge|travel/tourism|EEN|IN ROME
sport|cycling (road)|EEN|WIELRENNEN. BK. GENT. D.
fiction|science fiction|VTM|RISE OF THE PLANET OF THE APES
sport|cycling (road)|CANVAS|WIELRENNEN. BK. GENT. D.
entertainment|humour|VIER|ALEX AGNEW, UNFINISHED BUSINESS - DEEL 3
fiction|action|EEN|SPIDER-MAN
sport|football|EEN|VB. WK. 1/4F D. - ITALIE/NEDERLAND
fiction|fantasy/fairy tale|VTM|INSIDE OUT
sport|football|CANVAS|VB. WK. 1/4F D. - DUITSLAND/ZWEDEN
fiction|action|VTM|MISSION IMPOSSIBLE III
fiction|thriller|CANVAS|ENNEMI PUBLIC
fiction|fantasy/fairy tale|Q2|47 RONIN
sport|football|CANVAS|VB. WK. 1/4F D. - FRANKRIJK/USA
fiction|action|Q2|THE EXPENDABLES
knowledge|humanities/history|EEN|NOTRE-DAME, IN FLAMES
sport|cycling (road)|EEN|WIELRENNEN. HALLE-INGOOIGEM
fiction|adventure|VTM|NATIONAL TREASURE
knowledge|sports|CANVAS|DE KLEEDKAMER - RONDE VAN FRANKRIJK
knowledge|nature/environment|EEN|AFRICA
sport|motorcross|EEN|MOTORCROSS. WK. GP. DUITSLAND
sport|football|CANVAS|VB. WK. 1/8F D. - FRANKRIJK/BRAZILIE
sport|formula 1|EEN|F1. WK. GP. FRANKRIJK (S.)
sport|football|EEN|VB. EK. U21 SCHIFT. - BELGIE/ITALIE
sport|football|EEN|VB. EK. U21 SCHIFT. - PAUSE
fiction|action|VTM|THE KARATE KID (2010)
knowledge|nature/environment|CANVAS|LOCH NESS
fiction|action|VIER|THE DARK KNIGHT
fiction|action|Q2|NEVER SAY NEVER AGAIN
knowledge|economy/politics/society affairs|EEN|WIJ WILLEN OOK WERKEN
fiction|popular drama/comedy|VTM|LAST HOLIDAY
knowledge|nature/environment|CANVAS|CLIMATE CHANGE, THE FACTS
sport|cycling (road)|EEN|WIELRENNEN. RONDE VAN BELGIE - RIT 5 TONGEREN>BERINGEN
sport|cycling (road)|EEN|WIELRENNEN. DAUPHINE LIBERE - RIT 8 CLUSES>CHAMPERY
fiction|action|VTM|BATTLESHIP
sport|football|CANVAS|VB. EK. U21 SCHIFT. - POLEN/BELGIE
sport|football|CANVAS|VB. EK. U21 SCHIFT.
sport|cycling (road)|EEN|WIELRENNEN. RONDE VAN BELGIE - RIT 4 SERAING>SERAING
sport|cycling (road)|EEN|WIELRENNEN. DAUPHINE LIBERE - ET.7 SAINT-GENIX-LES-VILLAGES>LES SEPT-L
fiction|popular drama/comedy|EEN|AUGUST RUSH
fiction|action|VIER|BATMAN BEGINS
fiction|action|VIER|FIRE DOWN BELOW
sport|cycling (road)|EEN|WIELRENNEN. DAUPHINE LIBERE - RIT 6 SAINT-VULBAS PLAINE DE L'AIN>SAINT
sport|cycling (road)|EEN|WIELRENNEN. RONDE VAN BELGIE - RIT 3 GRIMBERGEN>GRIMBERGEN
sport|cycling (road)|EEN|WIELRENNEN. DAUPHINE LIBERE - RIT 5 BOEN-SUR-LIGNON>VOIRON
sport|cycling (road)|EEN|WIELRENNEN. RONDE VAN BELGIE - RIT 2 KNOKKE-HEIST>ZOTTEGEM
fiction|action|VTM|TAKEN
sport|cycling (road)|EEN|WIELRENNEN. DAUPHINE LIBERE - RIT 4 ROANNE>ROANNE
sport|cycling (road)|EEN|WIELRENNEN. RONDE VAN BELGIE - RIT 1 SINT-NIKLAAS>KNOKKE-HEIST
sport|football|VTM|VB. EK. KWALIF - BELGIE/SCHOTLAND
knowledge|humanities/history|CANVAS|D-DAY, OPERATION OVERLORD
sport|cycling (road)|EEN|WIELRENNEN. DAUPHINE LIBERE - RIT 3 LE PUY-EN-VELAY>RIOM
sport|cycling (road)|EEN|WIELRENNEN. DAUPHINE LIBERE - RIT 2 MAURIAC>CRAPONNE-SUR-ARZON
sport|football|VTM|VB. NATIONS LEAGUE UEFA FIN - PORTUGAL/NEDERLAND
sport|cycling (road)|EEN|WIELRENNEN. DAUPHINE LIBERE - RIT 1 AURILLAC>JUSSAC
sport|football|VTM|VB. NATIONS LEAGUE UEFA FIN
sport|cycling (road)|EEN|WIELRENNEN. HAMMER SERIES
sport|rally|EEN|AUTO. RALLY MAROKKO
sport|football|VTM|VB. EK. KWALIF - BELGIE/KAZACHSTAN
fiction|popular drama/comedy|EEN|SPANGLISH
fiction|popular drama/comedy|VIER|HERBIE FULLY LOADED
fiction|popular drama/comedy|VTM|COMING TO AMERICA
fiction|action|VTM|CAPTAIN AMERICA, THE FIRST AVENGER
sport|football|CANVAS|VB. WK. SCHIFT. D. - FRANKRIJK/ZUID-KOREA
sport|football|CANVAS|VB. WK. SCHIFT. D. - PAUSE
sport|athletics (track/piste)|EEN|ATLETIEK. ROME (S.)
fiction|action|VTM|HACKSAW RIDGE
knowledge|philosophy/religion|CANVAS|VDB, IK BEN GOD NIET
entertainment|variety|VTM|DE NACHT VAN TEGEN DE STERREN OP
sport|boxing|EEN|BOKSEN. NEW YORK
knowledge|humanities/history|CANVAS|AMERICAN HISTORY'S BIGGEST FIBS
knowledge|travel/tourism|CANVAS|ON THE ROAD ZONDER JACK
sport|football|Q2|VB. C1 UEFA FIN - TOTTENHAM/LIVERPOOL
sport|football|Q2|VB. C1 UEFA FIN
fiction|police|VTM|DE BUURTPOLITIE, DE GROTE GELDROOF
fiction|popular drama/comedy|EEN|THE PURSUIT OF HAPPYNESS
fiction|action|VTM|VOLCANO
fiction|thriller|CANVAS|THE FLATEY ENIGMA
fiction|action|VIER|INTO THE STORM
fiction|action|Q2|YOU ONLY LIVE TWICE
fiction|popular drama/comedy|VIER|DON'T WORRY, BE HAPPY
entertainment|variety|VTM|WOUT!
fiction|action|Q2|XXX, RETURN OF XANDER CAGE
sport|football|CANVAS|VB. C3 UEFA FIN - CHELSEA/ARSENAL
sport|football|CANVAS|VB. C3 UEFA FIN - PAUSE
sport|football|CANVAS|VB. C3 UEFA FIN - STUDIO
knowledge|travel/tourism|EEN|WITHOUT LIMITS, AUSTRALIA
fiction|popular drama/comedy|VTM|PITCH PERFECT 2
information|current affair|VTM|JAMBERS IN DE POLITIEK
information|special event|EEN|KIES19
information|general news|VTM|EXTRA NIEUWS - DE STEM VAN VLAANDEREN
information|general news|EEN|VRT NIEUWS UPDATE - VERKIEZINGEN 2019
knowledge|medecin/health|VITAYA|AMBULANCE
fiction|adventure|Q2|SAHARA
sport|cycling (road)|CANVAS|WIELRENNEN. GP. MARCEL KINT
sport|cycling (road)|CANVAS|WIELRENNEN. HAMMER SERIES
fiction|police|VIJF|CRIME SCENE INVESTIGATION
information|economy/politics/society affairs|EEN|HET GROTE DEBAT
fiction|popular drama/comedy|EEN|50 FIRST DATES
knowledge|nature/environment|EEN|INSECT WORLD
entertainment|classical arts|CANVAS|KONINGIN ELISABETH WEDSTRIJD - FINALE
fiction|popular drama/comedy|VTM|SEX TAPE
fiction|police|ZES|NAVY NCIS
fiction|popular drama/comedy|Q2|DIRTY GRANDPA
fiction|action|VIER|THE LONE RANGER
information|special event|EEN|IEDEREEN KIEST
information|economy/politics/society affairs|CANVAS|ZINZEN EN VAN CAUWELAERT BIJ IVAN
information|economy/politics/society affairs|VTM|DE GROTE GELDENQUETE
knowledge|nature/environment|EEN|MONTY DON'S PARADISE GARDENS
sport|other auto sports|EEN|AUTO. DTM ZOLDER
knowledge|nature/environment|EEN|EAGLES, MASTERS OF THE SKIES
fiction|popular drama/comedy|VTM|TRADING PLACES
fiction|action|VTM|THE AMAZING SPIDER-MAN
fiction|action|Q2|DJANGO UNCHAINED
fiction|popular drama/comedy|VIJF|MAID IN MANHATTAN
fiction|action|Q2|GOLDFINGER
lifestyle|mode/lifestyle|EEN|A HOTEL FOR THE SUPER RICH AND FAMOUS
knowledge|human interest/society|CANVAS|FISKEPARK
entertainment|music|EEN|ELIOT, DE WEG NAAR TEL AVIV
lifestyle|show business/variety/stars|VTM|SUCCESRIJK! VLAAMSE ONDERNEMERS IN HET BUITENLAND
fiction|popular drama/comedy|Q2|MATROESJKA'S
knowledge|nature/environment|EEN|LET'S GO WILD - DER AMUR-TIGER
knowledge|nature/environment|EEN|EARTH FROM SPACE
fiction|thriller|CANVAS|INFORMER
fiction|action|Q2|KILLERS
lifestyle|cooking/food/drink|VTM|OPEN KEUKEN MET SANDRA BEKKARI
entertainment|talk|EEN|VAN GILS & GASTEN
information|economy/politics/society affairs|VTM|POP-UP RECHTBANK
sport|football|CANVAS|VB. C3 UEFA 1/2F - CHELSEA/FRANKFURT
sport|football|CANVAS|VB. C3 UEFA 1/2F - STUDIO
sport|football|CANVAS|EUROPA LEAGUE MAGAZINE
sport|football|Q2|VB. C1 UEFA 1/2F - AJAX/TOTTENHAM
sport|football|VIER|VB. C1 UEFA 1/2F - LIVERPOOL/FC.BARCELONA
sport|football|VIER|VB. C1 UEFA 1/2F - STUDIO
knowledge|nature/environment|EEN|LET'S GO WILD - ASIAN ELEPHANTS, THE THOUGHTFUL GIANTS
knowledge|human interest/society|EEN|MENSEN VERZETTEN BERGEN - BUURMAN, WAT DOET U NU?
knowledge|medecin/health|VITAYA|VERSLAAFD!
fiction|action|VIER|THE HUNGER GAMES, MOCKINGJAY, PART 1
sport|athletics (track/piste)|EEN|ATLETIEK. DOHA (S.)
fiction|action|Q2|PIRATES OF THE CARIBBEAN, ON STRANGER TIDES
sport|football|CANVAS|VB. C3 UEFA 1/2F - FRANKFURT/CHELSEA
sport|football|EEN|VB. BB. FIN - GENT/KV.MECHELEN
knowledge|human interest/society|EEN|HORIZON - HOW TO FIND LOVE ONLINE
sport|football|Q2|VB. C1 UEFA 1/2F - FC.BARCELONA/LIVERPOOL
sport|football|VIER|VB. C1 UEFA 1/2F - TOTTENHAM/AJAX
sport|football|VIER|VB. C1 UEFA 1/2F
sport|cycling (road)|EEN|WIELRENNEN. LUIK-BASTENAKEN-LUIK
fiction|popular drama/comedy|EEN|MEET THE PARENTS
fiction|action|VIER|THE HUNGER GAMES, CATCHING FIRE
knowledge|human interest/society|EEN|MENSEN VERZETTEN BERGEN, A DAY TO REMEMBER
sport|cycling (road)|EEN|WIELRENNEN. WAALSE PIJL
sport|all sports|CANVAS|EXTRA TIME KOERS
information|special event|EEN|ZELFDE DEUR, ZOVEEL JAAR LATER
knowledge|economy/business|CANVAS|STARBUCKS UNFILTERED
sport|tennis|EEN|TENNIS. FED CUP - BELGIE/SPANJE
fiction|fantasy/fairy tale|VTM|ALICE THROUGH THE LOOKING GLASS
lifestyle|medecin/health|VITAYA|EMBARRASSING BODIES
fiction|thriller|CANVAS|STHLM REQUIEM
fiction|popular drama/comedy|Q2|WHY HIM?
fiction|action|Q2|THE AVENGERS
lifestyle|mode/lifestyle|VITAYA|STEENRIJK, STRAATARM
sport|football|CANVAS|VB. C3 UEFA 1/4F - NAPELS/ARSENAL
entertainment|talk|VIER|CONTROL PEDRO
entertainment|humour|CANVAS|DE IDEALE WERELD AAN ZEE
sport|football|CANVAS|VB. C3 UEFA 1/4F - STUDIO
sport|football|Q2|VB. C1 UEFA 1/4F - MANCHESTER C./TOTTENHAM
fiction|popular drama/comedy|VIER|GENT WEST
knowledge|nature/environment|EEN|ROND DE NOORDZEE
sport|other cycling|EEN|BELGA SPORT - TOM BOONEN, DE WONDERJAREN
sport|cycling (track/piste)|CANVAS|WIELRENNEN. PISTE WK. MEXICO - WERELDRECORDPOGING, VICTOR CAMPENAERTS
sport|football|VIER|VB. C1 UEFA 1/4F - FC.BARCELONA/MANCHESTER C.
knowledge|science/geography|CANVAS|WERELDRECORD
knowledge|culture/folklore/tradition|EEN|JOANNA LUMLEY'S INDIA
fiction|action|VTM|PATRIOTS DAY
knowledge|nature/environment|CANVAS|EARTH'S GREAT RIVERS
knowledge|nature/environment|EEN|BIG CATS ABOUT THE HOUSE
fiction|popular drama/comedy|EEN|JUST LIKE HEAVEN
fiction|thriller|VIER|DE PREMIER
fiction|action|VTM|MEN IN BLACK III
information|general news|CANVAS|NACHTWACHT
fiction|fantasy/fairy tale|VIER|THE CHRONICLES OF NARNIA
sport|football|CANVAS|VB. C3 UEFA 1/4F - ARSENAL/NAPOLI
lifestyle|human interest/society|EEN|20 KIDS AND COUNTING
sport|football|Q2|VB. C1 UEFA 1/4F - MANCHESTER/ FC.BARCELONA
knowledge|culture/folklore/tradition|EEN|BARGOENS
sport|football|VIER|VB. C1 UEFA 1/4F - TOTTENHAM/MANCHESTER C.
sport|football|VIER|VB. C1 UEFA 1/4F - STUDIO
knowledge|humanities/history|CANVAS|TERUG NAAR RWANDA
sport|cycling (road)|CANVAS|DE KLEEDKAMER - PARIJS-ROUBAIX 2011
sport|all sports|EEN|SPECIAL OLYMPICS
sport|cycling (road)|CANVAS|WIELRENNEN. RONDE VAN VLAANDEREN H.
fiction|action|VTM|THE AMAZING SPIDER-MAN 2
fiction|popular drama/comedy|EEN|THE AVIATOR
fiction|psychologic drama/melodrama|VIJF|THE LIGHT BETWEEN OCEANS
fiction|action|VIER|HERCULES
sport|cycling (road)|CANVAS|DE KLEEDKAMER - RONDE VAN VLAANDEREN 1978
sport|cycling (road)|EEN|RONDE 102
fiction|action|EEN|THE MAN FROM U.N.C.L.E.
fiction|science fiction|Q2|STAR TREK
sport|cycling (road)|EEN|WIELRENNEN. E-3 PRIJS HARELBEKE
information|traffic/transport|VIER|TRAFIEK AXEL
entertainment|love/dating|VTM|BLIND DATE
entertainment|variety|VTM|STUDIO TARARA, DE SKETCH SHOW
entertainment|variety|VTM|STUDIO TARARA
sport|cycling (road)|CANVAS|DE KLEEDKAMER - GENT-WEVELGEM 1998
sport|football|VTM|VB. EK. KWALIF - CYPRUS/BELGIE
fiction|popular drama/comedy|EEN|THE HUNDRED-FOOT JOURNEY
sport|football|VTM|VB. EK. KWALIF - BELGIE/RUSLAND
entertainment|love/dating|VIER|HOTEL ROMANTIEK
knowledge|medecin/health|CANVAS|THERAPIE
knowledge|humanities/history|CANVAS|APRES HITLER
sport|other auto sports|EEN|AUTO. RALLY BK. SPA (S.)
sport|formula 1|EEN|F1. WK. GP. AUSTRALIA
sport|cycling (road)|EEN|WIELRENNEN. PARIJS-NICE - RIT 7 NICE>COL DU TURINI
fiction|thriller|EEN|ENTRAPMENT
knowledge|nature/environment|EEN|HOLLAND, ONDER DE ZEESPIEGEL
fiction|action|VIER|300, RISE OF AN EMPIRE
fiction|popular drama/comedy|Q2|KEEPING UP WITH THE JONESES
sport|cycling (road)|EEN|WIELRENNEN. PARIJS-NICE - RIT 6 PEYNIER>BRIGNOLES
sport|football|CANVAS|VB. C3 UEFA 1/8F - INTERNAZIONALE/FRANKFURT
sport|football|Q2|VB. C1 UEFA 1/8F - BAYERN/LIVERPOOL
sport|cycling (road)|EEN|WIELRENNEN. PARIJS-NICE - RIT 4 VICHY>PELUSSIN
sport|football|VIER|VB. C1 UEFA 1/8F - JUVENTUS/AT.MADRID
sport|cycling (road)|EEN|WIELRENNEN. PARIJS-NICE - RIT 3 CEPOY>MOULINS/YZEURE
sport|football|VIER|VB. C1 UEFA 1/8F
information|current affair|EEN|DE VEILIGHEID VAN HET LAND
sport|cycling (road)|EEN|WIELRENNEN. PARIJS-NICE - RIT 1 SAINT-GERMAIN-EN-LAYE>SAINT-GERMAI
sport|basketball|EEN|BASKET. BB. FIN - OOSTENDE/ANTWERP
knowledge|nature/environment|EEN|HOLLAND, NATUUR IN DE DELTA
knowledge|human interest/society|CANVAS|LEAVING NEVERLAND
fiction|action|VIER|GLADIATOR
fiction|police|VTM|COLD CASE - WIE HEEFT SALLY VERMOORD?
sport|football|CANVAS|VB. C3 UEFA 1/8F - NAPELS/SALZBURG
sport|football|CANVAS|VB. C3 UEFA 1/8F - STUDIO
knowledge|culture/folklore/tradition|EEN|EVIVA ESPANA
sport|football|Q2|VB. C1 UEFA 1/8F - PARIS-ST-G./MANCHESTER
sport|football|Q2|VB. C1 UEFA 1/8F - PORTO/AS.ROMA (S.)
sport|football|VIER|VB. C1 UEFA 1/8F - R.MADRID/AJAX
lifestyle|show business/variety/stars|VTM|ALLOO BIJ... - PATRICK LEFEVRE
sport|cycling (road)|EEN|WIELRENNEN. DWARS DOOR HAGELAND D. (S.)
sport|other fighting sports|CANVAS|BELGA SPORT - HET EK JUDO VAN 1997, ALLEEN GOUD IS GOE
sport|athletics (track/piste)|EEN|ATLETIEK. EK. GLASGOW
sport|cycling (track/piste)|EEN|WIELRENNEN. BAAN WK. PRUSZKOW (S.)
fiction|action|VTM|THE EXPENDABLES 3
sport|cycling (track/piste)|EEN|WIELRENNEN. BAAN WK. PRUSZKOW
sport|athletics (track/piste)|CANVAS|ATLETIEK. EK. GLASGOW
fiction|action|VIER|ROBIN HOOD
information|current affair|CANVAS|WEG UIT DUBAI, HET MYSTERIE VAN DE VERMISTE PRINSES
knowledge|medecin/health|CANVAS|MISDAADDOKTERS - GETUIGEN VAN LEVEN EN DOOD
lifestyle|show business/variety/stars|VTM|ALLOO BIJ... - JEAN-MARIE DEDECKER
knowledge|humanities/history|CANVAS|DE VAL VAN HET REICH
sport|cycling (cross)|EEN|VELDRIJDEN. OOSTMALLE H. (S.)
sport|athletics (field/cross)|EEN|VELDLOPEN. BRUSSEL
entertainment|variety|Q2|AMERICA'S GOT TALENT, THE CHAMPIONS
fiction|thriller|CANVAS|THE TRUTH WILL OUT
fiction|popular drama/comedy|EEN|DATE NIGHT
sport|cycling (cross)|EEN|VELDRIJDEN. WAREGEM (S.)
sport|football|CANVAS|VB. C3 UEFA 1/16F - GENK/SL.PRAHA
sport|football|CANVAS|VB. C3 UEFA 1/16F - SALZBURG/CL.BRUGGE (1HT)
sport|football|OP 12|VB. C3 UEFA 1/16F - SALZBURG/CL.BRUGGE (2HT)
sport|football|Q2|VB. C1 UEFA 1/8F - AT.MADRID/JUVENTUS
sport|football|VIER|VB. C1 UEFA 1/8F - LIVERPOOL/BAYERN
knowledge|human interest/society|CANVAS|HANNE DANST
knowledge|human interest/society|VTM|LOTGENOTEN
lifestyle|travel/tourism|EEN|REIZEN WAES EUROPA
fiction|erotica|VTM|FIFTY SHADES OF GREY
fiction|popular drama/comedy|EEN|INVICTUS
sport|football|CANVAS|VB. C3 UEFA 1/16F - CL.BRUGGE/SALZBOURG
fiction|popular drama/comedy|VIER|DE DAG
sport|football|CANVAS|VB. C3 UEFA 1/16F - SL.PRAHA/GENK (1HT)
sport|football|OP 12|VB. C3 UEFA 1/16F - SL.PRAHA /GENK (2HT)
sport|football|Q2|VB. C1 UEFA 1/8F - TOTTENHAM/DORTMUND
knowledge|medecin/health|CANVAS|MISDAADDOKTERS - VAN SNIJTAFEL TOT RECHTBANK
sport|football|Q2|VB. C1 UEFA 1/8F - AJAX/R.MADRID (S.)
entertainment|humour|EEN|URBANUS ZELF!
sport|football|VIER|VB. C1 UEFA 1/8F - MANCHESTER UNITED/PARIS SAINT -GERMAIN
sport|cycling (road)|CANVAS|BELGA SPORT - TOM BOONEN, DE WONDERJAREN
sport|athletics (field/cross)|EEN|VELDLOPEN. ROTSELAAR
sport|cycling (cross)|EEN|VELDRIJDEN. HOOGSTRATEN D. (S.)
knowledge|nature/environment|EEN|ALASKA, A YEAR IN THE WILD
fiction|fantasy/fairy tale|VTM|ICE AGE, COLLISION COURSE
fiction|popular drama/comedy|EEN|SLIDING DOORS
fiction|action|VTM|SPEED II - CRUISE CONTROL
knowledge|human interest/society|VTM|ECHTE MENSEN, NIEUW LEVEN
knowledge|medecin/health|CANVAS|MISDAADDOKTERS - PLAATS DELICT
entertainment|humour|EEN|URBANUS 70
information|general news|VTM|30 JAAR VTM NIEUWS
sport|cycling (cross)|EEN|VELDRIJDEN. BOGENSE H.
sport|tennis|EEN|DREAM BIG, DE WEEK VAN DE DAVISCUPPLOEG
sport|cycling (cross)|EEN|VELDRIJDEN. BOGENSE D. - ELITE
sport|cycling (cross)|EEN|VELDRIJDEN. BOGENSE H. - BELOFTEN
fiction|popular drama/comedy|EEN|FORREST GUMP
sport|cycling (cross)|CANVAS|VELDRIJDEN. BOGENSE H. - BELOFTEN
fiction|popular drama/comedy|VTM|MONEY MONSTER
sport|cycling (cross)|EEN|VELDRIJDEN. BOGENSE H. - JUNIOREN
information|special event|VTM|30 JAAR VTM
fiction|popular drama/comedy|VTM|EDDIE THE EAGLE
lifestyle|travel/tourism|EEN|OP WEG MET JAN - IJSLAND
sport|cycling (cross)|CANVAS|EXTRA TIME CROSS
sport|basketball|CANVAS|VB. BB. 1/2F - OOSTENDE/GENT
sport|basketball|CANVAS|VB. BB. 1/2F
sport|basketball|Q2|VB. BB. 1/2F - UNION ST-GILLOISE/KV.MECHELEN
lifestyle|leisure/hobby|EEN|BLOED, ZWEET & LUXEPROBLEMEN
fiction|thriller|VTM|NO ESCAPE
fiction|popular drama/comedy|EEN|THE BEST EXOTIC MARIGOLD HOTEL
fiction|thriller|VTM|DEJA VU
fiction|police|CANVAS|LUTHER
knowledge|human interest/society|CANVAS|DE WEEKENDEN
lifestyle|travel/tourism|EEN|OP WEG MET JAN - MAROKKO
sport|basketball|CANVAS|VB. BB. 1/2F - GENT/OOSTENDE
sport|basketball|CANVAS|VB. BB. 1/2F - STUDIO
lifestyle|cooking/food/drink|VTM|SOFIE IN DE KEUKEN VAN... - BART KAELL & LUC APPERMONT
sport|basketball|Q2|VB. BB. 1/2F - KV.MECHELEN/UNION ST-GILLOISE
knowledge|human interest/society|EEN|VOOR IK HET VERGEET
knowledge|technology/computing|CANVAS|FACEBOOK EN IK
sport|cycling (cross)|EEN|VELDRIJDEN. PONT-CHATEAU H. (S.)
sport|cycling (cross)|EEN|VELDRIJDEN. PONT-CHATEAU D. (S.)
fiction|action|VTM|AVENGERS, AGE OF ULTRON
lifestyle|cooking/food/drink|EEN|JAMIE'S QUICK AND EASY FOOD
fiction|action|Q2|BAD BOYS II
fiction|popular drama/comedy|VITAYA|DYING YOUNG
fiction|police|EEN|HINTERLAND
fiction|action|VIER|POMPEII
knowledge|nature/environment|VIER|BARTEL IN HET WILD
sport|cycling (cross)|EEN|VELDRIJDEN. KRUIBEKE H.
sport|cycling (cross)|EEN|VELDRIJDEN. KRUIBEKE - BELOFTEN H.
sport|all sports|EEN|SPORTJAAR 2018, BRONZEN BELGEN
fiction|action|VTM|THE GUNMAN
sport|cycling (cross)|EEN|VELDRIJDEN. KRUIBEKE D.
sport|cycling (cross)|EEN|VELDRIJDEN. KRUIBEKE
knowledge|nature/environment|EEN|BAND OF BEARS
fiction|action|EEN|BRAVEHEART
fiction|thriller|CANVAS|GREYZONE
fiction|thriller|VIER|THE GIRL WITH THE DRAGON TATOO
fiction|thriller|VTM|DOUBLE JEOPARDY
fiction|action|Q2|TRANSPORTER II
lifestyle|cooking/food/drink|VTM|SOFIE IN DE KEUKEN VAN... - MANOE FRATEUR
knowledge|human interest/society|VIER|ONZE DOCHTER HEET DELPHINE
sport|volleyball|EEN|VOLLEY. EK. KWALIF. - BELGIE/ISRAEL
fiction|action|VTM|EVEREST
fiction|popular drama/comedy|EEN|CRAZY, STUPID, LOVE
fiction|fantasy/fairy tale|VTM|MINIONS
entertainment|humour|CANVAS|JAN JAAP VAN DER WAL, SCHOON
fiction|action|Q2|MISSION IMPOSSIBLE III
fiction|popular drama/comedy|VITAYA|LAST HOLIDAY
fiction|popular drama/comedy|VIER|THE HANGOVER PART III
lifestyle|cooking/food/drink|VTM|SOFIE IN DE KEUKEN VAN... - EVI HANSSEN
fiction|science fiction|Q2|SNOWPIERCER
fiction|psychologic drama/melodrama|CANVAS|MY BRILLIANT FRIEND
entertainment|game|EEN|MASTERCHEF, THE PROFESSIONALS
knowledge|classical arts|CANVAS|DE KUNSTDETECTIVE
knowledge|media|EEN|DANK DAT U BIJ ONS WAS
sport|cycling (cross)|EEN|VELDRIJDEN. GP. SVEN NYS
sport|all sports|EEN|SPORTJAAR 2018, BLINKENDE BELGEN
sport|cycling (cross)|CANVAS|VELDRIJDEN. GP. SVEN NYS
sport|jumping|EEN|PAARDENSPORT. JUMPING MECHELEN (S.)
entertainment|music|VTM|NIELS DESTADSBADER, DERTIG
entertainment|variety|VTM|RODE NEUZEN DAG XL
entertainment|humour|CANVAS|VAN PEEL OVERLEEFT 2018
fiction|adventure|EEN|NIGHT AT THE MUSEUM - BATTLE OF THE SMITHSONIAN
knowledge|humanities/history|CANVAS|UNDERWATER POMPEII
entertainment|variety|Q2|AMERICA'S GOT TALENT
sport|cycling (cross)|EEN|VELDRIJDEN. DIEGEM (S.)
fiction|psychologic drama/melodrama|EEN|MOULIN ROUGE!
fiction|fantasy/fairy tale|VITAYA|A CINDERELLA CHRISTMAS
entertainment|variety|VTM|THE VOICE SENIOR - THE FINAL
sport|cycling (cross)|EEN|VELDRIJDEN. LOENHOUT
fiction|psychologic drama/melodrama|EEN|VANITY FAIR
information|general news|CANVAS|JAAROVERZICHT
sport|all sports|EEN|SPORZA JAAROVERZICHT
entertainment|humour|VTM|OESJE!
lifestyle|cooking/food/drink|VTM|DE FEESTKEUKEN VAN SOFIE
fiction|fantasy/fairy tale|VITAYA|A PRINCE FOR CHRISTMAS
entertainment|game|EEN|DE 3 WIJZEN
fiction|science fiction|Q2|E.T. - THE EXTRA-TERRESTRIAL
fiction|popular drama/comedy|VTM|NOTTING HILL
fiction|popular drama/comedy|VTM|DESPICABLE ME 2
entertainment|variety|EEN|MUSIC FOR LIFE
entertainment|music|EEN|ANDRE RIEU, HOME FOR CHRISTMAS
fiction|popular drama/comedy|VIER|MUPPETS MOST WANTED
entertainment|circus/magic & paranormal|CANVAS|CIRQUE DU SOLEIL, WORLDS AWAY
knowledge|nature/environment|CANVAS|EARTH
fiction|popular drama/comedy|VTM|LOVE ACTUALLY
fiction|psychologic drama/melodrama|EEN|BOYCHOIR
fiction|popular drama/comedy|VTM|PADDINGTON
fiction|action|Q2|LUCY
fiction|popular drama/comedy|VIER|FOUR CHRISTMASES
fiction|thriller|EEN|THE WITNESS FOR THE PROSECUTION
entertainment|variety|VIER|GERT LAST YEAR
lifestyle|travel/tourism|EEN|OP WEG MET JAN - SRI LANKA
fiction|popular drama/comedy|EEN|MRS. BROWN'S BOYS
fiction|police|VIER|LUCIFER
sport|football|Q2|VB. BB. 1/4F - R.UNION ST-GILLOISE/GENK
lifestyle|travel/tourism|EEN|WITHOUT LIMITS, VIETNAM
entertainment|dance|VTM|DANCE AS ONE
entertainment|talk|EEN|DIE HUIS - VERONIQUE DE KOCK
knowledge|humanities/history|CANVAS|KINDEREN VAN DE KOLONIE
fiction|psychologic drama/melodrama|EEN|VINCENT
knowledge|technology/computing|CANVAS|TEAM SCHEIRE
fiction|psychologic drama/melodrama|EEN|IN VLAAMSE VELDEN
sport|cycling (cross)|EEN|VELDRIJDEN. ZONHOVEN
sport|hockey|EEN|HOCKEY. WK. FIN - BELGIE/NEDERLAND
entertainment|music|EEN|HELMUT LOTTI, SOUL CLASSICS IN SYMPHONY
sport|gymnastic|EEN|GYM. ANTWERPEN
sport|hockey|EEN|HOCKEY. WK. 1/2F H. - BELGIE/ENGELAND
entertainment|talk|VIER|VAN ROSSEM
lifestyle|travel/tourism|EEN|OP WEG MET JAN - ALBANIE
sport|football|CANVAS|VB. C3 UEFA SCHIFT - GENK/SARPSBORG (1HT)
sport|football|CANVAS|VB. C3 UEFA SCHIFT - ZAGREB/ANDERLECHT
sport|football|KETNET|VB. C3 UEFA SCHIFT - GENK/SARPSBORG (2HT)
sport|football|Q2|VB. C1 UEFA SCHIFT - AJAX/BAYERN
entertainment|talk|EEN|DIE HUIS - MARGRIET HERMANS
sport|football|ZES|VB. C1 UEFA SCHIFT - CL.BRUGGE/AT.MADRID
fiction|psychologic drama/melodrama|EEN|PAULINE & PAULETTE
knowledge|economy/business|EEN|INSIDE BENTLEY, A GREAT BRITISH MOTOR CAR
fiction|psychologic drama/melodrama|EEN|KALMTE KAN U REDDEN
sport|athletics (field/cross)|EEN|VELDLOPEN. EK. TILBURG. D (S.)
sport|athletics (field/cross)|EEN|VELDLOPEN. EK. TILBURG. H (S.)
information|economy/politics/society affairs|EEN|EXTRA JOURNAAL - CRISIS IN DE WETSTRAAT
information|economy/politics/society affairs|VTM|EXTRA NIEUWS - CRISIS MICHEL I
entertainment|dance|VIER|DANCING WITH THE STARS - DE FINALE
entertainment|talk|EEN|VAN GILS & DE COLLEGA'S
knowledge|human interest/society|CANVAS|CHRIS LOMME, EEN REVERENCE
sport|football|Q2|VB. BB. 1/8F - CHARLEROI/GENK
sport|football|EEN|VB. BB. 1/8F (S.)
entertainment|talk|EEN|DIE HUIS - PIET HUYSENTRUYT
sport|football|CANVAS|VB. BB. 1/8F - GENT/BEERSCHOT
sport|cycling (cross)|EEN|VELDRIJDEN. MOL
sport|hockey|EEN|HOCKEY. WB. INDIA (S.)
fiction|police|VTM|DE BUURTPOLITIE, OPERATIE MANDARIJN
sport|cycling (cross)|EEN|VELDRIJDEN. HASSELT (S.)
fiction|popular drama/comedy|VTM|FINDING DORY
fiction|adventure|Q2|THE MAZE RUNNER
sport|football|CANVAS|VB. C3 UEFA SCHIFT - MALMO/GENK
sport|football|CANVAS|VB. C3 UEFA SCHIFT - STUDIO
sport|football|Q2|VB. C1 UEFA SCHIFT - DORTMUND/CL.BRUGGE
entertainment|talk|EEN|DIE HUIS - FILIP PEETERS
knowledge|economy/business|VTM|SUCCESRIJK! TOPONDERNEMERS IN VLAANDEREN
sport|football|VIER|VB. C1 UEFA SCHIFT - AS.ROMA/R.MADRID
sport|athletics (field/cross)|EEN|VELDLOPEN. ROESELARE
knowledge|human interest/society|EEN|CRECHES SAUVAGES, DES BEBES DANS NOS CAMPAGNES
fiction|action|VTM|THE HUNGER GAMES, MOCKINGJAY, PART 2
fiction|psychologic drama/melodrama|EEN|LITTLE BUDDHA
entertainment|variety|VIER|TIPSY
fiction|thriller|Q2|NERVE
knowledge|human interest/society|EEN|OLLY ALEXANDER, GROWING UP GAY
entertainment|talk|EEN|DIE HUIS - ZUHAL DEMIR
sport|football|VTM|VB. NATIONS LEAGUE UEFA - ZWITSERLAND/BELGIE
fiction|psychologic drama/melodrama|EEN|THE YOUNG VICTORIA
fiction|psychologic drama/melodrama|VITAYA|HACHIKO, A DOG'S STORY
knowledge|human interest/society|EEN|CHARLES, PRINS, ZOON EN TROONOPVOLGER
entertainment|talk|EEN|DIE HUIS - STEFAAN DEGAND
knowledge|humanities/history|EEN|NOOIT MEER TEN OORLOG
sport|cycling (cross)|CANVAS|VELDRIJDEN. GAVERE
information|special event|EEN|EXTRA JOURNAAL - HERDENKING WO I
knowledge|humanities/history|CANVAS|WE WILL REMEMBER THEM
fiction|thriller|EEN|THE PELICAN BRIEF
entertainment|game|VTM|THE VOICE KIDS - THE BATTLE
fiction|action|Q2|BLOOD FATHER
sport|football|CANVAS|VB. C3 UEFA SCHIFT - GENK/BESIKTAS
sport|football|CANVAS|VB. C3 UEFA SCHIFT - FENERBAHCE/ANDERLECHT
knowledge|human interest/society|EEN|LEVEN ACHTER DE TRALIES, HET BEZOEKUUR
sport|football|Q2|VB. C1 UEFA SCHIFT - JUVENTUS/MANCHESTER
sport|football|VIER|VB. C1 UEFA SCHIFT - MONACO/CL.BRUGGE
sport|cycling (cross)|EEN|VELDRIJDEN. EK. ROSMALEN H.
sport|cycling (cross)|EEN|VELDRIJDEN. EK. ROSMALEN D.
sport|gymnastic|EEN|GYM. WK. DOHA
sport|rally|EEN|AUTO. RALLY CONDROZ-HUY (S.)
knowledge|nature/environment|EEN|NATURE'S GREATEST TALENTS - SMART & SAFE
fiction|comedy|VTM|THE TUXEDO
fiction|action|Q2|SALT
knowledge|human interest/society|CANVAS|DANNY IN DE BUITENWIJKEN
information|general news|LA UNE|LE 19.30
information|general news|RTL-TVI|RTL INFO 19H
knowledge|nature/environment|LA UNE|LE JARDIN EXTRAORDINAIRE
lifestyle|show business/variety/stars|RTL-TVI|DES BELGES EN OR
fiction|thriller|LA UNE|LES FANTOMES DU HAVRE
fiction|police|RTL-TVI|NCIS, ENQUETES SPECIALES
information|general news|LA UNE|LE 13 HEURES
information|general news|RTL-TVI|RTL INFO 13H
sport|all sports|LA UNE|WEEK-END SPORTIF
lifestyle|show business/variety/stars|TF1|SEPT A HUIT - LIFE
entertainment|game|TF1|LES 12 COUPS DE MIDI!
information|current affair|TF1|SEPT A HUIT
fiction|action|TF1|DIE HARD, BELLE JOURNEE POUR MOURIR
lifestyle|home/decorating|RTL-TVI|LA MAISON DE MES REVES
lifestyle|gardening|LA UNE|JARDINS ET LOISIRS
information|current affair|AB3|REPORTERS
fiction|thriller|RTL-TVI|UN CRIME PARFAIT?
information|general news|TF1|LE 20 HEURES
knowledge|human interest/society|TF1|REPORTAGES DECOUVERTE
lifestyle|pets|TF1|SANS COLLIER
sport|handball|EEN|HANDBALL. EK. KWALIF H. - BELGIE/KROATIE
sport|cycling (cross)|EEN|VELDRIJDEN. NEERPELT (S.)
fiction|adventure|EEN|KON-TIKI
fiction|comedy|VTM|MR. POPPER'S PENGUINS
fiction|horror|Q2|VICTOR FRANKENSTEIN
sport|football|CANVAS|VB. C3 UEFA SCHIFT - BESIKTAS/GENK
sport|football|OP 12|VB. C3 UEFA SCHIFT - ANDERLECHT/FENERBAHCE (2HT)
sport|football|CANVAS|VB. C3 UEFA SCHIFT - ANDERLECHT/FENERBAHCE (1HT)
sport|football|CANVAS|VB. C3 UEFA SCHIFT
sport|football|Q2|VB. C1 UEFA - CL.BRUGGE/MONACO
knowledge|human interest/society|EEN|SCHOOL FOR STAMMERERS
sport|football|Q2|UEFA CHAMPIONS LEAGUE
knowledge|humanities/history|EEN|LAST DAYS
sport|football|VIER|VB. C1 UEFA SCHIFT - MANCHESTER/JUVENTUS
sport|football|VIER|VB. C1 UEFA SCHIFT - STUDIO
knowledge|humanities/history|CANVAS|APOCALYPS, DE EERSTE WERELDOORLOG - VERLOSSING
sport|formula 1|EEN|F1. WK. GP. VERENIGDE STATEN (S.)
knowledge|nature/environment|EEN|LIFE AT THE LIMITS
entertainment|talk|CANVAS|ALLEEN ELVIS BLIJFT BESTAAN
fiction|action|Q2|THE BOURNE SUPREMACY
knowledge|economy/business|CANVAS|DE VAL, 10 JAAR NA DE CRISIS
sport|football|VTM|VB. VRIEND - BELGIE/NEDERLAND
sport|football|VTM|VB. VRIEND
knowledge|humanities/history|CANVAS|APOCALYPS, DE EERSTE WERELDOORLOG - VUUR
information|economy/politics/society affairs|EEN|KOPSTUKKENDEBAT
information|economy/politics/society affairs|EEN|KIES18
information|economy/politics/society affairs|VTM|STEM 2018
information|economy/politics/society affairs|VTM|EXTRA NIEUWS - STEM 2018
sport|cycling (cross)|EEN|VELDRIJDEN. GIETEN (S.)
information|economy/politics/society affairs|EEN|EXTRA JOURNAAL - VERKIEZINGEN 2018
knowledge|culture/folklore/tradition|CANVAS|RITUALS - THE POWER OF NATURE
knowledge|humanities/history|CANVAS|ANCIENT INVISIBLE CITIES - CAIRO
fiction|adventure|Q2|VIKINGS
lifestyle|show business/variety/stars|VITAYA|RICH HOUSE, POOR HOUSE
fiction|comedy|Q2|THE BIG BANG THEORY
fiction|popular drama/comedy|VITAYA|MEET MY VALENTINE
fiction|thriller|CANVAS|RIG 45
sport|football|VTM|VB. NATIONS LEAGUE UEFA - BELGIE/ZWITSERLAND
fiction|popular drama/comedy|VIJF|THE PRINCESS DIARIES II
fiction|thriller|VITAYA|CLEVELAND ABDUCTION
knowledge|humanities/history|CANVAS|APOCALYPS, DE EERSTE WERELDOORLOG - DE HEL
knowledge|human interest/society|CANVAS|BELGA SPORT - SVEN NYS, DE GEBOORTE VAN DE KANNIBAAL
sport|cycling (cross)|VTM|VELDRIJDEN. RONSE H.
sport|cycling (cross)|VTM|VELDRIJDEN. RONSE D.
fiction|action|EEN|MAVERICK
knowledge|nature/environment|EEN|BORNEO'S SECRET KINGDOM - KING OF THE SWAMP
fiction|action|VIER|LONE SURVIVOR
fiction|adventure|VIER|NATIONAL TREASURE II, BOOK OF SECRETS
fiction|action|VTM|CHAIN REACTION
sport|football|CANVAS|VB. C3 UEFA SCHIFT - SARPSBORG/GENK
sport|football|CANVAS|VB. C3 UEFA SCHIFT - ANDERLECHT/ZAGREB (1HT)
sport|football|OP 12|VB. C3 UEFA SCHIFT - ANDERLECHT/ZAGREB (2HT)
information|economy/politics/society affairs|VTM|HET GROOTSTE DEBAT
sport|football|Q2|VB. C1 UEFA SCHIFT - AT.MADRID/CL.BRUGGE
knowledge|human interest/society|VTM|JONG GEWELD
knowledge|humanities/history|CANVAS|APOCALYPS, DE EERSTE WERELDOORLOG - ANGST
sport|football|ZES|VB. C1 UEFA SCHIFT - MANCHESTER/VALENCIA
sport|cycling (road)|VTM|WIELRENNEN. BINCHE-CHIMAY-BINCHE
knowledge|human interest/society|CANVAS|BELGA SPORT - 4X100 METER, DE LANGE WEG NAAR GOUD
sport|cycling (road)|EEN|WIELRENNEN. WK. INNSBRUCK. H.
sport|cycling (cross)|EEN|VELDRIJDEN. WK. IOWA
fiction|psychologic drama/melodrama|EEN|STILL ALICE
sport|cycling (road)|EEN|WIELRENNEN. WK. INNSBRUCK. D.
knowledge|nature/environment|EEN|BORNEO'S SECRET KINGDOM - EMPIRE OF THE SUN
fiction|popular drama/comedy|VTM|DIRTY DANCING
sport|basketball|CANVAS|BASKET. WK. D. - BELGIE/USA
fiction|science fiction|VIER|MAN OF STEEL
fiction|police|EEN|PROFILAGE
knowledge|nature/environment|EEN|WILD FRANCE
sport|football|Q2|VB. BB. 1/16F - ANDERLECHT/R.UNION ST-GILLOISE
sport|cycling (road)|CANVAS|WIELRENNEN. WK. INNSBRUCK. H.
sport|football|Q2|VB. BB. 1/16F
sport|football|CANVAS|VB. BB. 1/16F - KV.MECHELEN/ANTWEERP
knowledge|humanities/history|CANVAS|APOCALYPS, DE EERSTE WERELDOORLOG - RAZERNIJ
entertainment|talk|CANVAS|DANK DAT U BIJ ONS WAS
sport|cycling (road)|EEN|WIELRENNEN. WK. INNSBRUCK. D. (S.)
sport|basketball|EEN|BASKET. WK. D. (S.)
fiction|popular drama/comedy|EEN|LEGENDS OF THE FALL
knowledge|nature/environment|EEN|BORNEO'S SECRET KINGDOM - FOREST OF THE FLYING SNAKES
fiction|thriller|CANVAS|CRAITH
sport|cycling (road)|VTM|WIELRENNEN. EUROMETROPOLE
entertainment|music|VTM|BAZART, HET BEGIN VOORBIJ
fiction|adventure|VIER|PIRATES OF THE CARIBBEAN, THE CURSE OF THE BLACK PEARL
sport|football|CANVAS|VB. C3 UEFA SCHIFT - SPARTAK TRNAVA/ANDERLECHT
sport|football|CANVAS|VB. C3 UEFA SCHIFT - GENK/MALMO (1HT)
entertainment|love/dating|VTM|KOPPELS
sport|football|Q2|VB. C1 UEFA SCHIFT - R.MADRID/AS.ROMA
sport|football|VIER|VB. C1 UEFA SCHIFT - CL.BRUGGE/DORTMUND
entertainment|talk|CANVAS|VOOR DE MANNEN
sport|cycling (cross)|VTM|VELDRIJDEN. GERAARDSBERGEN
knowledge|nature/environment|EEN|SPY IN THE WILD - MISCHIEF
fiction|action|EEN|MISSION IMPOSSIBLE III
sport|cycling (road)|EEN|WIELRENNEN. VUELTA - RIT 20 ANDORRA. ESCALDES-ENGORDANY> COLL
fiction|action|VIER|CAPTAIN AMERICA, THE WINTER SOLDIER
fiction|popular drama/comedy|VIJF|ME BEFORE YOU
sport|cycling (road)|EEN|WIELRENNEN. VUELTA - RIT 19 LLEIDA>ANDORRA NATURLANDIA
fiction|psychologic drama/melodrama|CANVAS|WALK THE LINE
fiction|science fiction|VIER|GUARDIANS OF THE GALAXY
sport|cycling (road)|EEN|WIELRENNEN. VUELTA - RIT 17 GETXO>BALCON DE BIZKAIA
fiction|popular drama/comedy|VIJF|SEX TAPE
sport|cycling (road)|EEN|WIELRENNEN. VUELTA - RIT 15 RIBERA DE ARRIBA>LAGOS DE COVADON
sport|cycling (cross)|EEN|MOUNTAINBIKE. WK. ZWITSERLAND (S.)
knowledge|nature/environment|EEN|SPY IN THE WILD - FRIENDSHIP
fiction|popular drama/comedy|EEN|THE BRIDGES OF MADISON COUNTY
sport|cycling (road)|EEN|WIELRENNEN. VUELTA - RIT 14 CISTIERNA>LES PRAERES DE NAVA
fiction|fantasy/fairy tale|VIER|PAN
fiction|science fiction|Q2|OBLIVION
fiction|fantasy/fairy tale|VTM|SHREK FOREVER AFTER
fiction|popular drama/comedy|VIER|THE HANGOVER
sport|football|VTM|VB. VRIEND - SCHOTLAND/BELGIE
sport|cycling (road)|EEN|WIELRENNEN. VUELTA - RIT 13 CANDAS CARRENO>LA CAMPERONA
fiction|action|VTM|THE TAKING OF PELHAM 123
sport|cycling (road)|EEN|WIELRENNEN. VUELTA - RIT 12 MONDONEDO>FARO DE ESTACA DE BARES
sport|cycling (road)|EEN|WIELRENNEN. VUELTA - RIT 11 MOMBUEY>RIBEIRA SACRA LUINTRA
fiction|popular drama/comedy|VIJF|OH MY GOD
information|current affair|EEN|KINDERZIEKENHUIS
information|current affair|CANVAS|PANORAMA
sport|cycling (road)|EEN|WIELRENNEN. VUELTA - RIT 9 TALAVERA DE LA REINA>LA COVATILLA
lifestyle|cooking/food/drink|EEN|RICK STEIN'S ROAD TO MEXICO
knowledge|humanities/history|CANVAS|ITALY'S INVISIBLE CITIES - FLORENCE
lifestyle|travel/tourism|EEN|JIMMY DOHERTY'S ESCAPE TO THE WILD
knowledge|human interest/society|CANVAS|WHERE THE WILD MEN ARE
knowledge|nature/environment|EEN|DE AARDE VANUIT DE HEMEL - MAROKKO
knowledge|nature/environment|EEN|SPY IN THE WILD - INTELLIGENCE
sport|cycling (road)|EEN|WIELRENNEN. VUELTA - RIT 8 LINARES>ALMADEN
fiction|other fiction|CANVAS|VIHTA
fiction|popular drama/comedy|EEN|EVERYBODY HAPPY
fiction|thriller|VTM|WANTED
sport|cycling (road)|EEN|WIELRENNEN. VUELTA - RIT 7 PUERTO-LUMBRERAS>POZO ALCON
fiction|fantasy/fairy tale|VTM|BIG HERO 6
entertainment|variety|EEN|HET ZOMERT MET...
entertainment|game|VTM|MILJONAIR
sport|football|Q2|VB. C3 UEFA SCHIFT - BORDEAUX/GENT
sport|cycling (road)|EEN|WIELRENNEN. VUELTA - RIT 6 HUERCAL-OVERA>MAR MENOR
lifestyle|home/decorating|EEN|THE WORLD'S MOST EXTRAORDINARY HOMES
sport|cycling (road)|EEN|WIELRENNEN. VUELTA - RIT 5 GRANADA>ROQUETAS DE MAR
sport|football|Q2|VB. C1 UEFA SCHIFT - EINDHOVEN/BATE
knowledge|humanities/history|CANVAS|APOCALYPSE STALIN
sport|cycling (road)|EEN|WIELRENNEN. VUELTA - RIT 4 VELEZ-MALAGA>SIERRA DE LA ALFAGUAR
sport|football|VIER|VB. C1 UEFA SCHIFT - KIEV/AJAX
sport|cycling (road)|EEN|WIELRENNEN. VUELTA - RIT 3 MIJAS>ALHAURIN DE LA TORRE
knowledge|human interest/society|VIER|DE SOLLICITATIE
knowledge|nature/environment|CANVAS|SOUTH AFRICA - KILLERS OF THE KALAHARI
knowledge|nature/environment|EEN|ZOO AUSTRALIE
sport|cycling (road)|EEN|WIELRENNEN. VUELTA - RIT 2 MARBELLA>CAMINITO DEL REY
knowledge|nature/environment|EEN|THE WONDER OF ANIMALS - BIRDS OF PREY
fiction|thriller|CANVAS|INNOCENT
knowledge|nature/environment|EEN|SPY IN THE WILD - LOVE
fiction|action|Q2|MACHETE KILLS
sport|cycling (road)|CANVAS|WIELRENNEN. RONDE VAN SPANJE - RIT 1 MALAGA>MALAGA
fiction|police|EEN|GEORGE GENTLY
fiction|action|VTM|THE HUNGER GAMES, MOCKINGJAY, PART 1
sport|cycling (road)|EEN|WIELRENNEN. GREAT WAR REMEMBRANCE RACE - RIT 5 SINT-PIETERS-LEEUW>LANAKEN
fiction|action|VTM|NOVEMBER MAN
fiction|popular drama/comedy|Q2|GOOD KIDS
knowledge|human interest/society|CANVAS|UNITED SHADES OF AMERICA
fiction|action|Q2|SPIDER-MAN III
sport|football|Q2|VB. C1 UEFA SCHIFT - AJAX/KIEV
knowledge|nature/environment|CANVAS|WILD SPAIN - THE MEDITERRANEAN SOUTH
lifestyle|travel/tourism|EEN|SECOND CHANCE SUMMER, TUSCANY
sport|football|VIER|VB. C1 UEFA SCHIFT - BATE/PSV
fiction|thriller|CANVAS|THE BRIDGE
sport|cycling (road)|EEN|WIELRENNEN. BINCKBANK TOUR - RIT 7 LACS DE L'EAU D'HEURE>GERAARDSBERG
entertainment|game|VTM|ALTIJD PRIJS
knowledge|humanities/history|CANVAS|CALLAS-KENNEDY-ONASSIS, DEUX REINES POUR UN ROI
knowledge|architecture/urbanism|CANVAS|ITALY'S INVISIBLE CITIES - NAPLES
knowledge|nature/environment|EEN|DE AARDE VANUIT DE HEMEL - DE MIDDELLANDSE ZEE
sport|cycling (road)|EEN|WIELRENNEN. BINCKBANK TOUR - RIT 6 RIEMST>SITTARD-GELEEN
fiction|fantasy/fairy tale|EEN|EDWARD SCISSORHANDS
knowledge|nature/environment|EEN|WILD MEXICO - BURNING NORTH
fiction|science fiction|Q2|TOTAL RECALL
fiction|action|VIER|SUPERMAN RETURNS
sport|cycling (road)|EEN|WIELRENNEN. BINCKBANK TOUR - RIT 5 SINT-PIETERS-LEEUW>LANAKEN
fiction|science fiction|VTM|ELYSIUM
sport|cycling (road)|EEN|WIELRENNEN. BINCKBANK TOUR - RIT 4 BLANKENBERGE>ARDOOIE
fiction|action|Q2|THE KARATE KID
sport|football|Q2|VB. SUPER EB - R.MADRID/AT.MADRID
sport|cycling (road)|EEN|WIELRENNEN. BINCKBANK TOUR - RIT 3 AALTER>ANTWERPEN
sport|football|Q2|VB. SUPER EB
sport|football|Q2|VB. C1 UEFA SCHIFT - AJAX/STANDARD
sport|cycling (road)|EEN|WIELRENNEN. BINCKBANK TOUR - RIT 1 HEERVENVEEN>BOLSWARD
knowledge|nature/environment|CANVAS|SOUTH AFRICA - CLASH OF CURRENTS
sport|cycling (road)|EEN|DE EUROPESE KAMPIOENSCHAPPEN - WIELRENNEN.
sport|athletics (track/piste)|CANVAS|DE EUROPESE KAMPIOENSCHAPPEN - ATLETIEK.
sport|all sports|CANVAS|DE EUROPESE KAMPIOENSCHAPPEN
fiction|adventure|VTM|SHANGHAI KNIGHTS
sport|gymnastic|CANVAS|DE EUROPESE KAMPIOENSCHAPPEN - GYM.
knowledge|nature/environment|EEN|WILD MEXICO - FORESTS OF THE MAYA
fiction|comedy|VTM|GOOD MORNING, VIETNAM
knowledge|nature/environment|EEN|WILD SARDINIA
sport|other sports|CANVAS|DE EUROPESE KAMPIOENSCHAPPEN - TRIATHLON.
fiction|action|Q2|FANTASTIC FOUR II - RISE OF THE SILVER SURFER
fiction|science fiction|VIER|INCEPTION
fiction|thriller|VTM|NOW YOU SEE ME
fiction|psychologic drama/melodrama|VIJF|GRACE OF MONACO
entertainment|game|VIER|HET ZIJN NET MENSEN
fiction|thriller|EEN|HOW TO GET AWAY WITH MURDER
sport|cycling (track/piste)|EEN|DE EUROPESE KAMPIOENSCHAPPEN - WIELRENNEN. BAAN.  ELIMINATION RACE H
sport|football|Q2|VB. C1 UEFA - STANDARD/AJAX
sport|cycling (track/piste)|EEN|DE EUROPESE KAMPIOENSCHAPPEN - WIELRENNEN. BAAN.  KEIRIN H
sport|cycling (track/piste)|EEN|DE EUROPESE KAMPIOENSCHAPPEN - WIELRENNEN. BAAN.  MADISON D
sport|cycling (track/piste)|CANVAS|DE EUROPESE KAMPIOENSCHAPPEN - WIELRENNEN. BAAN. OMNIUM D.
sport|cycling (road)|EEN|DE EUROPESE KAMPIOENSCHAPPEN - WIELRENNEN. WEG D.
fiction|comedy|VTM|THIS MEANS WAR
sport|gymnastic|CANVAS|DE EUROPESE KAMPIOENSCHAPPEN - TURNEN. VLOER D.
knowledge|nature/environment|EEN|WILD MEXICO - MOUNTAIN WORLDS
fiction|psychologic drama/melodrama|VTM|THE SHAWSHANK REDEMPTION
fiction|comedy|VIJF|RUMOR HAS IT
fiction|action|Q2|SABOTAGE
fiction|action|VIER|THE LAST SAMURAI
sport|cycling (track/piste)|CANVAS|DE EUROPESE KAMPIOENSCHAPPEN - WIELRENNEN. BAAN. 3000M ACHTERVOLGING D.
fiction|comedy|VTM|TOOTH FAIRY
fiction|action|Q2|OUTCAST
sport|cycling (track/piste)|CANVAS|DE EUROPESE KAMPIOENSCHAPPEN - WIELRENNEN. BAAN H.
knowledge|nature/environment|CANVAS|OVER DE RUG VAN DE ANDES
knowledge|science/geography|CANVAS|FORCES OF NATURE
fiction|comedy|VTM|LEGALLY BLONDE
knowledge|nature/environment|CANVAS|DROLES DE RENCONTRES DANS LA SAVANE
knowledge|human interest/society|CANVAS|LOUIS THEROUX - MY SCIENTOLOGY MOVIE
knowledge|humanities/history|CANVAS|BOUDEWIJN, NAAR HET HART VAN DE KONING
knowledge|humanities/history|CANVAS|PUBLIEK GEHEIM - HET KRANKZINNIGENKERKHOF VAN REKEM
sport|cycling (road)|EEN|WIELRENNEN. RONDE VAN FRANKRIJK - RIT 21 HOUILLES>PARIS CHAMPS-ELYSEES
sport|cycling (road)|CANVAS|WIELRENNEN. RONDE VAN FRANKRIJK - RIT 21 HOUILLES>PARIS CHAMPS-ELYSEES
fiction|action|VTM|THE DAY AFTER TOMORROW
sport|cycling (road)|EEN|WIELRENNEN. RONDE VAN FRANKRIJK - RIT 20 SAINT-PEE-SUR-NIVELLE>ESPELETTE
fiction|action|EEN|YOU ONLY LIVE TWICE
knowledge|nature/environment|EEN|BORN TO SWIM
fiction|police|ZES|NCIS, NEW ORLEANS
fiction|adventure|VTM|ICE AGE 4, CONTINENTAL DRIFT
sport|cycling (road)|EEN|WIELRENNEN. RONDE VAN FRANKRIJK - RIT 19 LOURDES>LARUNS
fiction|comedy|EEN|LE GENDARME ET LES GENDARMETTES
sport|cycling (road)|EEN|WIELRENNEN. RONDE VAN FRANKRIJK - RIT 18 TRIE-SUR-BAISE>PAU
sport|cycling (road)|EEN|WIELRENNEN. RONDE VAN FRANKRIJK - RIT 17 BAGNERES-DE-LUCHON>COL DU PORTET
fiction|thriller|VTM|DE BEHANDELING
fiction|action|Q2|EXTRACTION
sport|cycling (road)|EEN|WIELRENNEN. RONDE VAN FRANKRIJK - RIT 16 CARCASSONNE>BAGNERES-DE-LUCHON
knowledge|modern music/dance|CANVAS|BELPOP - ANN CHRISTY
information|current affair|CANVAS|FOREIGN CORRESPONDENT
sport|cycling (road)|EEN|WIELRENNEN. RONDE VAN FRANKRIJK - RIT 15 MILLAU>CARCASSONNE
fiction|action|VIER|MAC GYVER
sport|cycling (road)|EEN|WIELRENNEN. RONDE VAN FRANKRIJK - RIT 14 SAINT-PAUL-TROIS-CHATEAUX>MENDE
fiction|action|EEN|DIAMONDS ARE FOREVER
fiction|comedy|VTM|DADDY'S HOME
fiction|action|Q2|MAN OF TAI CHI
fiction|psychologic drama/melodrama|VTM|JERRY MAGUIRE
fiction|action|VIER|HEAT
sport|cycling (road)|EEN|WIELRENNEN. RONDE VAN FRANKRIJK - RIT 13 BOURG D'OISANS>VALENCE
fiction|science fiction|EEN|LE GENDARME ET LES EXTRA-TERRESTRES
fiction|thriller|Q2|DYING OF THE LIGHT
sport|cycling (road)|EEN|WIELRENNEN. RONDE VAN FRANKRIJK - RIT 12 BOURG-SAINT-MAURICE>ALPE D'HUEZ
fiction|action|Q2|HALF PAST DEAD
sport|cycling (road)|EEN|WIELRENNEN. RONDE VAN FRANKRIJK - RIT 11 ALBERTVILLE>LA ROSIERE
fiction|action|VTM|I SPY
knowledge|humanities/history|CANVAS|EEUWIGE VIJANDEN, IRAN VS. SAUDI-ARABIE
sport|cycling (road)|EEN|WIELRENNEN. RONDE VAN FRANKRIJK - RIT 10 ANNECY>LE GRAND-BORNAND
sport|cycling (road)|CANVAS|WIELRENNEN. RONDE VAN FRANKRIJK - RIT 10 ANNECY>LE GRAND-BORNAND
knowledge|modern music/dance|CANVAS|BELPOP - THE SCABS
knowledge|nature/environment|CANVAS|WILD COLOMBIA - CHIRIBIQUETE, JOURNEY TO THE HEART OF TH
sport|football|EEN|VB. WK. FIN - FRANKRIJK/KROATIE
sport|football|EEN|VB. WK. FIN
sport|cycling (road)|CANVAS|WIELRENNEN. RONDE VAN FRANKRIJK - RIT 9 ARRAS>ROUBAIX
sport|football|EEN|VB. WK. FIN - STUDIO
information|general news|CANVAS|HET 7 UUR-JOURNAAL
sport|all sports|CANVAS|VILLA SPORZA
information|special event|VTM|EXTRA NIEUWS - BEDANKT DUIVELS
sport|football|EEN|VB. WK. B.FIN - BELGIE/ENGELAND
sport|football|EEN|VB. WK. B.FIN
sport|cycling (road)|EEN|WIELRENNEN. RONDE VAN FRANKRIJK - RIT 8 DREUX>AMIENS
knowledge|human interest/society|EEN|DWARS DOOR AMERIKA
sport|football|EEN|VB. WK. B.FIN - STUDIO
fiction|action|EEN|NEVER SAY NEVER AGAIN
fiction|police|CANVAS|SCOTT & BAILEY
sport|cycling (road)|CANVAS|WIELRENNEN. RONDE VAN FRANKRIJK - RIT 8 DREUX>AMIENS
fiction|adventure|VITAYA|THE BLUE LAGOON
fiction|popular drama/comedy|VIJF|PRETTY WOMAN
sport|cycling (road)|EEN|WIELRENNEN. RONDE VAN FRANKRIJK - RIT 7 FOUGERES>CHARTRES
sport|cycling (road)|CANVAS|WIELRENNEN. RONDE VAN FRANKRIJK - RIT 7 FOUGERES>CHARTRES
lifestyle|cooking/food/drink|EEN|JAMES MARTIN'S FRENCH ADVENTURE
fiction|popular drama/comedy|EEN|LE GENDARME EN BALADE
sport|cycling (road)|EEN|WIELRENNEN. RONDE VAN FRANKRIJK - RIT 6 BREST>MUR DE BRETAGNE GUERLEDAN
fiction|popular drama/comedy|CANVAS|PAULINE A LA PLAGE
sport|football|EEN|VB. WK. 1/2F - KROATIE/ENGELAND
sport|football|EEN|VB. WK. 1/2F
sport|cycling (road)|EEN|WIELRENNEN. RONDE VAN FRANKRIJK - RIT 5 LORIENT>QUIMPER
fiction|police|EEN|PERCEPTION
sport|football|EEN|VB. WK. 1/2F - FRANKRIJK/BELGIE
sport|football|EEN|VB. WK. 1/2F - STUDIO
sport|cycling (road)|EEN|WIELRENNEN. RONDE VAN FRANKRIJK - RIT 4 LA BAULE>SARZEAU
sport|cycling (road)|EEN|WIELRENNEN. RONDE VAN FRANKRIJK - RIT 3 CHOLET>CHOLET
knowledge|modern music/dance|CANVAS|BELPOP - WILL TURA
knowledge|nature/environment|CANVAS|WILD COLOMBIA - SERRANIA DE LA MACARENA, NATURE'S TREASU
sport|cycling (road)|EEN|WIELRENNEN. RONDE VAN FRANKRIJK - RIT 2 MOUILLERON-SAINT-GERMAIN>LA ROCHE-
fiction|action|VTM|2 GUNS
lifestyle|cooking/food/drink|EEN|RICK STEIN, TASTE OF SHANGHAI
knowledge|medecin/health|VITAYA|KINDERZIEKENHUIS
sport|football|EEN|VB. WK. 1/4F - RUSLAND/KROATIE
sport|football|EEN|VB. WK. 1/4F - ZWEDEN/ENGELAND
fiction|adventure|EEN|BORN TO RUN
sport|cycling (road)|EEN|WIELRENNEN. RONDE VAN FRANKRIJK - RIT 1 NOIRMOUTIER-EN-L'ILE>FONTENAY-LE-C
sport|cycling (road)|CANVAS|WIELRENNEN. RONDE VAN FRANKRIJK - RIT 1 NOIRMOUTIER-EN-L'ILE>FONTENAY-LE-C
fiction|popular drama/comedy|VTM|ALEXANDER AND THE TERRIBLE, HORRIBLE, NO GOOD, VERY BAD DAY
fiction|adventure|EEN|PAPILLON
fiction|thriller|VTM|THE JACKAL
fiction|science fiction|Q2|TRANSCENDENCE
fiction|popular drama/comedy|VIJF|MYSTIC PIZZA
sport|football|EEN|VB. WK. 1/4F - BRAZILIE/BELGIE
sport|football|EEN|VB. WK. 1/4F - STUDIO
sport|football|EEN|VB. WK. 1/4F - URUGUAY/FRANKRIJK
fiction|action|VTM|NATIONAL SECURITY
fiction|action|EEN|WINDKRACHT 10, KOKSIJDE RESCUE
knowledge|human interest/society|CANVAS|STACEY DOOLEY - ROMA-KINDEREN IN GEVAAR
fiction|adventure|VIER|POSEIDON
fiction|action|Q2|STEALTH
sport|football|EEN|VB. WK. 1/8F - COLOMBIA/ENGELAND
sport|football|EEN|VB. WK. 1/8F - ZWEDEN/ZWITSERLAND
sport|football|EEN|VB. WK. 1/8F - STUDIO
fiction|horror|Q2|WHAT LIES BENEATH
fiction|thriller|VIER|IMAGE
knowledge|humanities/history|CANVAS|BOMBING WAR, FROM GUERNICA TO HIROSHIMA
sport|football|EEN|VB. WK. SCHIFT. - BELGIE/JAPAN
sport|football|EEN|VB. WK. 1/8F - BRAZILIE/MEXICO
knowledge|modern music/dance|CANVAS|BELPOP - 40 JAAR WERCHTER
lifestyle|leisure/hobby|VTM|...VOOR DUMMIES - VAKANTIEPRET
sport|football|EEN|VB. WK. 1/8F - KROATIE/DENEMARKEN
sport|football|EEN|VB. WK. 1/8F - SPANJE/RUSLAND
sport|football|EEN|VB. WK. 1/8F
sport|football|EEN|VB. WK. 1/8F - URUGUAY/PORTUGAL
sport|football|EEN|VB. WK. 1/8F - FRANKRIJK/ARGENTINIE
knowledge|nature/environment|EEN|BORN TO HUNT
fiction|popular drama/comedy|VTM|THE SMURFS 2
fiction|fantasy/fairy tale|Q2|HIGHLANDER
fiction|thriller|VTM|CATCH ME IF YOU CAN
fiction|popular drama/comedy|VTM|IN HER SHOES
fiction|adventure|VIER|TROY
knowledge|architecture/urbanism|CANVAS|WATERFRONT
lifestyle|cooking/food/drink|VTM|SOFIE IN DE KEUKEN VAN... - PASCAL BRAECKMAN
sport|football|EEN|VB. WK. SCHIFT. - ENGELAND/BELGIE
sport|football|EEN|VB. WK. SCHIFT. - STUDIO
sport|football|EEN|VB. WK. SCHIFT. - SENEGAL/COLOMBIE
sport|football|EEN|VB. WK. SCHIFT. - SERVIE/BRAZILIE
sport|football|EEN|VB. WK. SCHIFT. - ZUID-KOREA/DUITSLAND
fiction|adventure|VTM|GULLIVER'S TRAVELS
knowledge|nature/environment|CANVAS|PLANET EARTH II - CITIES
sport|football|EEN|VB. WK. SCHIFT. - NIGERIA/ARGENTINIE
sport|football|EEN|VB. WK. SCHIFT. - DENEMARKEN/FRANKRIJK
knowledge|humanities/history|CANVAS|PUBLIEK GEHEIM - DE COMMANDOBUNNKER ONDER DE KEMMELBERG
fiction|action|VIER|COP OUT
sport|football|EEN|VB. WK. SCHIFT. - SPANJE/MAROKKO
sport|football|EEN|VB. WK. SCHIFT. - URUGUAY/RUSLAND
sport|football|EEN|VB. WK. SCHIFT. - POLEN/COLOMBIA
sport|football|EEN|VB. WK. SCHIFT.
sport|football|EEN|VB. WK. SCHIFT. - JAPAN/SENEGAL
sport|football|EEN|VB. WK. SCHIFT. - ENGELAND/PANAMA
sport|cycling (road)|CANVAS|WIELRENNEN. BK. BINCHE. H.
fiction|adventure|VTM|CAST AWAY
sport|football|EEN|VB. WK. SCHIFT. - BELGIE/TUNESIE
sport|football|EEN|VB. WK. SCHIFT. - DUITSLAND/ZWEDEN
sport|football|EEN|VB. WK. SCHIFT. - ZUID-KOREA/MEXICO
fiction|action|Q2|BREAKOUT
fiction|drama/comedy|VTM|PARADISE TRIPS
entertainment|miscellaneous|CANVAS|BREAK
sport|football|EEN|VB. WK. SCHIFT. - NIGERIA/IJSLAND
sport|football|EEN|VB. WK. SCHIFT. - BRAZILIE/COSTA RICA
fiction|thriller|VITAYA|THE WRONG STUDENT
fiction|comedy|VIER|HORRIBLE BOSSES
sport|football|EEN|VB. WK. SCHIFT. - ARGENTINIE/KROATIE
sport|football|EEN|VB. WK. SCHIFT. - FRANKRIJK/PERU
sport|football|EEN|VB. WK. SCHIFT. - DENEMARKEN/AUSTRALIE
information|communication/message|EEN|RADIO 1
knowledge|human interest/society|CANVAS|ONZE MAN IN TEHERAN
entertainment|humor|VTM|VOSSENSTREKEN
sport|football|EEN|VB. WK. SCHIFT. - IRAN/SPANJE
sport|football|EEN|VB. WK. SCHIFT. - URUGUAY/SAOEDI-ARABIE
sport|football|EEN|VB. WK. SCHIFT. - PORTUGAL/MAROKKO
fiction|drama/comedy|VTM|ONE FINE DAY
knowledge|nature/environment|CANVAS|PLANET EARTH II - GRASSLANDS
sport|football|EEN|VB. WK. SCHIFT. - RUSLAND/EGYPTE
sport|football|EEN|VB. WK. SCHIFT. - POLEN/SENEGAL
sport|football|EEN|VB. WK. SCHIFT. - COLOMBIE/JAPAN
knowledge|human interest/society|CANVAS|PUBLIEK GEHEIM
knowledge|humanities/history|CANVAS|CHARLES LINDBERGH IN COLOR
sport|football|EEN|VB. WK. SCHIFT. - BELGIE/PANAMA
sport|football|EEN|VB. WK. SCHIFT. - TUNESIE/ENGELAND
sport|football|EEN|VB. WK. SCHIFT. - ZWEDEN/ZUID-KOREA
fiction|action|VIER|RUSH HOUR II
fiction|adventure|Q2|TUT
sport|football|EEN|VB. WK. SCHIFT.- BRAZILIE/ZWITSERLAND
sport|football|EEN|VB. WK. SCHIFT. - DUITSLAND/MEXICO
sport|football|EEN|VB. WK. SCHIFT. - COSTA RICA/SERVIE
fiction|action|VTM|BAD BOYS
sport|cycling (road)|CANVAS|WIELRENNEN. ELFSTEDENRONDE
fiction|drama/comedy|VTM|AU PAIR III
sport|football|EEN|VB. WK. SCHIFT.  -KROATIE/NIGERIA
sport|football|EEN|VB. WK. SCHIFT. -PERU/DENEMARKEN (1HT)
sport|football|EEN|VB. WK. SCHIFT. - ARGENTINIE/IJSLAND
sport|football|CANVAS|VB. WK. SCHIFT. - PERU/DENEMARKEN (2HT)
fiction|thriller|CANVAS|THE LAWYER
fiction|adventure|VTM|BRAVEHEART
sport|football|EEN|VB. WK. SCHIFT. - PORTUGAL/SPANJE
sport|football|EEN|VB. WK. SCHIFT. - MAROKKO/IRAN
sport|football|EEN|VB. WK. SCHIFT. - EGYPTE/URUGUAY
fiction|action|VTM|THE BOUNTY HUNTER
fiction|drama/comedy|CANVAS|A BIGGER SPLASH
sport|cycling (road)|VTM|WIELRENNEN. DWARS DOOR HAGELAND
fiction|action|VIER|BLACK HAWK DOWN
sport|football|EEN|VB. WK. SCHIFT. - RUSLAND/SAOEDI-ARABIE
sport|football|EEN|VB. WK. SCHIFT. - OPENINGSCEREMONIE
fiction|thriller|VIER|ALONG CAME A SPIDER
knowledge|human interest/society|EEN|KEVIN DE BRUYNE, GENIE IN MANCHESTER
information|general news|EEN|OP EEN
knowledge|nature/environment|CANVAS|PLANET EARTH II
fiction|action|VIER|XXX
fiction|drama/comedy|EEN|TOM & HARRY
lifestyle|show business/variety/stars|EEN|JOANNA & JENNIFER, ABSOLUTELY CHAMPERS
knowledge|humanities/history|CANVAS|THE SAVAGE PEACE
fiction|action|Q2|FURY
sport|football|EEN|VB. VRIEND
knowledge|culture/folklore/tradition|CANVAS|BELPOP
sport|cycling (road)|EEN|WIELRENNEN. DAUPHINE LIBERE
lifestyle|travel/tourism|EEN|HOTELGEHEIMEN
sport|tennis|EEN|TENNIS. ROLAND GARROS FIN. H
sport|formula 1|EEN|F1. WK. GP. CANADA (S.)
fiction|action|EEN|OCEAN'S ELEVEN
knowledge|nature/environment|EEN|NATURE'S MINIATURE MIRACLES
sport|tennis|EEN|TENNIS. ROLAND GARROS FIN. D
fiction|drama/comedy|VIJF|THE LUCKY ONE
fiction|fantasy/fairy tale|Q2|PERCY JACKSON, SEA OF MONSTERS
fiction|action|VTM|HART'S WAR
knowledge|humanities/history|EEN|TUTANKHAMUN
fiction|action|Q2|DRAGON BLADE
knowledge|human interest/society|EEN|DRIES MERTENS, GOD IN NAPELS
lifestyle|cooking/food/drink|VTM|2 STERREN RESTAURANT
lifestyle|human interest/society|VTM|ALLOO EN DE LIEFDE
fiction|adventure|VIER|ROBIN HOOD - PRINCE OF THIEVES
fiction|action|Q2|G.I. JOE, THE RISE OF COBRA
knowledge|nature/environment|EEN|DIERENHOSPITAAL IN DE JUNGLE
fiction|adventure|VTM|SAHARA
fiction|drama/comedy|Q2|THE MONUMENTS MEN
fiction|action|Q2|RAMBO III
knowledge|humanities/history|CANVAS|BOBBY KENNEDY, LE REVE BRISE DE L'AMERIQUE
fiction|thriller|VIER|SE7EN
knowledge|human interest/society|EEN|WERELDKAMPIOENEN
fiction|action|VIER|OCEAN'S TWELVE
fiction|action|VTM|SAVING PRIVATE RYAN
sport|tennis|EEN|TENNIS. ROLAND GARROS
sport|tennis|CANVAS|TENNIS. ROLAND GARROS
sport|tennis|EEN|TENNIS. ROLAND GARROS D.
knowledge|nature/environment|EEN|NATURAL BORN REBELS
fiction|science fiction|EEN|WAR OF THE WORLDS
fiction|science fiction|Q2|CHAPPIE
sport|tennis|EEN|TENNIS. ROLAND GARROS H.
fiction|science fiction|Q2|I AM NUMBER FOUR
fiction|other fiction|EEN|AFSCHEID
fiction|action|Q2|RAMBO, FIRST BLOOD PART II
entertainment|circus/magic & paranormal|VTM|DAVID BLAINE, BEYOND MAGIC
entertainment|love/dating|VIER|MATCHMAKERS
information|special event|EEN|IEDEREEN TEGEN KANKER
sport|cycling (road)|EEN|WIELRENNEN. RONDE VAN BELGIE
fiction|adventure|Q2|WYATT EARP
fiction|fantasy/fairy tale|Q2|SEVENTH SON
lifestyle|cooking/food/drink|VITAYA|MASTERCHEF AUSTRALIA
fiction|action|Q2|WILD CARD
lifestyle|cooking/food/drink|VIER|KOMEN ETEN
fiction|action|Q2|THE HUNGER GAMES
fiction|action|Q2|FIRST BLOOD
lifestyle|cooking/food/drink|VTM|SOFIE IN DE KEUKEN VAN...
sport|football|EEN|VB. WK. LOTING
sport|all sports|VTM|STADION
fiction|popular drama/comedy|Q2|GROWN UPS 2
fiction|thriller|EEN|THE FUGITIVE
information|general news|EEN|VRT NIEUWS LIVE
information|general news|EEN|EXTRA JOURNAAL
information|special event|Q2|HUWELIJK PRINS HARRY EN MEGHAN
information|special event|CANVAS|HUWELIJK PRINS HARRY EN MEGHAN
fiction|popular soap|EEN|THUIS
entertainment|variety|EEN|IEDEREEN BEROEMD
information|general news|EEN|HET 7 UUR-JOURNAAL
entertainment|variety|VTM|BELGIUM'S GOT TALENT
fiction|popular soap|VTM|FAMILIE
fiction|police|EEN|MIDSOMER MURDERS
entertainment|game|EEN|BLOKKEN
information|general news|VTM|NIEUWS 19U VTM
fiction|psychologic drama/melodrama|VTM|THE GOOD DOCTOR
knowledge|humanities/history|EEN|TUTANKHAMUN
information|general news|EEN|HET JOURNAAL LAAT
information|general news|EEN|HET 1 UUR-JOURNAAL
fiction|police|VTM|DE BUURTPOLITIE
information|current affair|CANVAS|DE AFSPRAAK
information|general news|VTM|NIEUWS 13U VTM
sport|all sports|VIER|SPORTS LATE NIGHT
fiction|adventure|VIER|THE LONE RANGER
fiction|popular drama/comedy|Q2|TED 2
knowledge|other knowledge|EEN|SECRETS (2018)
fiction|other fiction|VTM|ONE CHANCE
entertainment|variety|EEN|ELS DE SCHEPPER, RED MIJ!
fiction|action|Q2|G.I. JOE, RETALIATION
sport|football|CANVAS|VB. C3 UEFA FIN
fiction|action|Q2|HOMEFRONT
information|current affair|VIER|NIEUWSJAGERS
lifestyle|other lifestyle|EEN|BRITAIN'S BIGGEST SUPERYACHTS, CHASING PERFECTION
fiction|action|Q2|ONCE UPON A TIME IN MEXICO
entertainment|music|EEN|VAN GILS & HET SONGFESTIVAL
fiction|science fiction|VTM|AVATAR
fiction|science fiction|Q2|TERMINATOR 2, JUDGEMENT DAY
entertainment|classical arts|CANVAS|KONINGIN ELISABETH WEDSTRIJD
fiction|popular drama/comedy|VITAYA|SHE'S THE MAN
fiction|action|Q2|PRECIOUS CARGO
fiction|psychologic drama/melodrama|CANVAS|ROOM
sport|boxing|VTM|BOXING STARS
fiction|science fiction|Q2|AFTER EARTH
fiction|thriller|Q2|ABSOLUTE DECEPTION
entertainment|dance|EEN|DANCE AROUND THE WORLD
fiction|adventure|Q2|THE LIBRARIAN, RETURN TO KING SOLOMON'S MINES
fiction|action|VTM|POINT BREAK
fiction|science fiction|Q2|X-MEN, APOCALYPSE
fiction|other fiction|Q2|CRIMI CLOWNS
fiction|other fiction|VIER|THE EAGLE
sport|football|CANVAS|VB. C3 UEFA 1/2F
fiction|action|Q2|THE EXPENDABLES 3
sport|football|Q2|VB. C1 UEFA 1/2F
knowledge|nature/environment|EEN|DAVID ATTENBOROUGH'S NATURAL CURIOSITIES
fiction|action|VTM|THE LAST CASTLE
fiction|other fiction|EEN|PROOF
fiction|science fiction|Q2|TERMINATOR GENISYS
lifestyle|mode/lifestyle|VIJF|SHOPPING QUEENS
knowledge|other knowledge|EEN|SECRETS (2018)
sport|athletics (track/piste)|EEN|ATLETIEK. MARATHON ANTWERPEN (S.)
sport|tennis|EEN|TENNIS. FED CUP (S.)
sport|handball|EEN|HANDBAL. BB. FIN H. (S.)
fiction|other fiction|VTM|FLIGHT
fiction|popular drama/comedy|VTM|THE HEARTBREAK KID
fiction|fantasy/fairy tale|VIER|HARRY POTTER AND THE PHILOSOPHER'S STONE
fiction|fantasy/fairy tale|Q2|THE LAST WITCH HUNTER
fiction|other fiction|EEN|W.
information|current affair|CANVAS|CHECK-POINT
knowledge|other knowledge|VTM|F-16
knowledge|other knowledge|CANVAS|DE KLEEDKAMER
sport|gymnastic|EEN|GYM. ACRO WK. ANTWERPEN (S.)
sport|formula 1|EEN|F1. WK. GP. CHINA (S.)
fiction|action|VTM|FAST FIVE
information|current affair|VIER|LIVE PD, POLICE PATROL
fiction|action|VIER|THE MAN FROM U.N.C.L.E.
fiction|action|VTM|BEVERLY HILLS COP III
fiction|science fiction|Q2|TRANSFORMERS, AGE OF EXTINCTION
fiction|science fiction|Q2|ANT-MAN
fiction|thriller|VIER|RUNNER RUNNER
knowledge|other knowledge|VTM|HELDEN VAN HIER, BRANDWEER ANTWERPEN
sport|football|CANVAS|VB. C3 UEFA 1/4F
sport|football|Q2|VB. C1 UEFA 1/4F
fiction|other fiction|CANVAS|NO WAY HOME
knowledge|humanities/history|CANVAS|THE CELTS, BLOOD IRON & SACRIFICE
fiction|adventure|EEN|ASTERIX & OBELIX AU SERVICE DE SA MAJESTE
fiction|adventure|VIJF|DOLPHIN TALE
fiction|action|Q2|THE GUNMAN
knowledge|science/geography|CANVAS|ROBO SAPIENS
knowledge|nature/environment|EEN|LEVE DE ZOO!
sport|cycling (road)|EEN|WIELRENNEN. RONDE VAN VLAANDEREN
sport|cycling (road)|CANVAS|WIELRENNEN. RONDE VAN VLAANDEREN
sport|cycling (road)|EEN|DE RONDE 101
fiction|action|Q2|A GOOD DAY TO DIE HARD
fiction|action|Q2|LAST KNIGHTS
fiction|action|VTM|ROAD HOUSE
fiction|action|VIER|THE ROCK
lifestyle|show business/variety/stars|VIER|LEEUWENKUIL
knowledge|human interest/society|EEN|KINDERKOPKES
fiction|thriller|VTM|DE INFILTRANT
fiction|comedy|EEN|THE NANNY DIARIES
fiction|thriller|Q2|SICARIO
lifestyle|show business/variety/stars|VIJF|GOEDELE ON TOP
sport|cycling (road)|EEN|DE RONDE
sport|cycling (road)|EEN|WIELRENNEN. 3-DAAGSE BRUGGE - DE PANNE
knowledge|humanities/history|CANVAS|HITLER'S LAST SECRETS
knowledge|nature/environment|EEN|DE ZWEEFVLIEGERS VAN HET REGENWOUD
knowledge|nature/environment|EEN|HET TURNHOUTS VENNENGEBIED, EEN UNIEK STUKJE KEMPENLAND
fiction|adventure|VTM|STEP UP ALL IN
fiction|thriller|CANVAS|STELLA BLOMKVIST
fiction|thriller|VIER|GONE GIRL
sport|cycling (road)|EEN|WIELRENNEN. HANDZAME CLASSIC
fiction|thriller|VTM|THE INTERNATIONAL
fiction|action|VIER|PEARL HARBOR
sport|football|CANVAS|VB. C3 UEFA 1/8F
sport|football|Q2|VB. C1 UEFA 1/8F
knowledge|humanities/history|CANVAS|MAGDA GOEBBELS
knowledge|travel/tourism|EEN|JOANNA LUMLEY'S JAPAN
sport|basketball|EEN|BASKET. BB. FIN
knowledge|humanities/history|EEN|HET COLLECTIEF GEHEUGEN
fiction|science fiction|VTM|MAZE RUNNER, THE SCORCH TRIALS
knowledge|nature/environment|EEN|THE LESSER CAUCASUS, BETWEEN ARARAT AND THE CASPIAN SEA
fiction|fantasy/fairy tale|EEN|OUTLANDER
lifestyle|music|VIER|KAREN MAAKT EEN PLAAT
sport|cycling (track/piste)|EEN|WIELRENNEN. BAAN WK. APELDOORN D.
sport|cycling (track/piste)|EEN|WIELRENNEN. BAAN WK. APELDOORN H.
sport|cycling (road)|EEN|WIELRENNEN. STRADE BRIANCHE H. (S.)
sport|cycling (road)|EEN|WIELRENNEN. STRADE BRIANCHE H.
knowledge|nature/environment|EEN|RUSSIA'S PRIMEVAL FORESTS, KARELIA
sport|cycling (road)|EEN|WIELRENNEN. STRADE BRIANCHE D. (S.)
fiction|police|VTM|MONK
fiction|action|Q2|SPECTRE
knowledge|human interest/society|VIER|EX-GANGSTER
fiction|thriller|Q2|LAW ABIDING CITIZEN
knowledge|humanities/history|CANVAS|AMAZONES
sport|motorsport|EEN|AUTO. RALLY BK. HASPENGOUW (S.)
sport|athletics (field/cross)|EEN|VELDLOPEN. BK. LAKEN H. (S.)
sport|athletics (field/cross)|EEN|VELDLOPEN. BK. LAKEN D. (S.)
knowledge|air sports|EEN|BORN TO FLY
fiction|drama|VTM|THE GREEN MILE
fiction|action|VTM|BEVERLY HILLS COP II
sport|football|CANVAS|VB. C3 UEFA 1/16F
fiction|action|Q2|SKYFALL
knowledge|nature/environment|CANVAS|DOOR HET HART VAN CHINA
fiction|comedy|Q2|THE PACIFIER
sport|cycling (cross)|EEN|VELDRIJDEN. MIDDELKERKE D. (S.)
sport|cycling (cross)|EEN|VELDRIJDEN. MIDDELKERKE H. (S.)
knowledge|nature/environment|EEN|WILD SKAGERRAK
fiction|thriller|CANVAS|HARD SUN
fiction|adventure|VTM|DE PINGUINS VAN MADAGASCAR
fiction|science fiction|VIER|JUPITER ASCENDING
fiction|drama|CANVAS|THE REMAINS OF THE DAY
knowledge|science/geography|CANVAS|DANNY DEMONSTREERT
fiction|science fiction|Q2|INSURGENT
knowledge|human interest/society|EEN|M/V/X
entertainment|talk|EEN|CHEZ ANNEMIE
knowledge|nature/environment|CANVAS|BLUE PLANET
sport|cycling (cross)|EEN|VELDRIJDEN. HOOGSTRATEN H.
sport|tennis|EEN|TENNIS. FED CUP
sport|cycling (cross)|EEN|VELDRIJDEN. HOOGSTRATEN D.
knowledge|nature/environment|EEN|WILD SWITZERLAND
fiction|drama|CANVAS|SHAME
sport|other sports|CANVAS|OS. OPENINGSCEREMONIE
sport|basketball|EEN|VB. BB. 1/2F (S.)
sport|cycling (cross)|EEN|VELDRIJDEN. VALKENBURG H.
sport|cycling (cross)|CANVAS|VELDRIJDEN. VALKENBURG
fiction|comedy|VTM|FRITS & FRANKY
sport|cycling (cross)|EEN|VELDRIJDEN. VALKENBURG D.
knowledge|nature/environment|EEN|SUPER SMALL ANIMALS
fiction|action|VTM|DEADPOOL
fiction|adventure|VIER|THE REVENANT
entertainment|talk|CANVAS|ALLEEN RUDI BLIJFT BESTAAN
fiction|thriller|CANVAS|BEFORE WE DIE
fiction|comedy|VIER|LARRY CROWNE
sport|tennis|EEN|TENNIS. DAVIS CUP
fiction|drama|CANVAS|THE RAILWAY MAN
entertainment|talk|VTM|CATHERINE
sport|cycling (cross)|EEN|VELDRIJDEN. HOOGERHEIDE H.
knowledge|nature/environment|EEN|CRAZY CREATURE COSTUMES
knowledge|nature/environment|EEN|A NIGHT ON EARTH
knowledge|nature/environment|EEN|PENGUIN CITY, SOUTH GEORGIA
fiction|adventure|VIER|PIRATES OF THE CARIBBEAN, AT WORLD'S END
fiction|science fiction|VTM|OBLIVION
fiction|action|Q2|THE WARRIOR'S WAY
fiction|other fiction|CANVAS|TURIST
fiction|erotica|VITAYA|DIRTY TEACHER
entertainment|other entertainment|VTM|DE WENSBOOM
lifestyle|cooking/food/drink|VTM|DE KEUKEN VAN SOFIE
knowledge|human interest/society|CANVAS|LOUIS THEROUX
lifestyle|cooking/food/drink|VTM|LA MAMMA
fiction|thriller|Q2|NOVEMBER MAN
sport|cycling (cross)|EEN|VELDRIJDEN. NOMMAY H.
knowledge|nature/environment|EEN|SNOW MONKEYS
fiction|action|EEN|MISSION IMPOSSIBLE ROGUE NATION
fiction|thriller|VTM|BRIDGE OF SPIES
fiction|other fiction|VIER|THE BLIND SIDE
fiction|fantasy/fairy tale|VTM|WALKING WITH DINOSAURS, THE 3D MOVIE
fiction|other fiction|CANVAS|ALBERT NOBBS
fiction|fantasy/fairy tale|Q2|DRAGONHEART 3, THE SORCERER'S CURSE
fiction|other fiction|EEN|BLACK
entertainment|game|EEN|SORRY VOOR ALLES
knowledge|other knowledge|EEN|READY FOR TAKEOFF
knowledge|nature/environment|EEN|POLAR WORLD
fiction|psychologic drama/melodrama|EEN|LA VITA E BELLA
fiction|comedy|VTM|NIGHT AT THE MUSEUM
fiction|other fiction|VIER|NOAH
entertainment|dance|VIJF|SHALL WE DANCE
fiction|popular comedy|VTM|'TIL DEATH
fiction|thriller|EEN|AND THEN THERE WERE NONE
fiction|action|Q2|DRAGON EYES
knowledge|humanities/history|CANVAS|WINSTON CHURCHILL, A GIANT IN THE CENTURY
fiction|action|Q2|PREMIUM RUSH
knowledge|nature/environment|EEN|ATTENBOROUGH AND THE GIANT DINOSAUR
fiction|fantasy/fairy tale|EEN|FINDING NEVERLAND
fiction|comedy|VIJF|THE GAME PLAN
fiction|other fiction|VTM|APOLLO 13
fiction|fantasy/fairy tale|VTM|NANNY MCPHEE & THE BIG BANG
fiction|action|Q2|HITMAN
fiction|other fiction|CANVAS|EXODUS
fiction|other fiction|EEN|TYTGAT CHOCOLAT
fiction|action|Q2|BIG GAME
knowledge|other knowledge|CANVAS|OOG IN OOG
fiction|action|VTM|BLOWN AWAY
lifestyle|home/decorating|VIER|ONS EERSTE HUIS
entertainment|variety|VTM|TEGEN DE STERREN OP LIVE
entertainment|other entertainment|EEN|THROWBACK THURSDAY
entertainment|other entertainment|EEN|HET BESTE UIT VOOR DE LEEUWEN
entertainment|music|VTM|CLOUSEAU DANST
fiction|fantasy/fairy tale|EEN|MALEFICENT
entertainment|humour|CANVAS|VAN PEEL OVERLEEFT 2017
entertainment|music|CANVAS|ABBA IN CONCERT
entertainment|music|VTM|STAN VAN SAMANG IN 'T GROOT
sport|cycling (cross)|EEN|VELDRIJDEN. DIEGEM
fiction|adventure|VTM|DE AVONTUREN VAN KUIFJE, HET GEHEIM VAN DE EENHOORN
fiction|police|VTM|MURDER, SHE WROTE
fiction|other fiction|VITAYA|THE CHRISTMAS SHEPHERD
knowledge|nature/environment|CANVAS|WILDEST EUROPE
fiction|comedy|VIJF|NEW YEAR'S EVE
fiction|fantasy/fairy tale|VTM|HUGO
fiction|other fiction|VIJF|CHRISTMAS WITH HOLLY
entertainment|other entertainment|EEN|STERACTEUR STERARTIEST
entertainment|young amusement|VTM|OVERAL K3
fiction|other fiction|VIJF|A ROYAL CHRISTMAS
fiction|other fiction|VITAYA|LOVE ALWAYS, SANTA
sport|cycling (cross)|EEN|VELDRIJDEN. WB. HEUSDEN-ZOLDER
fiction|other fiction|VIJF|CHRISTMAS LAND
entertainment|other entertainment|EEN|HET FOTOALBUM
information|special event|EEN|KERSTTOESPRAAK PAUS FRANCISCUS
fiction|comedy|VTM|BEAN
fiction|fantasy/fairy tale|VTM|DE KLEINE ZEEMEERMIN
fiction|fantasy/fairy tale|VTM|ARTHUR CHRISTMAS
information|other information|CANVAS|DE DAG DAT MIJN HUIS VIEL
knowledge|nature/environment|CANVAS|WILD RUSSIA
entertainment|music|CANVAS|PAVAROTTI, CHANTEUR POPULAIRE
fiction|adventure|VIER|JOURNEY TO THE CENTER OF EARTH
knowledge|human interest/society|EEN|DIANA, 7 DAGEN
sport|cycling (cross)|EEN|VELDRIJDEN. WK. NAMEN
sport|gymnastic|EEN|GYM.
fiction|action|VTM|XXX, STATE OF THE UNION
entertainment|music|EEN|FREE SOUFFRIAU GOUD, WIEROOK EN MIRRE
knowledge|nature/environment|EEN|JOANNA LUMLEY IN THE LAND OF THE NORTHERN LIGHTS
knowledge|nature/environment|EEN|SUPER CUTE ANIMALS
fiction|psychologic drama/melodrama|EEN|A BEAUTIFUL MIND
fiction|action|Q2|OLYMPUS HAS FALLEN
fiction|other fiction|VITAYA|A CHRISTMAS DETOUR
fiction|action|Q2|DEATH RACE 3, INFERNO
entertainment|other entertainment|VIER|PROJECT AXEL
entertainment|music|EEN|CHAPEAU! 30 JAAR CLOUSEAU
entertainment|humour|VIER|GEUBELS EN DE IDIOTEN
entertainment|other entertainment|CANVAS|THOMAS SPEELT HET HARD
sport|other team sport|CANVAS|VB. BB. 1/4F
fiction|thriller|VIER|THE NIGHT MANAGER
fiction|other fiction|EEN|VAN VLEES EN BLOED
knowledge|human interest/society|CANVAS|STRAFPLEITERS
sport|cycling (cross)|EEN|VELDRIJDEN. OVERIJSE
sport|athletics (field/cross)|EEN|VELDLOPEN. EK. SAMORIN
fiction|action|Q2|S.W.A.T
sport|cycling (cross)|EEN|VELDRIJDEN. ESSEN H.
knowledge|nature/environment|EEN|HET HARDE LEVEN VAN EEN PINGUIN
sport|cycling (cross)|EEN|VELDRIJDEN. ESSEN D.
fiction|action|VTM|JACK RYAN, SHADOW RECRUIT
fiction|thriller|CANVAS|SAFE HOUSE
fiction|family|VTM|BEETHOVEN'S CHRISTMAS ADVENTURE
fiction|action|Q2|EVERLY
fiction|psychologic drama/melodrama|EEN|TABULA RASA
sport|cycling (cross)|EEN|VELDRIJDEN. HASSELT
fiction|drama|VTM|MEN OF HONOR
fiction|science fiction|Q2|ELYSIUM
fiction|action|Q2|HITMAN, AGENT 47
information|current affair|VTM|COPPERS
fiction|comedy|Q2|JOHNNY ENGLISH REBORN
sport|cycling (cross)|CANVAS|VELDRIJDEN. FLANDRIENCROSS
fiction|action|Q2|FASTER
sport|tennis|CANVAS|TENNIS. DAVIS CUP
knowledge|nature/environment|EEN|NATURAL WORLD
sport|cycling (cross)|EEN|VELDRIJDEN. ZEVEN (S.)
fiction|comedy|EEN|MAN UP
fiction|thriller|CANVAS|RELLIK
entertainment|music|VTM|STAN VAN SAMANG IN CONCERT
fiction|thriller|VTM|HOSTAGE
fiction|science fiction|Q2|MEN IN BLACK II
knowledge|nature/environment|EEN|BEAR ESSENTIALS
fiction|drama|EEN|MONA LISA SMILE
fiction|family|EEN|AY RAMON!
fiction|action|VTM|THE CONCORDE... AIRPORT 79
sport|formula 1|EEN|F1. WK. GP. BRAZILIE (KWALIF.)
fiction|western|EEN|RED RIVER
knowledge|nature/environment|EEN|GLOBAL FOREST
knowledge|economy/business|EEN|DE VRIJE MARKT
fiction|action|VTM|CHARLIE'S ANGELS
entertainment|game|VTM|THE WALL
fiction|drama|VTM|SPITSBROERS
sport|cycling (cross)|EEN|VELDRIJDEN. EK. TABOR
sport|rally|EEN|AUTO. RALLY BK.
knowledge|nature/environment|EEN|ANIMAL HOMES
knowledge|nature/environment|EEN|MOUNTAINS, LIFE ABOVE THE CLOUDS
fiction|thriller|CANVAS|LA FORET
fiction|adventure|VTM|CROCODILE DUNDEE II
information|current affair|VIER|FOCUS
lifestyle|cooking/food/drink|EEN|SIMPLY NIGELLA
fiction|comedy|VTM|17 AGAIN
lifestyle|home/decorating|VIJF|ZO MAN, ZO VROUW
sport|cycling (cross)|EEN|VELDRIJDEN. KOPPENBERGCROSS OUDENAARDE H.
sport|cycling (cross)|EEN|VELDRIJDEN. KOPPENBERGCROSS OUDENAARDE D.
sport|football|Q2|VB. C1 UEFA
knowledge|human interest/society|CANVAS|RADIO GAGA
knowledge|philosophy/religion|CANVAS|ALLAH IN EUROPA
sport|cycling (cross)|EEN|VELDRIJDEN. SUPERPRESTIGE. RUDDERVOORDE H.
sport|cycling (cross)|EEN|VELDRIJDEN. SUPERPRESTIGE. RUDDERVOORDE D.
information|current affair|VTM|KAFKA
sport|handball|EEN|HANDBAL. WK. KWALIF.
fiction|action|Q2|STREET FIGHTER - THE LEGEND OF CHUN-LI
fiction|action|VTM|THE MONUMENTS MEN
fiction|adventure|VTM|CROCODILE DUNDEE
information|current affair|VIER|BORDER PATROL
fiction|action|Q2|THE CONTRACTOR
lifestyle|consumer advice|EEN|VOOR HETZELFDE GELD
entertainment|game|EEN|VOOR DE LEEUWEN
sport|tennis|EEN|TENNIS. EUROPEAN OPEN FIN.
fiction|action|Q2|BLITZ
knowledge|human interest/society|EEN|DE HELDEN VAN ARNOUT
lifestyle|travel/tourism|VIER|CAMPING KAREN & JAMES
knowledge|nature/environment|EEN|HET RIVIERDAL VAN DE ETEL VANUIT DE HEMEL
sport|cycling (cross)|EEN|VELDRIJDEN. SUPERPRESTIGE. ZONHOVEN H. (S.)
knowledge|nature/environment|EEN|EXPEDITIE AARDE
fiction|action|Q2|SEAL TEAM EIGHT, BEHIND ENEMY LINES
information|current affair|VIER|DE BENDE HAEMERS
sport|football|EEN|VB. WK. KWALIF
sport|formula 1|EEN|F1. WK. GP. JAPAN
knowledge|nature/environment|EEN|HALF UUR NATUUR
information|general news|EEN|HET JOURNAAL
fiction|comedy|VTM|FRESH OFF THE BOAT
fiction|comedy|VTM|THE DEVIL WEARS PRADA
fiction|western|VIER|THE HATEFUL EIGHT
knowledge|nature/environment|Q2|HUMMING BIRDS
lifestyle|home/decorating|VIJF|HELP, MIJN MAN IS EEN KLUSSER
fiction|action|Q2|POMPEII
sport|cycling (cross)|EEN|FIETSTRIAL. WORLD CUP ANTWERPEN (S.)
sport|formula 1|EEN|F1. WK. GP. MALEISIE
sport|motorcross|EEN|MOTORCROSS. WK. GP. DER NATIES
sport|motorcross|EEN|MOTORCROSS. WK. GP. DER NATIES (S.)
fiction|fantasy/fairy tale|EEN|THE TIME TRAVELER'S WIFE
sport|cycling (cross)|EEN|VELDRIJDEN. GP. NEERPELT (S.)
knowledge|photo/film/cinema|EEN|PLANEET KUIFJE
sport|cycling (road)|EEN|WIELRENNEN. WK. BERGEN
sport|volleyball|EEN|VOLLEY. EK. D.
fiction|thriller|Q2|PRISON BREAK
fiction|fantasy/fairy tale|EEN|KATE & LEOPOLD
fiction|thriller|CANVAS|BELOW THE SURFACE
fiction|adventure|VIER|PIRATES OF THE CARIBBEAN, DEAD MAN'S CHEST
fiction|science fiction|Q2|STAR TREK INTO DARKNESS
sport|cycling (road)|CANVAS|WIELRENNEN. WK. BERGEN
entertainment|talk|EEN|DE CLUB
fiction|action|Q2|THE BOURNE LEGACY
sport|football|EEN|VB. BB. 1/16F (S.)
sport|all sports|CANVAS|BELGA SPORT
sport|cycling (road)|EEN|WIELRENNEN. WK. PLOEGENTIJDRIT BERGEN H.
sport|cycling (road)|EEN|WIELRENNEN. WK. PLOEGENTIJDRIT BERGEN D.
sport|tennis|OP 12|TENNIS. DAVIS CUP
fiction|drama|EEN|STEPMOM
fiction|action|VTM|DANTE'S PEAK
fiction|action|Q2|THE DETONATOR
sport|football|CANVAS|VB. C3 UEFA SCHIFT. (S.)
lifestyle|travel/tourism|EEN|SUR LES ROUTES D'USHUAIA
sport|other cycling|EEN|MOUNTAINBIKE. WK. CAIRNS
lifestyle|travel/tourism|EEN|IN ITALIE
sport|cycling (road)|EEN|WIELRENNEN. VUELTA
sport|cycling (road)|CANVAS|WIELRENNEN. VUELTA
lifestyle|cooking/food/drink|EEN|TASTES OF THE WORLD
lifestyle|travel/tourism|EEN|BARCELONA VANUIT DE HEMEL
fiction|action|Q2|ESCAPE PLAN
fiction|science fiction|VIER|EDGE OF TOMORROW
knowledge|humanities/history|CANVAS|HITLER AND CHURCHILL, THE EAGLE AND THE LION
sport|other sports|EEN|BILJART. LOMMEL
fiction|fantasy/fairy tale|VTM|RIO 2
fiction|popular drama/comedy|VTM|2 MEISJES OP HET STRAND
sport|athletics (track/piste)|CANVAS|ATLETIEK. MEMORIAL IVO VAN DAMME (S.)
fiction|action|Q2|ARMORED
fiction|popular drama/comedy|VIJF|BEASTLY
knowledge|humanities/history|CANVAS|THE WEEK DIANA DIED
fiction|popular drama/comedy|VIER|HET IS INGEWIKKELD
fiction|action|Q2|KILLER ELITE
fiction|popular drama/comedy|VIJF|FOREVER
fiction|police|EEN|W., WITSE DE FILM
sport|formula 1|EEN|F1. WK. GP. BELGIE
fiction|police|VIER|CRIMINAL MINDS
lifestyle|cooking/food/drink|EEN|RICK STEIN'S LONG WEEKENDS
fiction|police|VIER|CRIMINAL MINDS, BEYOND BORDERS
sport|hockey|CANVAS|HOCKEY. EK. FIN D.
fiction|popular drama/comedy|EEN|BECOMING JANE
fiction|psychologic drama/melodrama|CANVAS|FIVE DAYS
lifestyle|pets|VIER|THE SUPER VET
fiction|psychologic drama/melodrama|EEN|PARADE'S END
fiction|action|Q2|SWAT, FIREFIGHT
fiction|adventure|VIER|FIRST KNIGHT
sport|football|Q2|VB. C3 UEFA SCHIFT
fiction|police|EEN|CROSSING LINES
lifestyle|cooking/food/drink|EEN|JAMIE'S SUPER FOOD
entertainment|variety|EEN|DE LEUKSTE BESTE VRIENDEN
sport|hockey|EEN|HOCKEY. EK.
knowledge|nature/environment|CANVAS|WILD MEXICO
fiction|action|Q2|7 SECONDS
fiction|popular drama/comedy|EEN|GROENTEN UIT BALEN
fiction|psychologic drama/melodrama|EEN|THE PERFECTIONISTS
knowledge|nature/environment|EEN|JUNGLE ANIMAL HOSPITAL
fiction|thriller|VTM|PERFECT STRANGER
sport|athletics (field/cross)|EEN|ATLETIEK. TRIATLON. WUUSTWEZEL (S.)
fiction|popular drama/comedy|VTM|THE BREAK-UP
fiction|popular drama/comedy|VIJF|HACHIKO, A DOG'S STORY
fiction|popular drama/comedy|VIER|GET SMART
fiction|adventure|VTM|HANCOCK
entertainment|variety|EEN|BESTE VRIENDEN
entertainment|variety|VTM|IS ER WIFI IN TAHITI?
fiction|adventure|Q2|NATIONAL TREASURE
sport|cycling (road)|EEN|WIELRENNEN. RONDE VAN DE BENELUX
sport|athletics (track/piste)|CANVAS|ATLETIEK. WK. LONDEN
lifestyle|travel/tourism|EEN|MARTIN CLUNES, ISLANDS OF AUSTRALIA
fiction|action|VTM|LICENCE TO KILL
knowledge|nature/environment|EEN|KANGAROO DUNDEE AND OTHER ANIMALS
fiction|popular drama/comedy|EEN|THE TRUMAN SHOW
fiction|thriller|Q2|THE DEADLY GAME
fiction|action|Q2|DEATH RACE 2
fiction|popular drama/comedy|VTM|TWILIGHT V, BREAKING DAWN
fiction|popular drama/comedy|VIER|TWO WEEKS NOTICE
fiction|action|Q2|THE MARINE 4, MOVING TARGET
sport|athletics (track/piste)|EEN|ATLETIEK. WK. LONDEN (S.)
sport|cycling (road)|EEN|ALLES VOOR DE KOERS
knowledge|nature/environment|CANVAS|WILD THAILAND
fiction|action|VIER|RUSH HOUR
fiction|popular drama/comedy|EEN|FLYING HOME
fiction|action|VTM|THE LIVING DAYLIGHTS
sport|cycling (road)|EEN|WIELRENNEN. EK. HERNING
sport|athletics (track/piste)|EEN|ATLETIEK. WK. LONDEN
sport|football|CANVAS|VB. EK. D. FIN
fiction|popular drama/comedy|EEN|LE GENDARME SE MARIE
lifestyle|pets|VIER|DE DIERENDOKTER
fiction|adventure|VIER|WILD WILD WEST
fiction|action|Q2|ARENA
fiction|thriller|VITAYA|HUNT FOR THE LABYRINTH KILLER
fiction|popular drama/comedy|VTM|THAT'S MY BOY
knowledge|humanities/history|CANVAS|WITNESSES OF DOOM, THE LOST INTERVIEWS FROM 1948
fiction|thriller|Q2|THE GIRL WITH THE DRAGON TATOO
fiction|action|VIER|AFTER THE SUNSET
knowledge|humanities/history|EEN|100 JAAR GROTE OORLOG
fiction|action|VTM|A VIEW TO A KILL
fiction|popular drama/comedy|EEN|LE GENDARME A NEW YORK
fiction|action|VTM|THE GREEN HORNET
fiction|thriller|CANVAS|FOLLOW THE MONEY
lifestyle|pets|VIER|SUPER VETS
lifestyle|travel/tourism|EEN|WANTED IN PARADISE
fiction|popular drama/comedy|VIER|MISS CONGENIALITY II
lifestyle|travel/tourism|CANVAS|DANNY IN ARABISTAN
fiction|thriller|Q2|RED EYE
fiction|thriller|Q2|LEFT BEHIND
fiction|adventure|Q2|THE BEACH
knowledge|humanities/history|CANVAS|STALIN'S DAUGHTER
sport|football|EEN|VB. EK. D. SCHIFT
lifestyle|cars/boat/motoring|CANVAS|BRITAIN'S BIGGEST SUPERYACHTS, CHASING PERFECTION
fiction|popular drama/comedy|VIER|GUESS WHO
knowledge|humanities/history|CANVAS|WIELRENNEN. RONDE VAN FRANKRIJK
sport|cycling (road)|EEN|WIELRENNEN. RONDE VAN FRANKRIJK
fiction|fantasy/fairy tale|EEN|PORKI ROBOPIG
fiction|action|VTM|OCTOPUSSY
fiction|action|EEN|FORT APACHE
fiction|comedy|VIJF|THE PACIFIER
fiction|comedy|VIER|POLICE ACADEMY IV
fiction|science fiction|Q2|DEEP IMPACT
fiction|science fiction|VTM|AFTER EARTH
fiction|action|Q2|THE LEGEND OF ZORRO
fiction|thriller|VIER|THE SENTINEL
knowledge|human interest/society|CANVAS|KLEINE HELDEN
sport|football|CANVAS|VB. EK. D. SCHIFT
fiction|action|Q2|AMERICAN HEIST
entertainment|variety|EEN|TOMTESTEROM
knowledge|nature/environment|EEN|LONDON ZOO
fiction|psychologic drama/melodrama|VIER|PRETTY WOMAN
entertainment|game|VIER|CHEF IN JE OOR
fiction|action|VTM|FOR YOUR EYES ONLY
sport|formula 1|CANVAS|F1. WK. GP. GROOT-BRITTANNIE (S.)
knowledge|medecin/health|VITAYA|DIAGNOSE GEZOCHT
fiction|adventure|EEN|LA GRANDE VADROUILLE
fiction|comedy|VIER|POLICE ACADEMY III
knowledge|nature/environment|CANVAS|ATLANTIC
fiction|action|Q2|SAVING PRIVATE RYAN
fiction|action|VIER|THE GUARDIAN
knowledge|human interest/society|CANVAS|STACEY DOOLEY ONDERZOEKT CANADA'S VERDWENEN MEISJES
lifestyle|cooking/food/drink|VTM|CHEF
lifestyle|travel/tourism|CANVAS|TOURIST GO HOME
knowledge|nature/environment|CANVAS|GREAT AMERICAN THAW
fiction|comedy|VIER|WILD HOGS
fiction|psychologic drama/melodrama|EEN|TOT ALTIJD
fiction|action|VTM|MOONRAKER
lifestyle|travel/tourism|VTM|VLAAMSE STREKEN
fiction|psychologic drama/melodrama|EEN|THE TERMINAL
fiction|action|Q2|RED SKY
fiction|adventure|VTM|THE MAN IN THE IRON MASK
fiction|science fiction|VTM|INDEPENDENCE DAY
knowledge|human interest/society|CANVAS|DE NEVEN VAN OZCAN AKYOL
fiction|thriller|VITAYA|ONE OF US
knowledge|human interest/society|EEN|TYPISCH MENSEN
fiction|popular drama/comedy|EEN|ALLEZ, EDDY!
fiction|action|VTM|THE SPY WHO LOVED ME
fiction|fantasy/fairy tale|Q2|THE LAST KINGDOM
fiction|psychologic drama/melodrama|EEN|SLEEPLESS IN SEATTLE
fiction|fantasy/fairy tale|VTM|DESPICABLE ME
fiction|fantasy/fairy tale|VIER|FROZEN
fiction|popular drama/comedy|VTM|PARENTAL GUIDANCE
fiction|action|Q2|THE SWEENEY
fiction|action|Q2|THE SCORPION KING 4, QUEST FOR POWER
fiction|psychologic drama/melodrama|VIER|DE IDIOTEN
fiction|popular drama/comedy|EEN|MADAM SECRETARY
fiction|science fiction|VTM|SUPER 8
knowledge|humanities/history|CANVAS|JACKIE WITHOUT JACK
fiction|thriller|VIER|STOLEN
sport|cycling (road)|EEN|WIELRENNEN. BK. ANTWERPEN. H.
sport|cycling (road)|EEN|WIELRENNEN. BK. ANTWERPEN. D. (S.)
knowledge|human interest/society|EEN|KARAKTERS
fiction|action|VTM|THE MAN WITH THE GOLDEN GUN
sport|basketball|CANVAS|BASKET. EK.
fiction|popular drama/comedy|EEN|LARRY CROWNE
knowledge|nature/environment|EEN|PETS, WILD AT HEART
fiction|thriller|CANVAS|SHERLOCK
sport|football|CANVAS|VB. CONFED.B. (S.)
fiction|science fiction|Q2|TRANSFORMERS, DARK OF THE MOON
fiction|psychologic drama/melodrama|CANVAS|THE GRADUATE
fiction|adventure|VIER|JOURNEY 2, THE MYSTERIOUS ISLAND
fiction|thriller|Q2|THE BAG MAN
fiction|fantasy/fairy tale|VTM|EVAN ALMIGHTY
sport|cycling (road)|VTM|WIELRENNEN. HALLE-INGOOIGEM
fiction|thriller|VIER|THE COLD LIGHT OF DAY
fiction|action|VTM|LIVE AND LET DIE
fiction|science fiction|VTM|THE MAZE RUNNER
fiction|thriller|Q2|THE SIEGE
fiction|popular drama/comedy|VTM|DATE NIGHT
fiction|popular drama/comedy|VTM|THIS IS 40
fiction|science fiction|Q2|I, ROBOT
fiction|popular drama/comedy|CANVAS|BEVERGEM
fiction|popular drama/comedy|VTM|RUNAWAY BRIDE
knowledge|humanities/history|CANVAS|6 JUIN 44, LA LUMIERE DE L'AUBE
lifestyle|travel/tourism|CANVAS|GREAT AMERICAN RAILROAD JOURNEYS
fiction|thriller|VIER|VALKYRIE
lifestyle|travel/tourism|EEN|KEVIN MCCLOUD'S ESCAPE TO THE WILD
knowledge|architecture/urbanism|CANVAS|SECRET CITIES
fiction|action|Q2|THE BOURNE ULTIMATUM
entertainment|game|VIER|PERFECT?
fiction|action|VIER|MAN ON FIRE
fiction|action|Q2|INGLOURIOUS BASTERDS
fiction|thriller|VIER|TRESPASS
lifestyle|travel/tourism|EEN|REIZEN WAES 12-12
fiction|action|VTM|BAD BOYS II
entertainment|music|EEN|ONE LOVE MANCHESTER
fiction|thriller|EEN|CATCH ME IF YOU CAN
fiction|action|VTM|RUSH HOUR III
fiction|popular drama/comedy|VIER|JUST GO WITH IT
sport|cycling (road)|VTM|WIELRENNEN. HEISTSE PIJL
fiction|action|VIER|CATWOMAN
fiction|psychologic drama/melodrama|CANVAS|A ROYAL AFFAIR
information|current affair|VTM|PRO DEO
entertainment|game|VTM|KAN U DE VRAAG NOG EENS HERHALEN?
fiction|action|Q2|THE PRINCE
entertainment|variety|VTM|DE UITVERKORENEN
fiction|comedy|VIER|COMEDY KINGS
fiction|action|Q2|THE ICEMAN
lifestyle|travel/tourism|VIER|JANI GAAT...
knowledge|human interest/society|CANVAS|TURKEY WITH SIMON REEVE
sport|motorcross|EEN|MOTORCROSS. WK. GP. FRANKRIJK (S.)
fiction|popular drama/comedy|EEN|A GOOD YEAR
fiction|fantasy/fairy tale|VIER|JACK THE GIANT SLAYER
fiction|popular comedy|VTM|YOURS, MINE & OURS
fiction|action|Q2|JARHEAD 2, FIELD OF FIRE
sport|football|EEN|RED FLAMES
knowledge|human interest/society|EEN|GIRLS WITH AUTISM
lifestyle|consumer advice|EEN|TOPSERVICE
entertainment|game|VIER|DE LEUGENDETECTOR
knowledge|nature/environment|EEN|MORBIHAN VANUIT DE HEMEL
fiction|action|VTM|RED 2
entertainment|game|Q2|PEKING EXPRESS
entertainment|humour|EEN|COPY BEEST
fiction|police|CANVAS|WALLANDER
fiction|science fiction|Q2|X-MEN, DAYS OF FUTURE PAST
fiction|action|VIER|EXECUTIVE DECISION
fiction|action|Q2|FIRE WITH FIRE
fiction|thriller|Q2|MAN ON A LEDGE
fiction|action|VTM|21 JUMP STREET
knowledge|culture/folklore/tradition|CANVAS|THE SILK ROAD
knowledge|other knowledge|EEN|BLANCHE, EEN PORTRET
lifestyle|cooking/food/drink|EEN|HET GOEIE LEVEN
fiction|popular drama/comedy|EEN|SISSI, SCHICKSALJAHRE EINER KAISERIN
fiction|science fiction|VIER|JUMPER
fiction|action|Q2|THE TRANSPORTER
knowledge|nature/environment|CANVAS|STEVE BACKSHALL'S EXTREME RIVER CHALLENGE
lifestyle|travel/tourism|EEN|JOANNA LUMLEY'S TRANS-SIBERIAN ADVENTURE
knowledge|nature/environment|EEN|DE HEBRIDEN VANUIT DE HEMEL
fiction|popular drama/comedy|EEN|EAT PRAY LOVE
fiction|popular comedy|Q2|LET'S BE COPS
fiction|action|CANVAS|A L'ARRACHE
fiction|psychologic drama/melodrama|CANVAS|THE IMITATION GAME
lifestyle|travel/tourism|EEN|DWARS DOOR FRANKRIJK
entertainment|game|VTM|MIJN POP-UP RESTAURANT
knowledge|nature/environment|EEN|BURGERS' ZOO, DRUKTE IN DE DIERENTUIN
lifestyle|miscellaneous|EEN|HET VOORJAAR VAN PHIL EN GREG
entertainment|variety|VTM|TOM SAYS THANKS!
fiction|thriller|CANVAS|THE LEVEL
fiction|popular comedy|VTM|DUMB AND DUMBER TO
fiction|popular drama/comedy|EEN|SISSI
fiction|action|Q2|PARKER
lifestyle|travel/tourism|EEN|ITALIEN, MEINE LIEBE
fiction|psychologic drama/melodrama|EEN|LA VIE EN ROSE
entertainment|game|EEN|MAG IK U KUSSEN?
sport|cycling (road)|VTM|BOONEN & FRIENDS
fiction|action|Q2|KINGDOM OF HEAVEN
sport|motorcross|EEN|MOTORCROSS. WK. GP. VALKENSWAARD (S.)
sport|jumping|EEN|PAARDENSPORT. JUMPING ANTWERPEN (S.)
fiction|science fiction|EEN|SOURCE CODE
fiction|adventure|Q2|LIFE OF PI
fiction|action|Q2|ACT OF VALOR
entertainment|talk|VTM|MOERKERKE EN DE VROUWEN
knowledge|human interest/society|CANVAS|WEDUWEN NA DE VAL
sport|cycling (road)|EEN|WIELRENNEN. AMSTEL GOLD RACE
sport|motorcross|EEN|MOTORCROSS. WK. GP. ITALIE (S.)
sport|cycling (track/piste)|EEN|WIELRENNEN. BAAN WK. HONG-KONG
fiction|popular comedy|VTM|NANNY MCPHEE
fiction|action|VIER|LETHAL WEAPON
fiction|popular drama/comedy|EEN|P.S. I LOVE YOU
fiction|action|Q2|IRON MAN II
fiction|popular drama/comedy|VITAYA|MESSAGE IN A BOTTLE
fiction|fantasy/fairy tale|VIER|OZ THE GREAT AND POWERFUL
fiction|action|Q2|THE BOURNE IDENTITY
fiction|other fiction|VIER|CHAUSSEE D'AMOUR
entertainment|talk|EEN|CATH & GASTEN
sport|cycling (road)|VTM|TOM BOONEN, MY RIDE, MY FIGHT, MY LIFE
information|special event|EEN|ALLES VOOR TOM
information|special event|EEN|VIVE TOM
sport|formula 1|EEN|F1. WK. GP. CHINA
fiction|adventure|EEN|THE ADVENTURES OF TINTIN, THE SECRET OF THE UNICORN
fiction|thriller|CANVAS|TRAPPED
knowledge|nature/environment|EEN|THIS WILD LIFE
fiction|thriller|Q2|NO GOOD DEED
entertainment|miscellaneous|EEN|DE TOPCOLLECTIE VAN
entertainment|music|VTM|THE BAND
knowledge|human interest/society|CANVAS|AMERICANOS
entertainment|talk|EEN|BART&GASTEN
information|current affair|CANVAS|IS IN HET VIZIER
knowledge|architecture/urbanism|CANVAS|ITALY'S INVISIBLE CITIES
lifestyle|human interest/society|VITAYA|VIND MIJN FAMILIE
fiction|popular comedy|EEN|THE GRAND SEDUCTION
fiction|fantasy/fairy tale|VIER|MALEFICENT
fiction|action|Q2|2 GUNS
fiction|popular comedy|EEN|GUESS WHO'S COMING TO DINNER
fiction|action|Q2|THE MAN WITH THE IRON FISTS
sport|cycling (road)|EEN|WIELRENNEN. 3-DAAGSE DE PANNE - KOKSIJDE
lifestyle|home/decorating|EEN|WONEN.TV
lifestyle|human interest/society|EEN|19 KIDS AND COUNTING
sport|football|CANVAS|VB. VRIEND
sport|cycling (road)|EEN|DE RONDE 100
fiction|police|VIER|NCIS, NEW ORLEANS
fiction|thriller|Q2|DOUBLE JEOPARDY
fiction|police|EEN|LE SANG DE LA VIGNE
fiction|thriller|EEN|PENOZA
fiction|thriller|Q2|13
fiction|popular comedy|VIER|THE INTERNSHIP
information|special event|EEN|22/3, 1 JAAR LATER
knowledge|geography/science|EEN|APULIE VANUIT DE HEMEL
fiction|fantasy/fairy tale|EEN|THE WATER HORSE
fiction|science fiction|VIER|GRAVITY
fiction|adventure|VTM|THE RIVER WILD
sport|other cycling|VTM|WIELRENNEN. HANDZAME CLASSIC
sport|football|OP 12|VB. C3 UEFA 1/8F
information|current affair|EEN|22/3, HET ONDERZOEK
fiction|thriller|VIJF|COMPLEX
knowledge|nature/environment|EEN|FROM HELL TO HEAVEN, LUSATIA
knowledge|geography/science|EEN|SENEGAL VANUIT DE HEMEL
sport|athletics (field/cross)|EEN|VELDLOPEN. BK. WACHTEBEKE
fiction|popular drama/comedy|EEN|JULIE & JULIA
fiction|action|Q2|IRON MAN
fiction|police|VIJF|ASTRID
sport|athletics (track/piste)|EEN|ATLETIEK. EK. BELGRADO
sport|motorcross|EEN|MOTORCROSS. WK. GP. INDONESIE (S.)
sport|other sports|EEN|BILJART. ANTWERPEN. FIN.
sport|other cycling|VTM|WIELRENNEN. MUSEEUW CLASSICS
knowledge|humanities/history|CANVAS|TREASURES OF ANCIENT EGYPT
knowledge|human interest/society|EEN|VIRGIN ATLANTIC, UP IN THE AIR
fiction|popular drama/comedy|EEN|MEDICI, MASTERS OF FLORENCE
knowledge|culture/folklore/tradition|CANVAS|OP ZOEK NAAR FRANKRIJK
fiction|popular drama/comedy|VITAYA|THE OTHER WIFE
fiction|popular comedy/drama|VTM|DADDY DAY CARE
lifestyle|consumer advice|VTM|GEZOND VERSTAND
sport|other cycling|VTM|WIELRENNEN. GP. SAMYN
sport|athletics (field/cross)|EEN|VELDLOPEN. DOUR (S.)
sport|motorcross|EEN|MOTORCROSS. WK. GP. QATAR (S.)
knowledge|geography/science|EEN|QUEBEC VANUIT DE HEMEL
fiction|popular drama/comedy|EEN|UP IN THE AIR
fiction|popular comedy/drama|EEN|TOOTSIE
fiction|adventure|VTM|ICE AGE, CONTINENTAL DRIFT
fiction|action|Q2|THE WOLVERINE
fiction|popular drama/comedy|VIJF|THE BODYGUARD
fiction|adventure|VIER|PIRATES OF THE CARIBBEAN, ON STRANGER TIDES
fiction|action|Q2|JARHEAD
sport|football|OP 12|VB. C3 UEFA 1/16F
knowledge|nature/environment|EEN|ALASKA'S WILD PENINSULA
fiction|action|VTM|2 FAST 2 FURIOUS
sport|cycling (cross)|EEN|VELDRIJDEN. LEUVEN
fiction|action|EEN|THE AMAZING SPIDER-MAN
fiction|action|VTM|MORTDECAI
fiction|action|Q2|XXX, STATE OF THE UNION
information|current affair|EEN|OP STRAAT
fiction|thriller|EEN|THE MISSING
knowledge|nature/environment|EEN|SYDNEY ZOO
fiction|police|VIER|BULL
fiction|popular drama/comedy|EEN|HYSTERIA
fiction|adventure|VTM|TEENAGE MUTANT NINJA TURTLES
entertainment|other entertainment|Q2|REAL LIFE HULKS
sport|tennis|EEN|TENNIS. FED CUP BELGIE/ROEMENIE
sport|tennis|CANVAS|TENNIS. FED CUP BELGIE/ROEMENIE
fiction|popular comedy/drama|Q2|JOHNNY ENGLISH
sport|cycling (cross)|EEN|VELDRIJDEN. HOOGSTRATEN
knowledge|nature/environment|EEN|NATURAL BORN HUSTLERS
sport|cycling (cross)|EEN|VELDRIJDEN. KAWATENCROSS
fiction|thriller|VTM|CAPTAIN PHILLIPS
fiction|adventure|Q2|KING ARTHUR
sport|cycling (cross)|VTM|VELDRIJDEN. MALDEGEM
entertainment|variety|VTM|DYNAMO, MAGICIAN IMPOSSIBLE
knowledge|nature/environment|CANVAS|MYTHOS KONGO FLUSS DER EXTREME
knowledge|humanities/history|EEN|KROONPRINSEN
sport|cycling (cross)|EEN|VELDRIJDEN. WK. BIELES
sport|cycling (cross)|EEN|TERUGBLIK WK. VELDRIJDEN
entertainment|music|EEN|10 JAAR DE MIA'S
sport|cycling (cross)|CANVAS|VELDRIJDEN. WK. BIELES
fiction|popular comedy/drama|EEN|HITCH
fiction|thriller|CANVAS|MIDNIGHT SUN
fiction|popular comedy/drama|VTM|IDENTITY THIEF
entertainment|travel/tourism|VTM|LIGT ER FLAN OP DE MONT BLANC?
fiction|action|VIER|LETHAL WEAPON 4
knowledge|medecin/health|EEN|YOUNG VETS
entertainment|game|EEN|DE ALLESWETER
fiction|popular drama/comedy|EEN|HET EILAND
entertainment|variety|VTM|PLANET'S GOT TALENT
knowledge|travel/tourism|CANVAS|STEPHEN FRY IN CENTRAL AMERICA
sport|cycling (cross)|EEN|VELDRIJDEN. HOOGERHEIDE
fiction|action|EEN|SHERLOCK HOLMES, A GAME OF SHADOWS
fiction|adventure|VTM|CLOUDY WITH A CHANCE OF MEATBALLS 2
fiction|action|VIER|LETHAL WEAPON III
fiction|action|EEN|THE LONG KISS GOODNIGHT
fiction|thriller|VITAYA|GIRL MISSING
sport|cycling (cross)|EEN|VELDRIJDEN. LATIO (S.)
knowledge|nature/environment|EEN|LE CONTINENT DES COULEURS
entertainment|humour|VTM|GASTON EN LEO
fiction|thriller|EEN|THE IMPOSSIBLE
fiction|fantasy/fairy tale|VTM|DE SMURFEN
fiction|popular drama/comedy|VTM|WALK THE LINE
fiction|action|VIER|LETHAL WEAPON II
information|special event|EEN|M/V VAN HET JAAR
information|economy/politics/society affairs|EEN|DE FISCUS
knowledge|nature/environment|EEN|THE WORLD'S ODDEST ANIMAL COUPLES
sport|cycling (cross)|EEN|VELDRIJDEN. BK. OOSTENDE
sport|all sports|EEN|SPORTZOMER
lifestyle|cooking/food/drink|VTM|ZIJN ER NOG KROKETTEN?
fiction|adventure|EEN|UP
fiction|adventure|VTM|ICE AGE II
fiction|popular comedy/drama|VTM|MRS. DOUBTFIRE
entertainment|other entertainment|VTM|SPECIAL FORCES
fiction|adventure|VIER|MET MAN EN MACHT
entertainment|variety|VTM|DEZE IS VOOR JOU
fiction|fantasy/fairy tale|EEN|MARY POPPINS
fiction|thriller|EEN|ALS DE DIJKEN BREKEN
lifestyle|show business/variety/stars|EEN|IN HET SPOOR VAN DE ROMEO'S
entertainment|humour|Q2|JEFF DUNHAM, ALL OVER THE MAP
entertainment|variety|EEN|MAG IK U HET JAAR UIT KUSSEN?
entertainment|music|VTM|RADIO GUGA INTEAM!
entertainment|music|VTM|WAUTERS & VAN GEEL IN CONCERT
fiction|fantasy/fairy tale|EEN|TARZAN
entertainment|humour|CANVAS|VAN PEEL OVERLEEFT 2016
sport|cycling (cross)|VTM|BRICO CROSS BREDENE
fiction|action|Q2|BRAVEHEART
knowledge|humanities/history|CANVAS|DE PEN EN HET ZWAARD
information|current affair|VIER|ACHTER DE RUG
entertainment|humour|EEN|GEERT HOSTE MAAKT HET LAND BETER
information|general news|EEN|TERUGBLIK 2016
lifestyle|show business/variety/stars|VTM|ROYALTY
fiction|action|Q2|DIE HARD
lifestyle|travel/tourism|EEN|PARIJS VOOR EEN KLEINE PRIJS
entertainment|humour|EEN|GEERT HOSTE JUMP
fiction|fantasy/fairy tale|EEN|BRAVE
entertainment|variety|CANVAS|CIRQUE DU SOLEIL
fiction|fantasy/fairy tale|VTM|DR. SEUSS' HOW THE GRINCH STOLE CHRISTMAS
entertainment|music|EEN|A KYLIE CHRISTMAS
entertainment|music|CANVAS|LEONARD COHEN, LIVE IN DUBLIN
lifestyle|love/dating|EEN|TROUW MET MIJ
sport|cycling (cross)|EEN|VELDRIJDEN.
entertainment|game|VIER|DE SLIMSTE MENS TER WERELD
information|general news|EEN|HET 7 UUR-JOURNAAL
lifestyle|show business/variety/stars|EEN|IEDEREEN BEROEMD
entertainment|game|EEN|BLOKKEN
lifestyle|cooking/food/drink|EEN|OVER ETEN VIERT FEEST
information|general news|VTM|NIEUWS 19U VTM
fiction|popular soap|VTM|FAMILIE
entertainment|humour|VTM|WAT ALS?
information|general news|EEN|HET 1 UUR-JOURNAAL
fiction|police|VTM|DE BUURTPOLITIE
sport|all sports|VTM|STADION
information|general news|EEN|TERUGBLIK 2016
information|general news|EEN|HET JOURNAAL LAAT
entertainment|variety|VTM|DEZE IS VOOR JOU
information|general news|VTM|NIEUWS 13U VTM
lifestyle|cooking/food/drink|VTM|DE KEUKEN VAN SOFIE
information|current affair|CANVAS|DE AFSPRAAK
information|current affair|VTM|TELEFACTS
knowledge|nature/environment|CANVAS|PLANET EARTH II
entertainment|music|VIER|THE SHOW MUST GO ON
fiction|thriller|EEN|PARTNERS IN CRIME
information|general news|EEN|2016
entertainment|humour|EEN|TOON HERMANS, ONE MAN SHOW
fiction|science fiction|Q2|RIDDICK
lifestyle|cooking/food/drink|EEN|JAMIE'S NIGHT BEFORE CHRISTMAS
fiction|popular drama/comedy|VIER|NIEUWE BUREN
sport|athletics (field/cross)|EEN|VELDLOPEN. EK. SARDINIE
sport|gymnastic|EEN|GYM. ART. WK. ANTWERPEN
fiction|popular drama/comedy|EEN|FC DE KAMPIOENTJES
fiction|popular drama/comedy|EEN|THE FAMILY MAN
sport|cycling (cross)|EEN|MOUNTAINBIKE. CROCODILE TROPHY
knowledge|medecin/health|EEN|MIJN EETSTOORNIS EN IK
fiction|thriller|VIER|THE BLACKLIST
lifestyle|travel/tourism|VTM|DE VETSTE VAKANTIE
sport|cycling (cross)|EEN|VELDRIJDEN. FRANCORCHAMPS
fiction|action|EEN|MISSION IMPOSSIBLE
fiction|thriller|VIER|THE DA VINCI CODE
fiction|thriller|VIER|NOW YOU SEE ME
sport|cycling (cross)|EEN|VELDRIJDEN. FLANDRIENCROSS
fiction|science fiction|Q2|THE CHRONICLES OF RIDDICK
sport|football|OP 12|VB. C3 UEFA SCHIFT
sport|basketball|EEN|BASKET. EK.
knowledge|travel/tourism|EEN|BILLY CONNOLLY'S TRACKS ACROSS AMERICA
fiction|thriller|Q2|THE INTERNATIONAL
fiction|science fiction|Q2|WATERWORLD
entertainment|variety|VTM|OVER DE STREEP
knowledge|nature/environment|EEN|ATTENBOROUGH'S BIRDS OF PARADISE
fiction|popular drama/comedy|EEN|WORKING GIRL
knowledge|photo/film/cinema|EEN|FROM THE SKY DOWN
fiction|science fiction|Q2|PROMETHEUS
fiction|popular drama/comedy|EEN|CASABLANCA
entertainment|variety|VTM|JONAS & VAN GEEL
information|special event|CANVAS|AMERIKA KIEST
sport|handball|EEN|HANDBAL. EK. KWALIF
sport|cycling (cross)|EEN|VELDRIJDEN. WK. SINT-NIKLAAS
fiction|thriller|CANVAS|LA TREVE
fiction|popular drama/comedy|VIJF|THE PARENT TRAP
lifestyle|home/decorating|EEN|GEORGE CLARKE'S AMAZING SPACES
fiction|popular drama/comedy|VIJF|NIEUWE BUREN
sport|cycling (cross)|EEN|VELDRIJDEN. KOPPENBERG
sport|athletics (field/cross)|EEN|VELDLOPEN. EK.
knowledge|nature/environment|EEN|FABULOUS FROGS
fiction|popular drama/comedy|EEN|GHOST TOWN
fiction|action|Q2|VAN HELSING
knowledge|media|EEN|HALLO TELEVISIE!
fiction|popular soap|EEN|THUIS
information|general news|EEN|HET 7 UUR-JOURNAAL
entertainment|game|VIER|DE SLIMSTE MENS TER WERELD
lifestyle|show business/variety/stars|EEN|IEDEREEN BEROEMD
lifestyle|consumer advice|EEN|VOOR HETZELFDE GELD
entertainment|game|EEN|BLOKKEN
information|general news|VTM|NIEUWS 19U VTM
fiction|popular soap|VTM|FAMILIE
fiction|police|VTM|DE BUURTPOLITIE
information|current affair|EEN|PANO
entertainment|variety|VTM|HET GROOTSTE LICHT
information|general news|EEN|HET 1 UUR-JOURNAAL
information|human interest/society|VTM|HELDEN VAN HIER, DOOR HET VUUR
sport|all sports|VTM|STADION
information|general news|EEN|HET JOURNAAL LAAT
entertainment|talk|EEN|VAN GILS & GASTEN
lifestyle|mode/lifestyle|VIJF|ZO MAN, ZO VROUW
fiction|popular drama/comedy|VIJF|NIEUWE BUREN
information|general news|VTM|NIEUWS 13U VTM
fiction|popular soap|EEN|NEIGHBOURS
entertainment|game|VIER|EEUWIGE ROEM
knowledge|nature/environment|EEN|USHUAIA
sport|cycling (cross)|EEN|VELDRIJDEN. VALKENBURG (S.)
sport|athletics (field/cross)|EEN|VELDLOPEN. GENT (S.)
fiction|psychologic drama/melodrama|EEN|NOW IS GOOD
fiction|adventure|Q2|PERCY JACKSON & THE LIGHTNING THIEF
fiction|action|VIER|MR. & MRS. SMITH
sport|cycling (road)|EEN|WIELRENNEN. WK. QATAR
sport|cycling (road)|CANVAS|WIELRENNEN. WK. QATAR
fiction|popular drama/comedy|EEN|THERE'S SOMETHING ABOUT MARY
sport|cycling (road)|EEN|WIELRENNEN. WK. QATAR D.
sport|cycling (cross)|VTM|VELDRIJDEN. KRUIBEKE
entertainment|variety|VTM|LITTLE BIG SHOTS MET NATHALIE MESKENS
fiction|action|Q2|BEHIND ENEMY LINES
fiction|police|VIER|CASTLE
fiction|thriller|VTM|CORDON
sport|cycling (cross)|EEN|VELDRIJDEN. RONSE
fiction|psychologic drama/melodrama|EEN|THE OTHER BOLEYN GIRL
fiction|popular drama/comedy|VIER|THE PACIFIER
fiction|popular drama/comedy|EEN|FLYING DOCTORS
lifestyle|human interest/society|VIER|KROOST
sport|cycling (cross)|EEN|VELDRIJDEN. GIETEN
sport|cycling (road)|EEN|WIELRENNEN. RONDE VAN LOMBARDIJE
sport|golf|EEN|GOLF. RYDER CUP
sport|cycling (cross)|EEN|MOUNTAINBIKE. WB. FIN TRIAL ANTWERPEN
